time,k_4,k_6,k_8,k_10,k_12,k_14,k_16,k_18,k_20,k_22,k_24
0.0,0.09090909090909091,0.09090909090909091,0.09090909090909091,0.09090909090909091,0.09090909090909091,0.09090909090909091,0.09090909090909091,0.09090909090909091,0.09090909090909091,0.09090909090909091,0.09090909090909091
0.05,0.0894644793243338,0.09028191934215103,0.09243883528544074,0.09612974199097635,0.10153826082021725,0.09569878121376138,0.09110280968655841,0.08789826462996148,0.08600409561156722,0.08500478054740687,0.08443803154762548
0.1,0.08802367203804443,0.08953160946817885,0.09376159112595474,0.10080570514569852,0.11139703222928096,0.0999794696333497,0.09115453059209802,0.08514612293684223,0.08161705374922562,0.07979610068989236,0.07878711239143456
0.15000000000000002,0.08657338187669651,0.08880654725106486,0.09486150111624587,0.10508280717909402,0.12047358116684279,0.10375339423271689,0.09112276153957191,0.08261248806652584,0.07772855197762278,0.07517629336300737,0.07380869223061114
0.2,0.08519606723579608,0.08804517542200017,0.09580552034583846,0.10896222503891194,0.12891141409347817,0.1070469060969412,0.09103655956286437,0.08027027628224477,0.07424202373893364,0.07105907589762923,0.069424756285362
0.25,0.0838792640627706,0.08725003532422734,0.09655245562420545,0.11246473772540733,0.13680056481283054,0.11001482641895188,0.09086316859599695,0.07811190625117474,0.07107129924095802,0.06744265158928829,0.06554909035418888
0.30000000000000004,0.08266696389626124,0.086408146892655,0.09714382489183115,0.11563476210891398,0.14405290083751968,0.11272313754100219,0.09064400057831247,0.07614016542573841,0.06823577577629453,0.06422396923652932,0.06212635281494209
0.35000000000000003,0.08149362916400832,0.08555058636683986,0.09761583445830042,0.11846985082290072,0.15083158681916972,0.11515575392820736,0.09038887752118101,0.07432190695370743,0.06566734294342387,0.06139749209447337,0.0591071389277878
0.4,0.08034024692464749,0.08473074790821444,0.09798682197863,0.1209927863489853,0.1572006421068736,0.11729852462275611,0.0900889707238142,0.0726589924073456,0.06333792731857248,0.05891088498813018,0.05645345467203054
0.45,0.07921461336160289,0.08392314822175637,0.0982745944099377,0.12323919763821653,0.16302689354096925,0.11931075661993908,0.08976576523944062,0.07112939087232731,0.06126575651857947,0.05672054862099413,0.0541293349562366
0.5,0.07808062553548159,0.08313795693116434,0.09847674098929447,0.12527038712039135,0.16848243440104438,0.12112894975515746,0.08940364920280683,0.06974884344798415,0.05942563375361429,0.0547685269141276,0.05207625194893349
0.55,0.07697476505821613,0.08238627187499549,0.09863860971169007,0.12714198633950516,0.1735028995768163,0.12275750247067221,0.08901756916510625,0.06849069942576237,0.057810468010675145,0.05299571100495788,0.05028351736160287
0.6000000000000001,0.07591729736515819,0.08169125292248522,0.09872193333819088,0.12887228376549165,0.1781585817415562,0.124221215080834,0.08862911791870255,0.06734324143585695,0.05634278878846808,0.051394224586859,0.04870806305639741
0.65,0.07499316377774791,0.08107762437551191,0.09872513458449084,0.13039979492578785,0.18240308850595238,0.12551492767630582,0.08824976665719389,0.06628564996292066,0.055023574711535586,0.05000763774929409,0.04731963707325889
0.7000000000000001,0.07413064927756977,0.08049808121241624,0.09868497890856451,0.1317135804225209,0.1863397238928919,0.12674192761915892,0.08786893512549096,0.06530086316274639,0.053834945300890294,0.04878376867845084,0.04610254639929926
0.75,0.07339948121676126,0.07992807052258041,0.09865513042069407,0.1329519559625423,0.19003061859958076,0.12771396103525304,0.08747339926504757,0.06441353567280395,0.05274524014767912,0.04767188960935144,0.04501671754770603
0.8,0.07274951387016926,0.07940768612798964,0.09862512717689897,0.13402063484856996,0.19341001794027857,0.12856173915732783,0.08707560976443189,0.06360743031993564,0.0518067494143757,0.04667366491068227,0.04406182646934029
0.8500000000000001,0.07210384838938415,0.07891327407746433,0.09859426393242617,0.1349955432777606,0.19659563596410773,0.12927448855366497,0.08670094032535929,0.0628712090186139,0.050970674900337326,0.04578403421608809,0.04319608734479343
0.9,0.07148647210059894,0.07843486931097354,0.09853033083353364,0.13580155593004106,0.19963786102738293,0.12998142017899103,0.08632521851398181,0.06218843626460156,0.05021377187055926,0.04499757872450179,0.04240248524483448
0.9500000000000001,0.07091490603019555,0.0779276264776334,0.09843348544077028,0.13648568483994047,0.20257189644723717,0.13068092703833567,0.08596807288760214,0.061552114630660085,0.04951467820380449,0.04426978768324059,0.04168082032058015
1.0,0.07038049872710961,0.0774412720301501,0.098296218707726,0.1370341098555905,0.20530893812149056,0.13138388281922367,0.08563056164840487,0.06096504104470626,0.048901029896544344,0.04362823025208894,0.041030216896965135
1.05,0.06990800661796677,0.07699920288126462,0.09810366355953212,0.13746911139051282,0.20787179901242517,0.13202707642476566,0.08531484863095853,0.06043319395823813,0.04836904650803255,0.04306469339424863,0.040439357622055035
1.1,0.06945882188799381,0.07656402308367934,0.09792145110026455,0.13788927172512588,0.21024421733627272,0.13265482674588708,0.08500609410333114,0.05991801349963736,0.047877870489466144,0.04256401814709672,0.03990139188124529
1.1500000000000001,0.06906965824777717,0.07621459317485117,0.09772312150316405,0.13819674126333584,0.2123820524763548,0.1332733512025758,0.08472430778278738,0.05943866299694597,0.04742861815006399,0.04210699260591937,0.03944190059622453
1.2000000000000002,0.06872507553937095,0.0758787806172156,0.09755483124729976,0.13839898549875598,0.21455890781055734,0.13376012159636527,0.08445109777758746,0.05898252407895613,0.04700433033061073,0.04168547521911129,0.0389998702841694
1.25,0.06849136492164459,0.07553125290704067,0.09741623429023219,0.1385627434448508,0.2165648872662853,0.1341657184083662,0.08419635702365855,0.05853485929528973,0.046631505519529,0.04128513665565821,0.038619940267444794
1.3,0.06826151119042623,0.07526687657151539,0.0972433304199498,0.1387104633554612,0.2182986116517739,0.1346412983936828,0.08395525203252333,0.05810482647643404,0.04627773143691114,0.04094515716238364,0.03829494130893853
1.35,0.06799577641474541,0.07503642937990108,0.09710355281081452,0.13883565780277216,0.21992757788692863,0.1350210965461484,0.08373932170866392,0.05773971018836836,0.04597113596552355,0.04062957154816632,0.03800016974796765
1.4000000000000001,0.06777988581586163,0.07478582219595731,0.09691979750363923,0.13890606628701485,0.22147933328549924,0.13545154431427694,0.08353149470479254,0.057373690809073306,0.04568888228992627,0.04034206954318638,0.037741413250772335
1.4500000000000002,0.06760829577341702,0.07455774241365425,0.09671576323268719,0.13900262796889498,0.22288674847064566,0.13583298640231026,0.08332779761356346,0.05705758341142844,0.045425847105745744,0.040071531436373604,0.03751307617127947
1.5,0.06745426488620335,0.07440243969705988,0.09649807580007057,0.139081881749787,0.22416319135010135,0.13616077730879572,0.08312324698736494,0.05675833978912803,0.045196662832893295,0.03985264247187963,0.037308477126716325
1.55,0.06734110970076139,0.07426783687147433,0.09628904567507143,0.1391591105312945,0.22537943761930984,0.1364306481585729,0.0829178240924259,0.05648300289969825,0.04495553493874825,0.03965943778663275,0.037117011726010465
1.6,0.06722364594152282,0.0741347436960561,0.09609441015923402,0.13918432522527852,0.22662149789879565,0.13664720316811235,0.08271971105331732,0.056243144049052424,0.04470202363382204,0.039474828627863154,0.036954466546945626
1.6500000000000001,0.06712932607989706,0.07400918972850459,0.09594019565421971,0.13916402202763745,0.22775661985215137,0.13681958298761057,0.08254095656344711,0.05601100655806991,0.044490297168535975,0.03932546138125577,0.03681334199867048
1.7000000000000002,0.06703986463273111,0.07387593403489084,0.09576111486435968,0.13915810450861293,0.22902325875262855,0.13686090130656475,0.08235034805452913,0.055790594129419606,0.044314916162432376,0.03916801926726256,0.03665694428656844
1.75,0.06696467077764268,0.07377229247823043,0.09554048461980491,0.13918780942428474,0.23015055362192682,0.13686497761299032,0.08218420618585953,0.05562689679721677,0.04413458581714251,0.03902292812706583,0.0365505945378354
1.8,0.06688008083767653,0.07368089951176737,0.0953496173907241,0.13924160455325718,0.23122388299741417,0.13680409675916846,0.08203174390550452,0.05547650829105853,0.04396480936614704,0.03890341860046169,0.03644333778682047
1.85,0.06677837002711688,0.07359114141662927,0.09514896765887532,0.13923732120541507,0.23235703284232484,0.13672675745609236,0.08187312253438131,0.055341217626181334,0.043812220012762915,0.03880085737274927,0.03633299184747152
1.9000000000000001,0.06667822616712663,0.07345066376185849,0.09494239481707321,0.13930099687135292,0.2333906267688914,0.1366774139186763,0.08171044634970684,0.05524700352672547,0.04368521481489633,0.03869088705911334,0.03622612594457896
1.9500000000000002,0.06657507475964468,0.0733116409184741,0.09477882473747078,0.13940366462575604,0.23432626903943293,0.1366299205606552,0.08154590093891526,0.05512280339281612,0.04356483460668729,0.03860859527396601,0.03613247114618158
2.0,0.06648193051804542,0.07318554136350684,0.09461347172932147,0.13950569864634685,0.23520944770570912,0.13654113602115314,0.08141065841328703,0.054996219008316194,0.04343659475351611,0.03853848942763648,0.036080812413161245
2.0500000000000003,0.06640211517385035,0.07304522873024222,0.09445936267835277,0.1395811751479956,0.2360737985563095,0.13641034933578808,0.0812946477958188,0.054870829596792174,0.04334734071067866,0.038482197183205114,0.03603295509096682
2.1,0.06631272550654826,0.07289450814604603,0.09437148827794646,0.13967441933732283,0.23691827393586196,0.13625535974187086,0.08118663180490848,0.05473282362092776,0.043285087317881554,0.03840263728570584,0.03596604502497997
2.15,0.06621171698934158,0.0728005698470442,0.09426869721351808,0.13978200947195588,0.23777876516845783,0.13605609484885448,0.08105793507363704,0.05458410453343543,0.04323476553834914,0.038324285848616226,0.035901055466790004
2.2,0.06614618028584539,0.0726503835418181,0.09414963778938187,0.13997996468434284,0.23844201824008532,0.13584271493909095,0.08094633809706582,0.054480276548101794,0.04321216178845075,0.0382637230396426,0.0358866010461744
2.25,0.0660827667238032,0.07250686147618603,0.09401567461250511,0.14026434430998244,0.23895788486382816,0.13568713998554074,0.08085327784673572,0.054390717096006694,0.043176088309735516,0.0382165865524773,0.03584865822319913
2.3000000000000003,0.06606232138021823,0.07238774951244169,0.09384904248708316,0.14052632208733937,0.23943079318571278,0.13551408642749868,0.08077769242364406,0.05429707782783012,0.043142650508518024,0.03820400499115403,0.03580825916855993
2.35,0.06602808240490515,0.07227937417883346,0.09365725688561201,0.14079287041800465,0.2398526276243528,0.13542272454156873,0.08071100603321026,0.054201273524437085,0.04311260485509628,0.03818706130599906,0.03575511822798059
2.4000000000000004,0.06599176837630578,0.07218112307531607,0.09359525064862874,0.14100530696035088,0.24016593644886372,0.13529877282742284,0.08066066967431769,0.054107296709241,0.04308478090071573,0.03818076947380501,0.035728324905032506
2.45,0.06593924856962317,0.0720816519307758,0.09353457139292398,0.14118991822602947,0.24040294141554214,0.13525240980055808,0.08062173270577708,0.05402489107967036,0.04307376681812985,0.03815979123639441,0.035719076824575584
2.5,0.0658806622054811,0.07196869602304001,0.09344173713716,0.14135307449794304,0.2406952253975741,0.13521468275129622,0.08057809564224926,0.05396298694758606,0.04306762063851268,0.0381337472360542,0.03570347152310323
2.5500000000000003,0.06579616756917062,0.07187333474555191,0.09333238010474577,0.1415186396139888,0.24104063617648666,0.1351681937824854,0.08052092350025686,0.05390725440380859,0.043033401420482856,0.03812312375215098,0.035685944930871405
2.6,0.06570491961536463,0.07179655204023386,0.09320999883076828,0.14172531306806754,0.24141303666366407,0.13503829797990013,0.08047600601477119,0.05386958544561758,0.042993241869391546,0.03810696251139766,0.035666085960823414
2.6500000000000004,0.06566847814815714,0.07172198720688915,0.09305568501909378,0.14197535777617581,0.24180081783608093,0.13484740922184826,0.08041802902993056,0.0538476467568295,0.04292087115574162,0.03809648364032169,0.03564723420893158
2.7,0.06563253882960522,0.0716947342476435,0.09293093672942529,0.1421596323625326,0.24209943008257773,0.13463175784520895,0.08037558653390137,0.05385277556916671,0.04286302860558676,0.038105338299430774,0.03565424089492116
2.75,0.06560393067721738,0.07170534244289349,0.09278933190070623,0.1423790505724863,0.24235856062095357,0.13439719737198108,0.0803389096516382,0.053848307179279555,0.04281193598619421,0.038098351572445725,0.03566908202420435
2.8000000000000003,0.06552282287536375,0.0717260014550547,0.09259659388818245,0.14262011673209016,0.24257165725659005,0.13424761507209096,0.08029656454883012,0.0538795701828012,0.042775846646171706,0.0380756478056582,0.03568756353716672
2.85,0.06545673844280951,0.07176827269241712,0.09247430935648411,0.14283472153017868,0.24258828979691835,0.1341731544748369,0.08025175320980896,0.05394174995164388,0.04272911853174275,0.038070995249235004,0.03571089676392469
2.9000000000000004,0.06541808236237175,0.07177348410903797,0.09236579560218297,0.14301303548309885,0.2426698817502068,0.1341157618941131,0.08019840001775239,0.053979000443658304,0.04266053634284058,0.038083599973943345,0.0357224220207939
2.95,0.06536285241391325,0.07175150130858228,0.0922662784699795,0.1431927663585744,0.2427953406248119,0.1340025576344579,0.0801570165113545,0.05400013729293131,0.042609187158403,0.03810968869959997,0.03575267352739194
3.0,0.06531113356996725,0.07172899384707743,0.0921864947354088,0.14334377085575434,0.24296039129509917,0.13390154425123965,0.0800952610758069,0.05399582860966178,0.04256992456542383,0.038105961369878705,0.03580069582468226
3.0500000000000003,0.06525280505513366,0.07174630288716599,0.09211370530589226,0.14348065894020748,0.24305739034014529,0.13387587278437277,0.0800405568931077,0.05398667686103388,0.04253500380402313,0.03809642755832642,0.035814599570591334
3.1,0.06521001223579409,0.07173330082702893,0.09201516184412402,0.1435500180525757,0.24314547680657767,0.13395849807217697,0.0799699666873167,0.054004297468389265,0.04249714133864304,0.03810499849303091,0.03581112817434273
3.1500000000000004,0.06517706586094232,0.07174092582971404,0.09192633657211845,0.14363808341429887,0.24315431754535466,0.13411269905573348,0.07986157522645251,0.05401332235210236,0.042479314384316375,0.03809548900779232,0.03580087075117477
3.2,0.06510245553635366,0.07174310030445077,0.09180884950531049,0.14367790387433765,0.2433423899497337,0.13421687404335106,0.0797897167244218,0.05399594915103491,0.04245789547773098,0.03807285865043327,0.035792006782841675
3.25,0.06497750923428641,0.07176480154170908,0.09170390313809133,0.1437317836152849,0.24350661469184223,0.1343235919239689,0.07969290925596592,0.053990090760761666,0.04245364991362426,0.038058263215108086,0.035796882709357165
3.3000000000000003,0.06482962022700192,0.07177852325328413,0.09159838557936578,0.14370199050660945,0.24376557906562776,0.13446937139814877,0.07959727134152617,0.05396746605951072,0.042468196429822996,0.03803799814949409,0.03578559798960825
3.35,0.06466098168229167,0.07178656465450582,0.09150320605819025,0.14366632044899819,0.24409687854300566,0.13462043874067647,0.07948494951666751,0.053924023318039194,0.042472394812556644,0.03800144580540881,0.03578279641965981
3.4000000000000004,0.0645065016738973,0.07179313341073619,0.09135045610931859,0.14368879707216853,0.2443286668768753,0.1347789221753293,0.07939978417028115,0.05391047880149414,0.04248763432015215,0.037976089441276555,0.03577953594847083
3.45,0.06438645696033203,0.07180284451953156,0.09117407811378804,0.14375010145883657,0.24450648785228576,0.1349067840236618,0.07932224022791587,0.05388195384184469,0.04251024864673635,0.037976360403685794,0.03578244395138148
3.5,0.0642449089986874,0.07181484618029216,0.09100540153962564,0.14381431095121747,0.24471942735367577,0.1349922061183494,0.07930249381974284,0.05381761314998339,0.04252210247521957,0.03797386996794746,0.035792819445258854
3.5500000000000003,0.06408507842576991,0.07180744243519224,0.09080717669503996,0.1438382898984769,0.24508054203691837,0.13510487564894672,0.07928104988108432,0.05373548965201233,0.04251501859007675,0.0379412516246573,0.03580378511182535
3.6,0.06394532756658632,0.07181410570164037,0.09061328910411895,0.14388847541182195,0.24528722372428755,0.1352196443807881,0.07927637954888647,0.05369144773983122,0.04250345727139276,0.03794207446191195,0.035818575088734386
3.6500000000000004,0.06379781181234258,0.07183042572454351,0.09040800003838077,0.14395657264658532,0.245579916848066,0.13519305264649603,0.07926005106729318,0.05365739917104126,0.0425085525021022,0.03796377148634111,0.035844446056808074
3.7,0.06371908475866106,0.07183791471167693,0.09029613017254345,0.14400610655812068,0.24589248837367772,0.13512838902498114,0.07918739597173052,0.053611263804328256,0.04250516470701342,0.03797166516942639,0.03584439674784047
3.75,0.06362532375705172,0.07181590757708459,0.09019343978862568,0.14399528669497894,0.2462411237599762,0.1350931789237961,0.07914779061981644,0.0535871490833602,0.0424821510924765,0.03799222620507954,0.035826422497753946
3.8000000000000003,0.06355996356905612,0.07180446532919313,0.09014724774787622,0.14400293303098496,0.246530518648588,0.13503410672636806,0.0790852231011995,0.053551501702316935,0.042469820989169745,0.03802171178203463,0.035792507373212844
3.85,0.06347332835244283,0.0717703358529751,0.09012945696831914,0.14402148203843673,0.24687269245984833,0.13491572230354756,0.07902245946765732,0.0535023079001713,0.042464594689277504,0.03803928822894845,0.03578833173837581
3.9000000000000004,0.06337475098268618,0.07174161233629807,0.09018244371639822,0.14406823027002494,0.24704111386261893,0.13478758251132644,0.07899317722734962,0.05350336058904828,0.04244882053065276,0.038057111319327576,0.03580179665426901
3.95,0.06326160740034104,0.0717419987043361,0.0902367882379316,0.1441295461384583,0.24716592663557016,0.13465169833621993,0.07897177612353404,0.053484591559005354,0.04244132286738286,0.03808424061854899,0.03583050337867154
4.0,0.06317364589425037,0.07170175086153102,0.09028084486079016,0.14420529829122933,0.24725929893720502,0.13451914503294324,0.07894559981926617,0.05344307616228084,0.042452245954315654,0.038117821043458455,0.03590127314272978
4.05,0.06308684392751956,0.07162523740127162,0.09029730831752851,0.14428550895940787,0.2473569072072323,0.13436538408481405,0.07891129368755347,0.053429217699473376,0.04251630797003153,0.038160063389365555,0.03596592735580217
4.1000000000000005,0.06298998677202049,0.071566668989681,0.09034954452754232,0.14435263920593402,0.24748269104007883,0.13424328027861585,0.07886197408558397,0.053419147351821385,0.042561915371877826,0.038186954560872274,0.03598519781597198
4.15,0.06294688920713913,0.0715006813735491,0.09037726220806483,0.1444421691792825,0.24769347666811234,0.13412169718120154,0.07876544591141585,0.053377885318428756,0.0425725013549401,0.038213237556836366,0.035988754041029455
4.2,0.06294078336378789,0.07139417818275459,0.09043939987938508,0.14453841338137055,0.24792363760796615,0.13398265249983876,0.07864307966865407,0.05337082788041842,0.04256518246035653,0.03824534549378667,0.03595649958168131
4.25,0.06295776965313228,0.0713308234201509,0.09052321226342552,0.14461044439540927,0.24816143529302825,0.13384716903180152,0.07848571476075349,0.05333572697264975,0.04255428400218868,0.03827639988260265,0.03591702032485771
4.3,0.06299859611103134,0.07125271272095908,0.09057268095643714,0.1446840578073578,0.24841221237135952,0.1336817174178694,0.07834186707938473,0.053337973603051626,0.042508425650551955,0.03830693709589086,0.035902819186106674
4.3500000000000005,0.06302686606826752,0.07122578313013547,0.09061576874008338,0.14475927687263435,0.24856033929011223,0.13357037320620055,0.07816587488542036,0.05334961776378743,0.04249652892341442,0.038317022160449576,0.03591254895949461
4.4,0.06304747658916234,0.07122435376033703,0.09062455481542939,0.14481889127872863,0.24873074284990704,0.1334681992895157,0.07801616276611488,0.053350637578729924,0.04247442652429334,0.03831210622164173,0.03593244832613999
4.45,0.06305013728718915,0.07121158458054241,0.09066941044816444,0.14486459787909944,0.24883050404840712,0.1333404860648092,0.07793890165444131,0.053356104433352744,0.042470292971347995,0.03828651148859286,0.035981469144053334
4.5,0.0630823418489466,0.07118611760638108,0.09070636505506575,0.14490357135004414,0.2489488826424674,0.13324358184739765,0.07784321865666843,0.053369754584115144,0.042446282096385006,0.03825277007819516,0.03601711423433367
4.55,0.06311264553719698,0.07115565171549935,0.09071874367207021,0.14492449002740926,0.24908312687775708,0.13319026876954598,0.0777584744671919,0.05334901678812911,0.042436231291498115,0.038232529226532204,0.036038821627169884
4.6000000000000005,0.0631446483560457,0.07114440544683137,0.09073311735574485,0.14495363910845,0.2491140012116079,0.1331049001397372,0.07769476338242211,0.05336669818351856,0.04244162968079159,0.0382327343039988,0.0360694628308519
4.65,0.06317814439376206,0.07117172681238534,0.09072174567366857,0.1449628255696344,0.2490923864488404,0.1330699203575577,0.07761193199963791,0.05338074229398831,0.04247502138452769,0.038236287685564335,0.03609926738043321
4.7,0.06318997255134699,0.07118515781139613,0.09073891293544527,0.14492565504001265,0.24914078100036313,0.1330510821109838,0.07755496126319826,0.0534127545252248,0.04248142806294484,0.038227387875512164,0.03609190682357207
4.75,0.06319865330391143,0.07118922501512195,0.09082306716463645,0.14486822310372097,0.24916249438773952,0.13300159799352312,0.0775001038591013,0.05341827699827322,0.042515479149427805,0.03823860010661128,0.03608427891793286
4.800000000000001,0.0632136098007228,0.07119070691093694,0.0909260551966065,0.14476391939758346,0.2491952487184733,0.13297569090535608,0.07745954883495237,0.053424316588755176,0.04254342846584439,0.0382444842512216,0.036062990929547394
4.8500000000000005,0.06322400145108227,0.07119455083311534,0.09107688789746007,0.1445998020151273,0.24938139134605683,0.13289280290961922,0.07741062028655056,0.05341061883087397,0.04256056051426118,0.038223004304458935,0.036025759611394474
4.9,0.06320456404548598,0.07119479471456483,0.09123648691593514,0.14444626374369,0.24959832513316038,0.13280009924085304,0.07734031380640524,0.053392331263593246,0.04256157419970768,0.0382184133499421,0.03600683358666231
4.95,0.06317253388439924,0.07118401342728127,0.09138838256878683,0.14430160038294992,0.24979206977084156,0.1326836027530827,0.07735751226368318,0.05336287852124235,0.042568951255466655,0.038222989178160666,0.03596546599410555
5.0,0.063124561029034,0.07120988743985937,0.09149143632723782,0.14418111812490686,0.24997600518837026,0.13258339665543034,0.07733434350781263,0.05335277780520366,0.04255882639327033,0.03823301605808035,0.035954631470794425
5.050000000000001,0.06307040956006975,0.07121787393867933,0.09157853330484256,0.14402181329462932,0.2501151161135696,0.13253740266313316,0.07733809273805774,0.053347439031611515,0.042537965426682804,0.03826389835615098,0.03597145557257327
5.1000000000000005,0.06304430253253232,0.07120555092498414,0.09161694716019804,0.14395272517595362,0.2502689711873717,0.13244680864975147,0.07735157323255457,0.053346750944147314,0.04252245568471221,0.038272910084630345,0.03597100442316433
5.15,0.0630273858125335,0.07123294932368879,0.09158714137408452,0.14389958995254643,0.25055761222585216,0.1323412930594828,0.07733176506334205,0.05332391508351214,0.04246098330528939,0.038291118215633635,0.03594624658403446
5.2,0.06303301019297362,0.07124631681109772,0.09156572498470857,0.14381780528479576,0.25094391460738164,0.13219426222877553,0.0773233819613138,0.053274905613164475,0.0423922230085221,0.038308861926548796,0.035899593380717944
5.25,0.0630206247484302,0.07127855986821748,0.09154971922918564,0.1437449580628572,0.25136162386140704,0.13201017187992187,0.07732894121519789,0.05320267886455285,0.04234195055942189,0.038322273324527166,0.03583849838628082
5.300000000000001,0.06299372248831651,0.07131932390533251,0.09155115827450372,0.1436611922171059,0.25158493108540825,0.1319310158997333,0.07736963465836763,0.05313187663304426,0.042325989430275955,0.038338444792651465,0.03579271061526052
5.3500000000000005,0.06295945579243631,0.07135927583680621,0.09145135078784958,0.1436445294072109,0.25179929433040893,0.13189123683567097,0.07737842377235715,0.053081952795722115,0.042297667142576906,0.038358800937581025,0.035778012361379764
5.4,0.06294427743596918,0.07140930017956564,0.09133982778624011,0.14361157861698282,0.25197959059738206,0.13190276566169656,0.07736205674161234,0.05304261548728473,0.04229278762900266,0.03836918676142828,0.03574601310283553
5.45,0.06292360960936642,0.0714497487490172,0.09131256590167466,0.14351666697600843,0.2521313667932124,0.13193391002022423,0.07736807869819895,0.05298754704565788,0.042292395325393896,0.03837548443377243,0.035708626447473475
5.5,0.06287641503578333,0.0714711754486261,0.09130574462524867,0.1434094332240838,0.2522464658051834,0.13206209248498513,0.07733773980365748,0.05295395131925262,0.04229563106790792,0.03837268294325488,0.03566866824201671
5.550000000000001,0.06283820027766404,0.07146761235455454,0.09128907619516827,0.1433157209357765,0.25242987980928394,0.13216463380302185,0.07731335569194986,0.05290543472782704,0.04229234170510185,0.038357784364484886,0.03562596013516719
5.6000000000000005,0.06281350037153371,0.0714512668625476,0.0912328573116035,0.14319619399947994,0.25266581171724345,0.13225988224982752,0.07730039419523407,0.05286177186984776,0.04229602940654962,0.03833758420934119,0.035584707806791564
5.65,0.06280752282487125,0.07142066535445198,0.09119426533088848,0.14308401144096308,0.25292926692443346,0.1322334787144883,0.0773213551363021,0.05283359930011528,0.042299190136452974,0.038325478902905996,0.03555116593412701
5.7,0.06280749242017286,0.07137178206621786,0.09116635825649515,0.14290449521301193,0.2532250670148222,0.13222737324106634,0.07731873291169977,0.05280531142553019,0.0423158486129361,0.03832142804216652,0.03553611079588114
5.75,0.06280367254183104,0.07128651524562504,0.09114794839295154,0.14270207544572103,0.2535416086848437,0.13229902223242096,0.07728063236077327,0.052773789627203416,0.0423310847975615,0.038322910494448165,0.035510740176620384
5.800000000000001,0.06280882052400258,0.07119457875691304,0.0911323515238455,0.1425157029026113,0.25383695651821087,0.13235457217467775,0.07724381485954372,0.052752091399830364,0.042346377004349865,0.03832292615550005,0.035491808180514894
5.8500000000000005,0.06281296150396384,0.07108981835921273,0.09114759458876044,0.14235971545315096,0.2541139408129731,0.13240800554104093,0.07718525181943821,0.052723471664954884,0.042343308657540386,0.03832198320208123,0.03549394839688334
5.9,0.06280514401650682,0.07100198371734283,0.0911732914670724,0.14222377837902278,0.25437723908797616,0.13245082726577254,0.07709542641230509,0.052713382414567765,0.042335530333043034,0.03832077274299831,0.03550262416339229
5.95,0.0627895417301243,0.07094053104837716,0.09116558075302598,0.1421357872307958,0.2546271312389909,0.13243520553887372,0.07703507005415393,0.05270699457978753,0.04236266351630698,0.038319295518927494,0.03548219879063613
6.0,0.06279892501400824,0.07087583324896361,0.0912013807405868,0.14203516975106295,0.25483673407722524,0.13245695001179345,0.07695633155979355,0.05271713203820579,0.04237617123965412,0.03831347877241789,0.035431893546288576
6.050000000000001,0.06280878605091238,0.07081252318627689,0.09129162385565641,0.14195417089700177,0.2550121045170064,0.1324931123419335,0.07687999708001328,0.0526863136098669,0.04237347003844342,0.03829026479322481,0.035397633629664284
6.1000000000000005,0.06280735844224757,0.07080197049980042,0.09135025788562065,0.141890292158453,0.2551973961857387,0.13246119359194616,0.07682826456293838,0.052624868599168234,0.04239117840784395,0.038285319930225034,0.035361899736017735
6.15,0.06283670305336701,0.07082717075133468,0.0913618118087574,0.14183935813116139,0.2554077070003366,0.13235808332014096,0.07681298825714124,0.052588592914513274,0.04237085696504304,0.038271531288362755,0.035325196509841617
6.2,0.0628653585226934,0.07086203852365347,0.09138676981623477,0.14184578933404712,0.25563389710627815,0.13216335473804747,0.07679729487272874,0.05257349930152954,0.04232748718451376,0.03823492854642839,0.035309582053845025
6.25,0.06291387975215539,0.0709138458360649,0.09136305360846604,0.14188663577812202,0.2556898592555244,0.13198058421183986,0.07682352745769892,0.05260860016364052,0.04231455291964118,0.03820589263399758,0.03529956838284929
6.300000000000001,0.06297270186438958,0.07097524560035412,0.09127623867156054,0.14195500775287934,0.25579007932251124,0.13177571523085133,0.07684154487405315,0.05266541436573688,0.042289284187869446,0.0381787076631742,0.035280060466620265
6.3500000000000005,0.06305637583662538,0.07102381833110695,0.09119880395815791,0.14200675901152607,0.2558646814077431,0.13160817072143696,0.07686514405966624,0.05268678823261952,0.04228669090636893,0.038139344530726746,0.03526342300402208
6.4,0.06309920677978018,0.07111285184231747,0.09112003493583157,0.14203347833858254,0.2559970933372112,0.13135713447925584,0.07687787892584261,0.05271431783153987,0.04228475267972346,0.03813938955562513,0.0352638612942902
6.45,0.06311714994791742,0.07119910639592841,0.09109289845432532,0.14210264068069664,0.25606314888601106,0.13114427625753403,0.07687259962429492,0.05271287926787636,0.04226327202270298,0.038162672943984934,0.035269355518727806
6.5,0.06310313325145021,0.07128932531506625,0.09101348866141686,0.14219731712916514,0.2561781367122978,0.13090732967554125,0.07687209222145105,0.05274804022130524,0.042232410944476495,0.03815973467005289,0.035298991197776894
6.550000000000001,0.06310300385071914,0.07136547957731769,0.09094650933338853,0.14226976986258422,0.2563431465271796,0.13064431986107577,0.07686689992026169,0.05275792757014792,0.042238651782813816,0.038150904686271955,0.03531338702823946
6.6000000000000005,0.0631281756868394,0.07142738263097252,0.09083453817507706,0.14240925301250731,0.25645554208668386,0.13034756982803616,0.07686298785449988,0.05279746234106322,0.04224891530389538,0.03813294997416009,0.03535522310626523
6.65,0.06314333876785737,0.07147965768801669,0.0907096054724175,0.14251628989614046,0.25661768115570205,0.1301556264705892,0.07682694877794008,0.05280447181068017,0.04224726974948251,0.038105691990246195,0.03539341822092773
6.7,0.0631362699551193,0.07152182829597047,0.09062862992225677,0.14261204675148814,0.2567764557721943,0.1299299073115868,0.07682987709969308,0.05279506284824889,0.04226147610964547,0.03809211977387074,0.03541632615992612
6.75,0.0631280386824796,0.07154258595266363,0.09060560375732658,0.14260897374527454,0.25697939776368695,0.1296902189184334,0.07685572615064615,0.05277917142327119,0.04229751814931386,0.038055200784935315,0.03545756467196883
6.800000000000001,0.06311029283727393,0.07157367148971111,0.0906345526146072,0.1425577103518847,0.25720798212509,0.12945181367727204,0.07687657420962625,0.05276394933192083,0.04229932842058098,0.03803210978443781,0.035492015157595216
6.8500000000000005,0.06310578260785363,0.07161863152101168,0.0906754109788001,0.14246619611030664,0.2572972815644088,0.12929927051384985,0.07691693461313802,0.05275361685680411,0.04230644317413583,0.038016454284740084,0.03554397777495139
6.9,0.06311070777718233,0.07165269480437558,0.09072185072512176,0.1423636905667674,0.25743033179132957,0.12913913522027956,0.07695233301698218,0.05275673406623994,0.04231335724493731,0.03799129629908147,0.035567868487703005
6.95,0.06313702547728689,0.07168203407895533,0.0907229253438995,0.14236234993744534,0.25744497566642643,0.12898266166761735,0.07702552249270199,0.0527736665759821,0.04229707681003322,0.03798209290455246,0.03558966904509942
7.0,0.06318109989887001,0.07171437090029549,0.09068386017259215,0.14232587486142428,0.2574754053535035,0.12886905111893823,0.07710710092742451,0.05279394446620228,0.042257720797553265,0.03798192267104442,0.0356096488321519
7.050000000000001,0.06319186640658642,0.07173960926931863,0.09068342073148174,0.14233340005040448,0.25744971363232694,0.1287960912125034,0.07719895056798053,0.05280425259563585,0.04220631734531173,0.03798656697458672,0.03560981121386361
7.1000000000000005,0.06321467999047228,0.07176365770540878,0.09060321273038092,0.1423018462047058,0.25746136210896825,0.12883816094899855,0.07725622873264212,0.052825218563832294,0.04216451105291418,0.03798439120445522,0.03558673075722159
7.15,0.06324632213878961,0.07176568972323308,0.09055389019602747,0.1423626896586557,0.25744390271146006,0.12888262153532304,0.07729513883071594,0.05277828135195352,0.04213728461198912,0.03797033537148863,0.03556384387036378
7.2,0.06326841228967307,0.07177230631073889,0.09055335671385324,0.14245720940139975,0.25731640582664445,0.12891157994465216,0.07737793601372428,0.05270978585574671,0.04209653067164145,0.037985585080829574,0.03555089189109637
7.25,0.06328995941426181,0.0717850941719876,0.09055973635195333,0.14261977066151985,0.25708424179450295,0.12900558861185138,0.07745068415668185,0.05261461053535995,0.042052830772953784,0.03798487748742905,0.03555260604149852
7.300000000000001,0.0633191430771148,0.07180375686900736,0.09055751779362382,0.14274138882353557,0.2568203882312573,0.12906423782435592,0.07756567442344961,0.05254812831210433,0.04201470489728662,0.03798074419630383,0.03558431555196096
7.3500000000000005,0.063314890035695,0.07182556663798585,0.09050874883664414,0.14284237147066636,0.25652350824877695,0.12917966139119244,0.07771520026202253,0.052486378289583586,0.04196776486162324,0.03800631452823703,0.03562959543757294
7.4,0.06329771723537907,0.0718254953205434,0.09045303825032995,0.14296577307065708,0.25637763479091746,0.12926187283611115,0.07781536079417338,0.05240069383911398,0.04194239909632956,0.038005365053040835,0.03565464971340408
7.45,0.06332487395003714,0.07182302326691184,0.0904283328379852,0.14302152620996456,0.2561404745599632,0.12937785224261697,0.07793473604979986,0.05235301042937251,0.04191314873460017,0.037999132509021954,0.03568388920972649
7.5,0.06335777921022433,0.07182562600621827,0.0904339255211037,0.14299184325582087,0.2560341922167876,0.12943812480964628,0.07804871981525519,0.052294372350919015,0.04188282657688024,0.03800154482100006,0.03569104541614433
7.550000000000001,0.06342993561905895,0.0718215071956716,0.09046903423021486,0.14291433721309146,0.2560014210757714,0.12942420269413848,0.07814549676233516,0.052218610306994,0.04185589100440902,0.03801344065657916,0.035706123241736054
7.6000000000000005,0.06348442917417872,0.07181817202982348,0.09054208435326189,0.14287708251678408,0.2559397101754435,0.12938342418895785,0.07821750376271669,0.052167973831270496,0.0418222083651912,0.03801717659222812,0.035730235010144114
7.65,0.06356554814007619,0.07181800209348761,0.09060020938070233,0.1427728585895175,0.25607175321324227,0.12928493801521276,0.07823720328287055,0.05209380353896371,0.04178811243582284,0.03801427640749294,0.035753294902611345
7.7,0.06363700513180086,0.07181622906898527,0.09070208933991249,0.14277686631976572,0.2561539829472994,0.12913519298576373,0.0782243678839476,0.05201742746949894,0.04176926608026807,0.03799222256761874,0.03577535020513915
7.75,0.06374841367949301,0.07181198914481966,0.09069930088249728,0.14282977213658093,0.2562023439045156,0.1290020184671012,0.07821744747468722,0.05193714491160894,0.04178690747704255,0.0379665778656841,0.03579808405596963
7.800000000000001,0.06381008389463373,0.07179113085740675,0.09072839958724226,0.1428622716565452,0.2563158049267343,0.12888491361052037,0.07817863051929633,0.05185207956919456,0.0418003482007477,0.03795172368014816,0.03582461349753065
7.8500000000000005,0.06387915841124979,0.07177697470123681,0.09072729288578943,0.1427851725760398,0.2564676230495452,0.12885911680128137,0.0781459539443811,0.05177492669046075,0.04180095907141157,0.03794652426828853,0.03583629760031569
7.9,0.0639597214026431,0.07176601965545368,0.09070440483154975,0.14271242504208778,0.2566430306528078,0.12879536277198908,0.07811480774828475,0.051722761323925226,0.04180949179723575,0.03794177929764645,0.03583019547637649
7.95,0.06404644305744946,0.07174321843260148,0.09063989580495961,0.14270794413590035,0.2567644121924532,0.1288024473806459,0.07804400035118095,0.05168218797280246,0.04180186357889319,0.03793051765977426,0.035837069433339135
8.0,0.06412426923082355,0.0717246413713778,0.09059826083678002,0.14264816475295808,0.2568880088217229,0.12882052291108426,0.07797126755724652,0.0516490613554365,0.04179098774266701,0.03792600944933549,0.03585880597056775
8.05,0.06418406906535969,0.07168824559176637,0.09056291922485893,0.14259420906321893,0.2570289472659624,0.12882523326100762,0.07786384265915076,0.051631123558569116,0.04177858685418612,0.037968296075560244,0.035874527380359886
8.1,0.06423415466647292,0.0716719640772422,0.09052426807042203,0.1425013456686659,0.2571569287816574,0.12882089615044529,0.0777851655358564,0.05164415362389592,0.041760217622468294,0.03800752696108221,0.035893378841791355
8.15,0.06428310154824327,0.07166497516233457,0.0904819459585453,0.14232858998881723,0.25727971610361683,0.12885114507280146,0.07775260988097418,0.0516723037900229,0.041755256770663204,0.03803175989043005,0.035898595833551
8.200000000000001,0.06435144689598471,0.07165492033046791,0.09044775079581784,0.1421250300727435,0.2573830323204922,0.12895332413228291,0.07771296506541574,0.051700020100537786,0.0417204769171058,0.038048456377968,0.03590257699118367
8.25,0.06438307389502364,0.07164080260787278,0.09039749707626404,0.1420795509144591,0.2574633776969113,0.12895610944157662,0.07771109302654955,0.05171164603722788,0.041680817396948164,0.038076668005312904,0.035899363901854144
8.3,0.06437706037486787,0.07162974014531445,0.090343062627967,0.1420668054732479,0.25754624998840325,0.12896522982911435,0.07771174148518735,0.05174100952529598,0.04162528340007494,0.038102139351986405,0.03589167779854041
8.35,0.06438348534133798,0.07162765444709863,0.09024103851719645,0.14207339469996158,0.25765411912560243,0.12894081753704142,0.07771494898487855,0.051768683702551034,0.04156451371927323,0.03812849945286654,0.035902844472192365
8.4,0.06439440014731901,0.07162697717094,0.09013865828127762,0.14207166709635338,0.2577615258600192,0.12891955223923762,0.07770397038051137,0.05178950811741344,0.04152358847749237,0.03815206410936256,0.035918088120073466
8.450000000000001,0.0643483477352016,0.07160433767500227,0.09009048190114091,0.14204558717493668,0.2578778631219632,0.1288895498095147,0.07769377387882052,0.05182645003562631,0.04150547061053682,0.03817460914682525,0.035943528910431864
8.5,0.06428680232811639,0.07158696421022297,0.09005888399721487,0.14197857606039826,0.25796555535498866,0.12893883796437108,0.07769694983992977,0.051844684577960064,0.04148059715335034,0.03819079882681926,0.03597134968662841
8.55,0.06423637128702983,0.07153981289086285,0.09003055517431394,0.14187040311364796,0.25806884075406444,0.12899515357236566,0.07773736121160253,0.05185010791513376,0.041465440353639006,0.03820777104660375,0.03599818268073627
8.6,0.06418918559807046,0.07153114018328743,0.08997710452938275,0.141719267140565,0.25817973419493423,0.12907393367885275,0.07778688218372364,0.05186511184861246,0.041432389838245286,0.038226057175333866,0.03601919362899235
8.65,0.06415342349178092,0.07152933575292951,0.08998675302773844,0.14154246029860418,0.2581689124671621,0.12920231774392912,0.07784620713639952,0.051877845589557645,0.041408704825162415,0.03825113748346643,0.03603290218326978
8.700000000000001,0.06413808099745184,0.07150666312292445,0.09004981840578184,0.1414498654780508,0.2580992692075181,0.1292360753428696,0.07792514815186966,0.05186920449550554,0.041393080216155814,0.038280735371303214,0.03605205921056907
8.75,0.06411758122326713,0.07149642608209571,0.09009453353502385,0.14137322797578142,0.2579891562278814,0.12930756553801825,0.0779980061778857,0.051879016825705435,0.04137870483265478,0.03830507690560568,0.036060704676080794
8.8,0.0640983528280594,0.07151319779523416,0.09018366029347662,0.14126398182663305,0.25778768869370366,0.12946492049625266,0.07803529031553945,0.05190199165090282,0.04136157312878854,0.03830725181724285,0.03608209115416673
8.85,0.06407958801591372,0.0715241848466355,0.09028159168115267,0.14119867571560574,0.25757752686062185,0.1295804593603395,0.07808561183196475,0.05190009371240125,0.0413428457612923,0.03830945237152259,0.03611996984255022
8.9,0.0640588507147367,0.07153747299230248,0.09037839833949936,0.14113929830824395,0.2574055893630995,0.1297024436940514,0.07812315851956614,0.051877881557431484,0.04133662832898993,0.03829782126964947,0.03614245691242951
8.950000000000001,0.06410013523512526,0.0715293586918142,0.090495140649716,0.1411354762172316,0.25704249387406525,0.1298868428241977,0.0781448525286672,0.05185335713150612,0.04135301748854534,0.0383024928778858,0.03615683248124552
9.0,0.06414758113165364,0.07155708433904957,0.0906470585639993,0.1411208937138684,0.2566716461244841,0.1300677283518415,0.07812006690112643,0.0518433456329718,0.04135754557589599,0.038307678526370084,0.03615937113873927
9.05,0.06415241093150693,0.0715949037626266,0.09080027094069855,0.14114593264747466,0.2564115655034098,0.13020556436879038,0.07806078027087263,0.0518192159392833,0.04136314414761213,0.03830622867618764,0.03613998281153724
9.1,0.06416491644478123,0.07163820735869257,0.0909580559374209,0.1412173548488775,0.25608404471206403,0.13040754205457683,0.0779981384884101,0.05176070392545786,0.04135546695700141,0.03828337547636125,0.036132193796356356
9.15,0.06414546400209625,0.07166407901266277,0.0910363404207445,0.14134544506983399,0.25593176668712786,0.13052797426998544,0.07790938417493809,0.05169495474621098,0.04135714372447612,0.03826537213618881,0.0361220757557352
9.200000000000001,0.06410188356994206,0.07168781804672665,0.0911342562007101,0.14150368768845395,0.25566012207842015,0.13065426929593874,0.07787301581794048,0.05161374362300494,0.04139408302213067,0.03825083931080168,0.036126281345930544
9.25,0.064036304191649,0.07169954076789818,0.09124372998648683,0.14156847127467523,0.2554652438263816,0.1308220251657164,0.07783773099366874,0.051520995243889846,0.041446055984208675,0.03823830718536953,0.03612159538005593
9.3,0.06396923391489533,0.07173290778201108,0.09136044245529086,0.1415437447977467,0.255247079929457,0.1309981591859707,0.07782188212495392,0.051446272799493105,0.041529173579894975,0.03821939343691704,0.03613170999336926
9.35,0.06393545740193263,0.07179975462698285,0.09146250418877774,0.14154103234209953,0.25499227668111824,0.13113119686827723,0.07781734074211707,0.05139955425855774,0.04159180119854628,0.03818682004400574,0.036142261647585064
9.4,0.06389074022811837,0.07183762979396258,0.09158746358989901,0.14147880954991338,0.2547235557973293,0.13132799238593926,0.07783900855211043,0.0513641097276529,0.041645373050577375,0.038144689096699116,0.03616062822779854
9.450000000000001,0.06384192078988091,0.07186702781105396,0.09170800880636905,0.1414591245046357,0.25437878779032597,0.1314825439022621,0.07792101184599212,0.05135060665346615,0.041705580313782346,0.03811122415606454,0.03617416342616726
9.5,0.06379241279128715,0.07190059376839229,0.09175805560977925,0.14142858831346053,0.2540312520411331,0.13164965241223062,0.07803207843695766,0.051351084028852544,0.041787379438615053,0.03809338667559477,0.03617551648369696
9.55,0.0637183812926001,0.07189170062968751,0.0917656005865114,0.14136741798256267,0.25377781492562124,0.1318325760831333,0.07813214451001928,0.05137904598215076,0.04184579899953408,0.03808735213988828,0.03620216686829145
9.600000000000001,0.06366739368360214,0.07189439101486754,0.09176471287375465,0.14123248461344032,0.25357095678712965,0.13202121249878354,0.07824368393273105,0.051406242430980124,0.04189817258574182,0.03807702749257913,0.036223722086390193
9.65,0.06365511978751565,0.07187723598557749,0.09182341926665752,0.14101305785740598,0.25345072246797434,0.13212721320840615,0.07835074359680405,0.05146471768891762,0.04194845612720508,0.038039861108196196,0.036249452905339964
9.700000000000001,0.06365874536835416,0.07188332862347599,0.09185442520600322,0.1407857996121564,0.25327814978083035,0.1322584986656588,0.07849982972992357,0.0515363623722136,0.0420064056185664,0.0380027525977566,0.036235702425060766
9.75,0.06367764778872724,0.07187809837004226,0.09182051805300784,0.1405999942384019,0.2530829931133213,0.13241215174985752,0.07863795504634066,0.05159546784485166,0.04207987841280974,0.03797109573839364,0.036244199644246355
9.8,0.06370848680966457,0.07184643662226162,0.09179352744002085,0.14047308565771793,0.25287210149607264,0.13253818468696876,0.0787220571003728,0.05166054424054114,0.042174017837760966,0.03795369741922045,0.03625786068939827
9.850000000000001,0.06374113736319532,0.07184888451539546,0.09182427429191406,0.1402395669311757,0.25266075822476514,0.13268653357358917,0.07877639029861376,0.05173518861145796,0.04226985344960855,0.037923227409939024,0.03629418533034602
9.9,0.06380696808487965,0.07190329018610751,0.09181246216303782,0.14004072873937268,0.2523745116519126,0.1327838065437934,0.07889198413833716,0.05179905995209875,0.042352395936758644,0.03790357498790129,0.03633121761580058
9.950000000000001,0.06386557854939723,0.07194974074607802,0.09180422663206281,0.13988043747666098,0.2522044860753529,0.13279093885951995,0.07896574920232002,0.05186914635845562,0.04241898818781142,0.03788836158871844,0.03636234632362263
10.0,0.06394165069159172,0.07196258034066641,0.09181773982703041,0.13978880971846372,0.2520191916213138,0.13273986619340172,0.07903546076307398,0.051964600980732474,0.042492549214201966,0.0378757494342681,0.03636180121525577
10.05,0.06403421453882867,0.07194128644666924,0.09185901838269905,0.13972009681396658,0.2518726842822475,0.13278161750091902,0.07904296579129048,0.05203745572734878,0.0425595988178497,0.037849674752949286,0.03630138694523168
10.100000000000001,0.06409487461888395,0.07188368349039968,0.0918716129298723,0.13966499277820416,0.25180338380255224,0.13281155897664723,0.07907167178192413,0.05211873246370351,0.042628800015413956,0.037829616106111075,0.03622107303628773
10.15,0.06415209866992393,0.07185924350976244,0.0918915949426915,0.139539225149707,0.25176126697559326,0.13280958194322787,0.07913483823093075,0.05219058746689901,0.04270022420523276,0.03780032941828159,0.03616100948775004
10.200000000000001,0.06420165027778985,0.07179908731497724,0.09181670566564859,0.13945187703286002,0.2518585826369181,0.13284827281653655,0.07918100935874157,0.05222815514170988,0.04275065225044065,0.037761874208746715,0.036102133295631035
10.25,0.0642341293861165,0.07174911974612166,0.09167905400178043,0.1393336729834932,0.25202630048777397,0.1328652238887545,0.07921599825045282,0.052284735593427646,0.04279714561520858,0.037749418040143805,0.036065202006726874
10.3,0.06422489180690096,0.07172771258381327,0.09155793270798845,0.13923334024726802,0.2521783262356297,0.1328546007278789,0.07924177022956454,0.052371776466613576,0.042849988347633226,0.037739219116993315,0.03602044152971608
10.350000000000001,0.06420082506201526,0.07169384181346021,0.09145573901581054,0.13916815573758257,0.252364411795043,0.1327470842600785,0.07927556329088047,0.05246223572315294,0.04291608284262586,0.037726063112915285,0.035989997346435494
10.4,0.06415944525617359,0.0716302966684031,0.09141794779970863,0.13910872156378448,0.2524924287081185,0.13264623366097986,0.07932232410875463,0.05255605398266002,0.04298319277070187,0.03773172182615389,0.03595163365456133
10.450000000000001,0.06409979979092835,0.07160612321941566,0.09137001749535376,0.1390202657634289,0.2526472738632813,0.13259667064791242,0.07932808952651633,0.05265983587564243,0.043006175509429,0.037743548563018404,0.035922199745073345
10.5,0.06405727802971521,0.07157151161004072,0.09142443478397304,0.13897894400810823,0.25276172918904205,0.13250444245237522,0.07930081058228478,0.05275085774588768,0.043021908386432606,0.03773624638471099,0.03589183682742946
10.55,0.06402314951291403,0.07152213397158286,0.0914535333909105,0.13891720581887398,0.25291453758633836,0.13241962534317353,0.07929616960328957,0.05283771560977882,0.04301231429835257,0.037743107400623394,0.03586050746416211
10.600000000000001,0.06399652226305433,0.07143482728839072,0.09144522541226643,0.13895623933179485,0.2530585523926482,0.13239700996360101,0.07926780323423574,0.05292311133952882,0.04297732001706541,0.03773174957088006,0.03581163918653451
10.65,0.06400015750215483,0.07131242355207024,0.09144187870598977,0.13902777418752474,0.253150157228375,0.1324077755058886,0.07924396306580998,0.05301049534730473,0.04291813194707577,0.037721952735801714,0.03576529022200463
10.700000000000001,0.06405539081061268,0.07117472311321821,0.09146137734520035,0.139049923049503,0.25335542014291185,0.1323202010301887,0.07923343347192237,0.05306691655414361,0.04286310324118952,0.03770009307967732,0.03571941816143239
10.75,0.06413738172934243,0.07105742650182828,0.09147296797700712,0.13899882101642422,0.2534727079857383,0.13235050513991095,0.07918606842174379,0.05313216828404496,0.04283417544639239,0.03767804657690237,0.03567973092066505
10.8,0.06422470114130178,0.0710117908262041,0.09149046609778826,0.13895642023448335,0.2534886896073599,0.13234001355947553,0.07920397691122755,0.053172909535124366,0.04281480812397347,0.03763760664272419,0.03565861732033747
10.850000000000001,0.06428914151176955,0.07095638273570652,0.09148373640733995,0.1389068794803775,0.2534260481450017,0.1323995830224362,0.07922643670436498,0.05324789970566703,0.042799653466306445,0.0376240035212759,0.03564023529975428
10.9,0.06437355610773278,0.07088388873615918,0.09144624633989203,0.1389638112127124,0.2533895447173397,0.132372817741588,0.0792352594475665,0.05333023807436432,0.04279072701322276,0.03760609122839906,0.03560781938102323
10.950000000000001,0.06446516409766803,0.0707930072687061,0.09139055725152329,0.139014359644576,0.2533969303058113,0.1323335630826188,0.07924082398392741,0.05341727476774086,0.04278265463641638,0.03758488254004943,0.035580782420962374
11.0,0.06454556401681964,0.07072170431510096,0.09138020580999849,0.13907226643655413,0.2533111956404558,0.13229055843610793,0.07925335640334459,0.05349823219917845,0.04276618790380499,0.03758771334942005,0.035573015489215085
11.05,0.06460549415496158,0.07066085200756742,0.09130948893624917,0.13915607682065248,0.2532898749434495,0.1322123067909814,0.07926406413414015,0.05357173108370241,0.042761554250940276,0.0376025406486042,0.03556601622875118
11.100000000000001,0.06462788443645118,0.0705747460643842,0.09123804341222676,0.1392699635272443,0.2532652124869343,0.1321896017571067,0.07926320096634801,0.05363014660052204,0.0427723340819116,0.037631528274421865,0.03553733839244917
11.15,0.06462185547762385,0.07046917996735437,0.09114092386863691,0.13951468029908257,0.2532034075624222,0.1321519093422924,0.07925644220751211,0.053678207359867884,0.042780761043761203,0.03765770326556793,0.03552492960587856
11.200000000000001,0.06460646679069265,0.07033795855484722,0.09106494549451209,0.1397541938356452,0.25316157308834997,0.13217563606187527,0.07924111591466501,0.05371484390264027,0.042776480534439325,0.03765273313234856,0.03551405268998459
11.25,0.06454126373623355,0.07025239083963815,0.09098989091697691,0.13991920434155627,0.25316756699682275,0.13219961207362643,0.07923760598350417,0.053754537604667994,0.04278439228707405,0.037657148854680966,0.035496386365218804
11.3,0.06446626466878827,0.07024496315250477,0.09086615287035715,0.14003409623989918,0.253231081947931,0.1321718424128141,0.07923593518693149,0.05379091220501004,0.04280203015282638,0.03767676625483994,0.03547995490809757
11.350000000000001,0.06439652556542977,0.07023886292668084,0.09075552320252445,0.14018264386905846,0.2531998431138964,0.13215005035335786,0.07924459421477856,0.053830226854107904,0.04283205664903088,0.03769413726493829,0.03547553598619655
11.4,0.06435584111720555,0.07025767964733758,0.09067297037425642,0.1403596197872651,0.253115449741551,0.13209494186302198,0.07924604447105657,0.05386092636049677,0.04285133767282841,0.037702613982090814,0.03548257498288996
11.450000000000001,0.06433624812538676,0.07034573691252208,0.09052166820825922,0.1404815584285718,0.2530013066008617,0.1320933501879354,0.07925767732183904,0.05388425221995052,0.04289993021499128,0.03770420053675325,0.035474071242929076
11.5,0.06434250381011462,0.07047024786583587,0.09037611155448737,0.1405172014638177,0.25293941789809554,0.1321191426523794,0.07924860653526529,0.053902844356803675,0.04293722757385651,0.037698513256135754,0.03544818303320832
11.55,0.06434832369796925,0.07053852910156493,0.09026930748347045,0.14055508771319328,0.25277151314612095,0.13229469499707935,0.07923335323660012,0.053914704959161536,0.04296626658477433,0.037697237133659425,0.03541098194640623
11.600000000000001,0.06437368079530749,0.07056597077813334,0.09016771468393918,0.14062007525124035,0.25253404349693315,0.1325499181762016,0.07921431514210704,0.05392181199030084,0.04298507041588418,0.03770851610398732,0.03535888316596553
11.65,0.06438728005486562,0.07054264879689369,0.09014147633291052,0.14068022921357784,0.2522618462003103,0.13282537100613875,0.07920528352676047,0.05393383647721004,0.04299661606895726,0.037718412354947564,0.03530699996742806
11.700000000000001,0.0643902803343735,0.07052462226598562,0.09007841160684597,0.14076304779432997,0.25201823630461717,0.13310872861372766,0.07919183106497443,0.05393220621927607,0.04301445445579249,0.03770908813393339,0.035269093206143715
11.75,0.0643145123323627,0.07051142397198631,0.09002915183236372,0.14085329035638228,0.25195383723086634,0.13333593316540346,0.07915765147068707,0.05392464783162589,0.04302123660385093,0.03766692837817579,0.03523138682629555
11.8,0.0642091299930586,0.0705209419460091,0.09006659899814977,0.14088304028479218,0.2519580397846504,0.1335272879623395,0.0791279715776596,0.053918784595341204,0.04300989829191292,0.037604737934569726,0.035173568631517
11.850000000000001,0.06410292040754959,0.07049023284807342,0.0900798591964743,0.1409131045661027,0.2520496544331609,0.13368778624244257,0.07910096895518039,0.053913420054768284,0.04298055306220012,0.03755883071273061,0.035122669521317026
11.9,0.06404633571093372,0.07047019214291693,0.09009725454057184,0.1408729858770801,0.2521961164856824,0.1337736133599527,0.07907193361029238,0.053905420699190125,0.04296534612335887,0.03752222807959167,0.03507857337042905
11.950000000000001,0.063997482390489,0.07040682404635346,0.09013049403623673,0.14077920680489991,0.2523274800239914,0.13392618563489753,0.07905164757042628,0.053902332399079544,0.042918208726517214,0.037499400987356345,0.03506073737975258
12.0,0.06394831123338142,0.07033232857177961,0.09020091404747207,0.14072391434616893,0.2523676286570544,0.13409922308131692,0.079029750792675,0.053897105160565895,0.042858561494696065,0.037489236737409386,0.03505302587748038
12.05,0.06389741658486921,0.07026755016405346,0.09030438653588245,0.14067084262960686,0.25240849869036736,0.13417937720623876,0.0790108994786995,0.05389308036457868,0.04281830824442937,0.03749752003580017,0.03505212006547422
12.100000000000001,0.06383552975050273,0.0701771435941894,0.09031914097769089,0.14062151107769766,0.2525627449672171,0.13424675503459652,0.07899766163416697,0.05389210924739381,0.042775311421073554,0.03752150783713661,0.03505058445833485
12.15,0.06379205854714674,0.07005114029409625,0.09026850500759637,0.14058096392742314,0.25275414479767794,0.13437669823795811,0.07898466964479273,0.053890498329083464,0.04271758806587009,0.037530618288952065,0.035053114859403225
12.200000000000001,0.06379062777559973,0.06990107072625683,0.090219576161484,0.14047920778024559,0.25301982886406393,0.13450667132118577,0.0789608012742124,0.05388069797153141,0.04268135736127805,0.03753221986769222,0.03502794089645023
12.25,0.06379884018895922,0.0697580909604704,0.09021632473532196,0.14036309978465472,0.2532510437744531,0.13462602276404553,0.07893774516477717,0.053870878140696,0.042634867698918444,0.03752856653890011,0.03501452024880313
12.3,0.06379478356303567,0.06966748074438121,0.09020581519565375,0.14024939670098893,0.25344828734934777,0.13472714724067958,0.07891058635835824,0.05385775816680727,0.04259451545413406,0.0375258515027681,0.03501837772384528
12.350000000000001,0.06375463657605675,0.0695664097083104,0.09021863079118202,0.14017842467157265,0.2536263948935917,0.13480379965681136,0.07887538105240417,0.05383878850601144,0.04258670022822079,0.0375306949908538,0.03502013892498495
12.4,0.06371456764582954,0.06947707150013369,0.09025191254913298,0.14013672417477682,0.25378267979187885,0.13486804114229445,0.07883896452403052,0.053818788108277185,0.04257023775632871,0.037537905350035684,0.03500310745728172
12.450000000000001,0.06368441308659531,0.06941812056696749,0.09027584495557925,0.14012290610730524,0.25393187399053585,0.13492795444673342,0.07880566544091697,0.05380074139569519,0.04253698083533672,0.037539375345653436,0.03495612382868128
12.5,0.06366631515763302,0.06941062825518546,0.09028475469479512,0.14011002854402743,0.2540033155930377,0.13498609146596963,0.07877647859658737,0.05378528098484928,0.04247895036904394,0.03756893770047807,0.03492921863839279
12.55,0.06367817940609431,0.06941263632880859,0.09026953885592741,0.14008549978661158,0.2540648627128576,0.13503594838249688,0.07874726776181049,0.05376961552513668,0.042451774852943616,0.03759031125807551,0.03489436512923733
12.600000000000001,0.0637186503105678,0.06940052521928397,0.09027864097471709,0.1399992933632353,0.25418351710097997,0.13507490804279473,0.07870656345371282,0.05375254751587412,0.04241537929027174,0.03761928050241705,0.03485069422614536
12.65,0.0637430368902707,0.06935227031287514,0.09031769912180493,0.13993028113066802,0.2543162635824413,0.13506847553133491,0.07868513248299495,0.053741335598601794,0.04238278765068764,0.03764787712741575,0.034814840570904546
12.700000000000001,0.06372386898011372,0.06930304376011152,0.09037503754530161,0.13988248841435824,0.25443573768568606,0.1350712200139313,0.07866333456826718,0.05372970661445905,0.04235856988278924,0.037669195945938545,0.0347877965890436
12.75,0.06369873786559847,0.06928821549670278,0.09041388509831658,0.13974052729020786,0.254586671130542,0.1350707531944031,0.07865480912115032,0.05372699562295341,0.04235075215246653,0.0377073558788325,0.03476129714882649
12.8,0.06362523536817695,0.06925331852390047,0.0904497246639636,0.13965100964053379,0.2547829975231499,0.13503351414935813,0.078663231993843,0.05373559233408975,0.042323622409571764,0.03773817578695261,0.03474357760646016
12.850000000000001,0.06355483630905841,0.06925433086008106,0.09046426120172235,0.13959210203693914,0.254951329806409,0.13502986755411636,0.07866498742197603,0.05373913576845138,0.042287353306249706,0.0377496464550523,0.034712149279944336
12.9,0.06346638753492609,0.06929291507835897,0.09048082423276009,0.1395683036441334,0.2551117939114694,0.13501017863649722,0.07866917953353013,0.05373202031531861,0.04224311091879893,0.03775379119817603,0.034671494996031255
12.950000000000001,0.06339129680433642,0.06929735077090696,0.09057037971258979,0.13950953199297716,0.25526964777092515,0.1349979158361839,0.07867717696601575,0.05371825729444916,0.04219353327470872,0.03773915202851111,0.03463575754839585
13.0,0.06331247609110796,0.06934602688866781,0.09059455055575756,0.13951326765468555,0.2553402018164265,0.13502001582435486,0.07869444630265214,0.0536965077453783,0.04215272409880388,0.03771538058528694,0.03461440243687852
13.05,0.06320972691925063,0.06938423311127428,0.09064595548118445,0.13948037222422088,0.2554938566948566,0.135040247661273,0.07869594257205705,0.05367172823561158,0.04211533228016075,0.03768397633702807,0.034578628483082664
13.100000000000001,0.06310930466704535,0.06939454114120344,0.09078655628204764,0.1394093783191686,0.2555827081331924,0.13511992209863882,0.07869187083201108,0.05363192915711145,0.04208539643802318,0.0376583187901702,0.03453007414138784
13.15,0.06303735500179626,0.06942805190256797,0.0908775613398201,0.13938410274909346,0.25568129992243094,0.1351796022193656,0.07867946061331466,0.05359061227063587,0.04204851098262609,0.03762596473685003,0.0344674782614991
13.200000000000001,0.06295647556049197,0.06948550788951596,0.0909341535780087,0.139353385688987,0.2557098282070121,0.1352631430446915,0.07868415903982806,0.0535488279903237,0.04201579698990119,0.037616862936010936,0.03443185907522895
13.25,0.06288250464758705,0.06953939094904069,0.09093425074676491,0.13934608543613325,0.25581619938775996,0.13532510654687033,0.07866160707246371,0.05350536636982065,0.042006114632064266,0.037578442481787766,0.034404931729707475
13.3,0.0627974425807986,0.06961591951256377,0.09090771512593039,0.13934639751390446,0.25591624366670035,0.13537678476223733,0.07865477594077415,0.05346971797180165,0.04199367203543572,0.03753137142844764,0.034389959461406036
13.350000000000001,0.06270743393116425,0.06965748907123663,0.09087006112159904,0.13935944792811863,0.2560066920730103,0.1354221933644905,0.07864676684660592,0.05345224978102539,0.042017037973961564,0.037478808472842434,0.034381819435945475
13.4,0.06261526678738207,0.06967723071572332,0.09085796011530926,0.13947240827825566,0.2560483672048857,0.13544083815241048,0.07862557658660811,0.05342156942281328,0.04204505975277492,0.037397365518984815,0.034398357464852515
13.450000000000001,0.06256718424262879,0.06964795990873984,0.09080190330380798,0.13961949819842293,0.2560950566748215,0.13546171271425753,0.07860058067387457,0.053379098817433066,0.04206415004978685,0.03734763632138439,0.0344152190948426
13.5,0.06254235447502161,0.06962279874959053,0.09078600932528744,0.1397594146992776,0.256112388560227,0.13548200584616565,0.07854381405925703,0.05332679480087288,0.042074711418963774,0.03731081038730391,0.03443889767803237
13.55,0.0625301004707259,0.06961002995689955,0.0907872673244118,0.13991502185066454,0.25606836787984516,0.13549887091690563,0.07851930587125915,0.05325846387139197,0.042059792064375795,0.037299960378818324,0.03445281941470218
13.600000000000001,0.06253528498041606,0.06958413097035901,0.09077301050040067,0.14007856933741566,0.2559871278321584,0.13552658644410343,0.078486511334841,0.053212140808100356,0.04203511134148121,0.03731626429375118,0.0344652621569728
13.65,0.06254154770104497,0.06957236652111091,0.09072932246019336,0.14026692866870574,0.25590456679669576,0.13554076791547656,0.07844227125057743,0.0531565611443125,0.04202218597445474,0.03731935455467699,0.034504127012751115
13.700000000000001,0.06253389631844661,0.06956477302575699,0.09070818390443451,0.14041404872348937,0.2558351048336962,0.13556336068097427,0.07841081361163438,0.05308928647927403,0.04199740886604188,0.03734505191520834,0.034538071641043576
13.75,0.06250169346196982,0.06958849264424659,0.09064301452141126,0.1404938537577292,0.2558775737736073,0.13559189667909155,0.07834566133813674,0.053039139176735146,0.041990787795105816,0.03737055475555107,0.03455733209641549
13.8,0.06245568578309368,0.06966328953551693,0.09060353517523478,0.14052118635324196,0.2559565580848883,0.1356143976275601,0.07826161098969499,0.05299407035672556,0.0419661096423307,0.03738640145098666,0.034577155000726244
13.850000000000001,0.062446084086697724,0.06976169992107491,0.09052050489884629,0.14044164698242184,0.2559578489566566,0.13566836572799024,0.07822471910072583,0.052976682094203045,0.041954237145160354,0.03743143990179207,0.03461677118443131
13.9,0.06246346302893244,0.06984418034435132,0.09043991486919838,0.1404877137686317,0.2558977609849345,0.13570056984171291,0.07816991846938572,0.05294866860782889,0.041926959929149694,0.03747436272797496,0.03464648742789949
13.950000000000001,0.06245343026474772,0.06992392923898023,0.0903876394650716,0.14060235714125224,0.2557215879428143,0.13576618772257207,0.07807911110319539,0.05296007384962275,0.04190229178987522,0.037506049458424257,0.034697342023444204
14.0,0.06241715816443431,0.07001326737383963,0.090366798360436,0.14069655869464162,0.2555240915556036,0.13583082652302317,0.0780246907629735,0.05297717813146276,0.04189239236655152,0.03752724346366125,0.034729794603372666
14.05,0.06234870681304087,0.07008095839742828,0.0903570137519292,0.14082396587061866,0.25527994671338494,0.13590919668158988,0.0779690182627998,0.05299958167983256,0.04188215118253288,0.03757162128246799,0.03477783936437506
14.100000000000001,0.062341115884332395,0.07012333218242692,0.09029129354020081,0.14096638326467933,0.25503702065202377,0.1359911001495557,0.07791650159588905,0.05302771010287816,0.041863639821087865,0.037619053102368065,0.034822849704557825
14.15,0.06229521073566262,0.07017436453186271,0.09020320654244479,0.141156840451985,0.2547792273643463,0.136067083758127,0.07789429844092878,0.05304724403985082,0.041841268631104225,0.03765157084339175,0.03488968466029625
14.200000000000001,0.062264258368614045,0.07020252264073823,0.0901217385243842,0.14133782535321043,0.25462275897805203,0.13610629019282283,0.0778759813838808,0.05305479868687723,0.04180105235772257,0.03767974037750765,0.03493303313618999
14.25,0.0622649455841131,0.07022931171881747,0.09000672249025807,0.14147084221612274,0.25461199062525847,0.13612993854771427,0.07781431058806317,0.052999606767043024,0.04180233134267561,0.03770324563811703,0.034966754481816756
14.3,0.06225483059959524,0.0702680499760733,0.0899263879441194,0.14151820961701433,0.2546873520905223,0.13616122779197948,0.0777590301231564,0.052906756729743376,0.041794579191722185,0.037730092281575846,0.03499348365449802
14.350000000000001,0.062272631094853245,0.07033434784321234,0.08988500121995152,0.14163467445309716,0.2546168865857946,0.1362181693845328,0.07768437114456261,0.05280600054657804,0.04180459610670183,0.03771822228738564,0.03502509933333006
14.4,0.06227308029582877,0.07039892407724882,0.08986834916484862,0.14181140857579194,0.2545335756082727,0.1362733334539969,0.0775751565084323,0.052705674122707394,0.041829938814171484,0.037676629265851656,0.035053930112849456
14.450000000000001,0.06220960115876379,0.07044609658676666,0.08983007018597694,0.1419432532214664,0.2546205992943106,0.13629639229889115,0.07748972228376905,0.05261010974645565,0.0418470210642401,0.0376388865614752,0.035068247597884634
14.5,0.06210931174467121,0.07050105532413505,0.08977072797133133,0.1420518210033834,0.2547191036739079,0.13631410243385225,0.07743602375506745,0.05252831458207283,0.04186753327714947,0.0376011533338446,0.03510085290058439
14.55,0.06202135047007082,0.07050783697270487,0.08971176628465588,0.14211970379164598,0.25490423440780424,0.13631441361167504,0.07740324194780886,0.05242069757054082,0.041906877331992776,0.037550761764397644,0.0351391158467031
14.600000000000001,0.06194192055088645,0.0705493832198353,0.08970450819478956,0.1421068801442055,0.2550567261513498,0.13630178738455598,0.07735296311028468,0.05235425644490649,0.041970840077493285,0.037509946275548635,0.035150788446144346
14.65,0.06188301513597679,0.07060948402284675,0.08965898732341408,0.14215835777801072,0.2551398325367153,0.136298130824648,0.07730880982868385,0.05229456808056417,0.04203598648134322,0.037456468873568446,0.03515635911422854
14.700000000000001,0.061823731445728364,0.07067722088388237,0.08959754916648088,0.14223862324777167,0.25518041789491,0.13630305718218277,0.07725844803291833,0.052240607000422455,0.04211160580583155,0.037404973905803364,0.03516376543406831
14.75,0.06182885991000793,0.07074947438189935,0.08958728606537389,0.14227879307149716,0.25511052189040495,0.1363164321909723,0.07722975503439333,0.05219173162576315,0.04219639141093605,0.03736017260399908,0.035150581814752724
14.8,0.06185223278368183,0.07079092133169403,0.08954716615131722,0.14233674366431043,0.25512751980965664,0.13631306562721776,0.07716120328480328,0.05214672087991988,0.04227532134146076,0.03730955644540907,0.03513954868052931
14.850000000000001,0.06190717999530408,0.07080915621640968,0.08954484052373692,0.14240594299936205,0.25512886126900997,0.1363189639487548,0.07708875982851181,0.05208118289191055,0.042319081016018174,0.03726174459801841,0.03513428671296368
14.9,0.0619036513824254,0.07084228883446247,0.08955068578433747,0.14244085226627062,0.255174007336622,0.13634008708411502,0.0769920701368458,0.05201090144176122,0.04236118032701195,0.03725213884050666,0.03513213656564139
14.950000000000001,0.06191347252362956,0.07083984420654263,0.0895681574852908,0.14248347719249554,0.2552590296513805,0.13634674356250792,0.07690397792198467,0.05190635223761692,0.04242691285195836,0.037262508220026844,0.03508952414656628
15.0,0.06191123867170885,0.07083593496546951,0.08959284607519996,0.1425115994290166,0.2553244516145471,0.13634771054511952,0.07685753964630478,0.05182287785256351,0.04246740132566284,0.03727710076348006,0.03505129911092719
15.05,0.06197537780641306,0.07083045909424504,0.08962833990478986,0.14251269133342342,0.25528206875161985,0.13634619229943323,0.0768569268000749,0.05174826157105629,0.04246860722111441,0.03730037250867777,0.03505070270915211
15.100000000000001,0.062029486254985416,0.07081924744611617,0.0896570530506467,0.14247907680372707,0.2552227691973009,0.1363455042025598,0.07688841766498074,0.05167528583519227,0.042502484052153816,0.03733517552472666,0.035045499967610604
15.15,0.062090693740973535,0.07086771972658963,0.08971340334030681,0.14236854241717486,0.25508526813388466,0.13636346240082747,0.07694237454042897,0.051634240849647135,0.042525083444860265,0.037371678363979616,0.035037533041327076
15.200000000000001,0.06216360371039585,0.07090408180686564,0.08976979446418304,0.14230630360614652,0.25497810812328225,0.13639006195140593,0.07693424719509127,0.0516146807323208,0.04253818396491444,0.03737177457978029,0.035029159865613974
15.25,0.06224570415535958,0.07093154631110606,0.08979263219850893,0.1422589207337826,0.2548653351756479,0.1364376715605956,0.07693046460508421,0.05161588954314877,0.04252326062930549,0.037360659685181145,0.03503791540227974
15.3,0.06230323095804696,0.0709290213559996,0.08980558245142335,0.14214867789628327,0.2548211553875788,0.13647558055572762,0.07698679760876447,0.051613446977931986,0.042511314763901166,0.03736596513477689,0.035039226909566026
15.350000000000001,0.06238946414308943,0.07092265746875817,0.08982679200485687,0.14200719394891817,0.25477442514405657,0.13649678441783247,0.07702380913735901,0.05163537647760739,0.04250393941616816,0.037391885039434206,0.035027672801919686
15.4,0.06246848963062633,0.07091944678216522,0.08983902172845909,0.14194997964749867,0.2546922162742274,0.13648316875335142,0.07707798834376577,0.05163406415932495,0.04249841489325911,0.0374286635770376,0.03500854621028444
15.450000000000001,0.0625362457583857,0.0708712455122877,0.08984517268031617,0.1419368677018368,0.25460812452559495,0.13648946820495408,0.0771240534719412,0.05163669662243816,0.042505337881277666,0.03745395245364428,0.03499283518732316
15.5,0.0626080777872522,0.07085418526785849,0.08983131717110757,0.14193527684861407,0.25451157973922467,0.13650240156896615,0.07711609059229103,0.05165742865700941,0.04250855822292895,0.03746626633324396,0.03500881781150341
15.55,0.0626538064683407,0.07081554593037716,0.08980357693278239,0.14198159764477503,0.2544456845487086,0.13648453656489018,0.07713214103347081,0.051680871443798716,0.04248954942639438,0.037480839195046106,0.03503185081141589
15.600000000000001,0.06269255313804449,0.07071542623730884,0.0898116349325478,0.14205133907165324,0.25442078533205414,0.1364360698488309,0.07715618956522462,0.051723362152693395,0.04247319266886187,0.037475990300461594,0.035043456752319166
15.65,0.06273399319895658,0.07059175674227476,0.08984161447170493,0.14211603320829044,0.2545453220518553,0.13631510798907148,0.07716067692447391,0.051752021261810686,0.042414595048357366,0.037483583023781374,0.035045296079423235
15.700000000000001,0.0627547061501845,0.07046588998146205,0.08986939353035928,0.14225309347248294,0.25462745400309494,0.13624537513713095,0.07713347133034029,0.051760236026533825,0.04235074391596176,0.03748038412482731,0.035059252327622116
15.75,0.06274762373706996,0.07034148178480942,0.08988192496341631,0.14236296585155725,0.25469372952679453,0.13618321959905177,0.07713637216292432,0.05179778161349627,0.04229574211358446,0.03748605155168984,0.035073107095605884
15.8,0.06277645456922665,0.07020598322050874,0.08991234819644175,0.14238481037718206,0.2547218390763542,0.13618193993048044,0.07717572201567084,0.05182505463555965,0.042254374230180206,0.037490585423849844,0.035070888324545545
15.850000000000001,0.06282916056058448,0.0700805790324955,0.08990745499108953,0.14241531768940419,0.254701919091586,0.136159605570912,0.07721214315198309,0.05186017795016004,0.042262004915256585,0.037487805405783094,0.03508383164074535
15.9,0.06287610440187129,0.0699656129984007,0.08996106770760658,0.1424794705522747,0.25462464881367985,0.13605179862145472,0.07723036650599621,0.051906541756489115,0.04227532587933724,0.037494576765521245,0.03513448599736837
15.950000000000001,0.06295122342167919,0.06988648080176778,0.08997782222791165,0.1424768071488474,0.25461493106107835,0.13590170434162802,0.07726514964600517,0.05196884179406549,0.042286231591453685,0.03749658248853802,0.03517422547702544
16.0,0.06301294931233281,0.06979417071848008,0.09001436135046333,0.14241492464896754,0.2547137724435334,0.1357225892994405,0.07727902947944261,0.05202338993187697,0.042312338375597766,0.03750217356160803,0.03521030087825683
16.05,0.06310350390263054,0.06975838894724838,0.09002909328461252,0.1423423841321091,0.25477631029922965,0.1354979394370637,0.07733601923479759,0.05205025741947689,0.042336119698689265,0.03752286246200563,0.03524712118213688
16.1,0.06316594067882493,0.06970999779536743,0.0900455613094138,0.14228754509728372,0.25476177615757584,0.13533678743597238,0.07740766737979018,0.05207906816154695,0.04237240495490178,0.0375428272184806,0.03529042381084241
16.150000000000002,0.06320762085975862,0.06969410827318682,0.09005680670094864,0.1423486399303289,0.2545416952489344,0.13526870647011577,0.07745870488715874,0.05209646007212279,0.042445250214534075,0.03756768561280487,0.035314321730106575
16.2,0.06323843669333831,0.06969087447280134,0.09007142283790334,0.1424344394947025,0.25424164942077093,0.13524528673530148,0.07750117327507235,0.05211885198080874,0.04250984599914353,0.03759012546029663,0.03535789362986088
16.25,0.06326035809665057,0.06970672202613691,0.09009353450084348,0.142491281710102,0.25392622955130495,0.13517449090420097,0.0775772017509186,0.05218580340243518,0.042567884852126134,0.03761530953948291,0.03540118366579796
16.3,0.06331260784659072,0.06975031187771202,0.0901857594277901,0.14254502297670874,0.2534658947038896,0.1351077719770143,0.07765698588367659,0.05224827699320139,0.04265153172318252,0.03764372407243562,0.03543211251779862
16.35,0.06338425045841116,0.06979241084644504,0.09026934161184513,0.1425224111231264,0.25316859153685106,0.13503722753445185,0.077683022741724,0.052297080931904,0.042716752954442085,0.037677810145091084,0.03545110011570823
16.400000000000002,0.06345848102709818,0.06986115418806392,0.09037255986518002,0.1425871421199736,0.252839708109787,0.13488467702223086,0.07771078851012796,0.05233788484502628,0.042765072193309224,0.03771998369218254,0.03546254842702036
16.45,0.06353012237902099,0.06991280319702997,0.09043305024463202,0.14261526810881095,0.252601496775846,0.13475865693777114,0.07769556329700014,0.05238191687973357,0.04282179471541163,0.03778094982502182,0.0354683776397218
16.5,0.06357618144786688,0.0699433393817802,0.09052265771837925,0.1425724629362387,0.2523693609827787,0.13467095881919866,0.07772749884240897,0.05243112472356915,0.04288260086428039,0.037825919903495604,0.035477894380003525
16.55,0.06363702472155996,0.07001375969369696,0.09059328285585365,0.1425703639302849,0.25210309361402367,0.13449695549092372,0.07778774853763094,0.052494312045408914,0.042945210242659945,0.03785278909291392,0.03550545977504343
16.6,0.06372193933086251,0.07006006591105395,0.09069185423602721,0.1425799887566875,0.25182872040432513,0.1343855076084514,0.07784070333457939,0.052539338294263695,0.042957870661981444,0.03786740929081562,0.03552660217095206
16.650000000000002,0.06383152527036101,0.07013195233856623,0.09077524200672549,0.1425945459943632,0.25158406006168715,0.1342739674985943,0.07788370309874436,0.05257239137517122,0.042953679814757624,0.037868791021520895,0.03553014151950842
16.7,0.06395347921603217,0.07021744399462394,0.0909074372596126,0.1425301492852936,0.2512356694509474,0.1342253219401921,0.0778788671678491,0.052623031034754714,0.043006850321105766,0.03789164731114179,0.0355301030184468
16.75,0.0640247733443388,0.0702925887556924,0.0910321478090971,0.14250630250808305,0.25096418479032223,0.1342044509361091,0.07784153215381341,0.05265549826633662,0.04303891467724897,0.03791294651175887,0.03552666024719932
16.8,0.06412123425232383,0.07038375427549434,0.09109552647047897,0.14246477991144593,0.2507016571893055,0.13427468181273974,0.07778443265610255,0.0526452854214197,0.04306837294309899,0.03792612467466471,0.035534150392925665
16.85,0.0642328338231584,0.07049515684861604,0.09122861325306199,0.14246004763182113,0.25040274320284095,0.13430029651240855,0.07769729749907966,0.052634904816244436,0.043075821743804844,0.03792833248897901,0.0355439521799851
16.900000000000002,0.06436405929571216,0.07063970347478093,0.09134765358298488,0.14242681938426577,0.2500602311934697,0.13440402369007032,0.07758812701181673,0.05261915341344195,0.04309636374616944,0.03792203786875027,0.03553182733853753
16.95,0.06448612587324247,0.07075268871854379,0.09148925043841155,0.14246308042941358,0.2496787381156599,0.13446475076047826,0.07746113408483582,0.05261467509722227,0.04312033606760829,0.03792593810154302,0.035543282313040804
17.0,0.06456870958960521,0.07085687942596341,0.0915997798919252,0.1424617475812829,0.2493556811803771,0.1345380453710538,0.07735873221681083,0.05259980038484663,0.04316644719456362,0.03793003604358111,0.03556414111999016
17.05,0.06466250041939714,0.07098470597269635,0.09168821269109989,0.14241281848897747,0.2490914951900132,0.13453748177672137,0.07728363855322194,0.05260039059084413,0.04321507864009304,0.037942706745136834,0.03558097093179872
17.1,0.06475086632629874,0.0711066691553906,0.09173465201539598,0.1423589415111292,0.24891794195137643,0.13455460025479823,0.07721094690511113,0.05258262199782475,0.043259484872779044,0.0379281894932277,0.03559508551666798
17.150000000000002,0.06482237096727238,0.0712354328994105,0.09174655687732808,0.14232046557798128,0.24877966272226978,0.13451254188623163,0.07715482693135846,0.05259945178154149,0.043284315643187084,0.03791497096617049,0.03562940374724884
17.2,0.06484696712474958,0.0713516780900245,0.09183342048563187,0.14229573681493018,0.24875598171488184,0.13439690002131455,0.07706930233815183,0.05260095728611056,0.04329849599966619,0.03790450419614779,0.03564605592839118
17.25,0.06488649435602928,0.07144939442054682,0.09191124580523982,0.14223466831813394,0.24881659352480964,0.13422507375687096,0.07698510018419698,0.052616819987628245,0.043283391588453554,0.037909708663065644,0.03568150939502494
17.3,0.06489907291377818,0.07154127467329474,0.09193143824131002,0.14213556925485168,0.2489926925204969,0.1340553229235888,0.07693400629009309,0.05262129813191187,0.04324722118007715,0.03792379794534402,0.03571830592525362
17.35,0.06488026592604679,0.07160222831650909,0.09195951100795535,0.14198453526076693,0.24928492532636456,0.1339315734906364,0.07686438944487073,0.05263159531360623,0.04321647901531182,0.037913547437479524,0.035730949460452716
17.400000000000002,0.06486087196754758,0.07162201140757835,0.0919624589966797,0.14182819702303706,0.24962358608004942,0.13384317612938423,0.07678405590180395,0.05266473251535375,0.04318453294586132,0.03791137044144607,0.035715006591258515
17.45,0.06485784634464806,0.07160543624839658,0.09199808019931333,0.1416779274045006,0.2499816027303987,0.13370921441721376,0.07670495302320143,0.05268606265335854,0.0431567852453057,0.03792826927973795,0.035693822453925585
17.5,0.06482346082407012,0.07156697269026288,0.09196043045875703,0.14158504785206616,0.2503703483042802,0.13360042638673078,0.07664875795944529,0.05269477513237793,0.043126802923395706,0.03796576200132956,0.035657215467284335
17.55,0.06481114585342196,0.07153841692503587,0.09191391437595674,0.14153059857613687,0.25070911748976593,0.1334670995109348,0.0765634060824096,0.05269952536030109,0.04313177039642603,0.03800042169502975,0.03563458373458142
17.6,0.06480884814266186,0.07148480082664943,0.09189248550659923,0.14148101156335374,0.25094847401534676,0.1333780276454933,0.0765671514420688,0.052703916064118006,0.04309732319733998,0.038012600765580974,0.035625360830787954
17.650000000000002,0.06480432848307636,0.07142769062345679,0.09183707225386799,0.14139719767814618,0.25119645683054925,0.1333465532732845,0.07659698392963081,0.05272568999700625,0.04305289517685912,0.038004668324558184,0.03561046342956458
17.7,0.06478681637121202,0.0713919575912423,0.09183628992612107,0.1412872837310002,0.25145600889848224,0.13328405745954058,0.07660246436165155,0.05276175144999217,0.04299300762764763,0.038012957634890945,0.03558740494821904
17.75,0.06474013268280701,0.07133284334553282,0.09180142674253786,0.14119037376159246,0.25172485169426684,0.13325932515476743,0.07663696286491813,0.05276688104912839,0.042949722693453776,0.038015035746457045,0.03558244426453826
17.8,0.06474358344554206,0.07132069779271692,0.09178036271620335,0.14108842777313552,0.25184718692391994,0.13321437773098005,0.0767161565998454,0.05276208503094608,0.04291060884938032,0.03803722471449193,0.035579288422838425
17.85,0.06475113631219911,0.07131735684171409,0.0917946211804772,0.14093706187240723,0.2520419560370704,0.13309872330888736,0.07683612597165601,0.05274021106008371,0.04288903858066842,0.038035878203969004,0.035557890630867485
17.900000000000002,0.06473776796987005,0.07133202102346546,0.09180982027588894,0.14091209766323956,0.25201288709316727,0.1330661996359718,0.07690325332046997,0.05275883828800456,0.042859540155616806,0.03804629320415191,0.03556128137015352
17.95,0.06471925944255119,0.07132654320510924,0.09174731162229445,0.14090159678119632,0.25218480299942775,0.13294513540839806,0.07693404772754389,0.052793100938685215,0.04281795228536515,0.03806691962681516,0.03556332996261358
18.0,0.06467177419993292,0.07137943931057573,0.0916803437575458,0.14092107098786186,0.25241569034390776,0.13279108849580637,0.07692632538262689,0.0527907261990919,0.042792760546425564,0.03807113099339055,0.035559649782834504
18.05,0.06459968487231052,0.07142170200428087,0.09162935596541281,0.14100973747908582,0.2526131318931617,0.1326193268493266,0.07687830399451888,0.052812321319569984,0.042776930798295316,0.03808114443442429,0.03555836038961303
18.1,0.06453302894848112,0.07143797916006464,0.09161823128260162,0.14107834321584115,0.25275871167328057,0.13248758544018754,0.07685142485304848,0.0527903961801347,0.04278698230549532,0.03809257793628331,0.03556473900458148
18.150000000000002,0.06444673413893996,0.0714672239879616,0.09158473703380375,0.14117409539049736,0.25285591140557667,0.1324491395259716,0.07683403635835045,0.05276679499643938,0.042789071975830185,0.03807492995008164,0.0355573252365475
18.2,0.0644429825715821,0.07149164854192117,0.09155965080488722,0.14119902680174257,0.252864861644904,0.13244858859843406,0.07680184952456535,0.05275144436812034,0.04283500948231441,0.0380479549097621,0.03555698275176671
18.25,0.06445855797108897,0.07153166288191906,0.09156938395999227,0.1411487658865821,0.25282990730217125,0.1324452782292954,0.07679090163786118,0.05274141481338442,0.04289413842711655,0.03803047800204918,0.03555951088853967
18.3,0.06448059886755572,0.07154650590180568,0.09157129500269659,0.14097941742075656,0.25295010985869837,0.13241810598719048,0.07681223562348177,0.05272841358237205,0.042939635962348836,0.03800774115782863,0.03556594063526533
18.35,0.06446720221997249,0.0715515737006474,0.09156315393807454,0.14087245168986554,0.25312254497975684,0.13232395518981666,0.07684402841502232,0.05273500953491261,0.04298458457775783,0.03797503440770736,0.03556046134646647
18.400000000000002,0.06444994298334272,0.07156496476368261,0.0915349838226434,0.14077391546926982,0.25332788929535127,0.1322525050475025,0.07683786082811289,0.05272288987147185,0.04302839572040357,0.03796415163681287,0.03554250056140647
18.45,0.06438432510608752,0.07154451780601842,0.09150838249791957,0.14072055355666274,0.25353255815826037,0.1321771363308805,0.07686120358799149,0.05271701945735399,0.043068011337051695,0.03795651882016834,0.035529773341605446
18.5,0.06434386283248786,0.07151321594437497,0.09149173655107834,0.14063151809877367,0.25366382252801645,0.1321267296362611,0.07690502531443762,0.05272291416706914,0.04309686678455909,0.037973534551596036,0.03553077359134578
18.55,0.06427910684636651,0.07151588580354999,0.09146644344271006,0.14057865951349882,0.25381763188881623,0.13205610305902987,0.07691738359156866,0.05272383509129218,0.043117662216005305,0.037990602090119105,0.035536686457043457
18.6,0.06425842290581883,0.0715231211984366,0.09138200087361252,0.14058672797722663,0.25387074602359405,0.1319537898265332,0.07695280349732202,0.05275273232460306,0.04314285212817256,0.038019043841757826,0.03555775940292276
18.650000000000002,0.06428585674088214,0.0715090240594529,0.0913020132488574,0.1406020470163031,0.2538427712414276,0.13189548172374627,0.07698010270635984,0.05277605066583044,0.04318068608310934,0.0380355924038707,0.035590374110160285
18.7,0.06428512011931348,0.07150026989427495,0.09122321214562246,0.14060162321069866,0.2539192637904606,0.13176134007755308,0.07696002670419587,0.05285518384315428,0.04320845597980436,0.03806283179868538,0.035622672436237006
18.75,0.06429526425279224,0.07145692316201788,0.091234786479106,0.14056309113001061,0.2539966308258181,0.13157282730414252,0.07694414266451155,0.05294297472016489,0.043232420557658933,0.03809078655215602,0.03567015235162137
18.8,0.06429047546387749,0.07136990178127918,0.09123159450379877,0.14055362120160098,0.25412242405948693,0.1313664985594527,0.0769183073713979,0.05305190570876919,0.04325604364581048,0.0381482191010325,0.03569100860349403
18.85,0.0642826311596883,0.07133723880849638,0.09120254664769772,0.14053481168000803,0.2542733928263698,0.1311439611249066,0.07689706581069294,0.05317311913310706,0.04327937958399826,0.03817315170357024,0.03570270152146473
18.900000000000002,0.0643130657853581,0.07128725498914502,0.09117326408114297,0.14042065981075347,0.2544538682898399,0.13093382119440747,0.07684706729227843,0.053308284178308074,0.04330284752927571,0.038221301685934427,0.03573856516355632
18.95,0.06434550354701324,0.07125021407943359,0.09114176811450118,0.140407711689937,0.25440999319679264,0.13086132351649343,0.07682199166771891,0.053422664680634536,0.04331846469612448,0.03826910203204235,0.03575126277930856
19.0,0.06435800387046571,0.07124488102571104,0.09113181334011575,0.14028560500667514,0.25446290339646854,0.13078012259017613,0.07679048863164926,0.0535258947812356,0.043333197633075055,0.03831216473422801,0.03577492499019975
19.05,0.0644358350378215,0.07120868919510558,0.09117082273811818,0.1401513564098464,0.2545066601410484,0.1306923525191248,0.07673076310241315,0.0536123048883722,0.04334158956027184,0.03834570733853724,0.0358039190693408
19.1,0.06449054714736192,0.07116964154753902,0.09120417665872044,0.14006324669774728,0.2545135132585995,0.1305976685374095,0.07671627934469757,0.053694563188581894,0.043353185817234824,0.0383787170598614,0.03581846074224673
19.150000000000002,0.06453987763262023,0.07113480542277119,0.09126256011732217,0.139930674871367,0.2546342541718188,0.13048011827609615,0.076689500263649,0.05375322337242909,0.04335154564177291,0.03839704535438702,0.0358263948757664
19.200000000000003,0.06460743708392551,0.07106625960598895,0.09132436683930815,0.13977281951246226,0.25471347944684375,0.13041140576287488,0.07671083145902868,0.05380463487341733,0.04334938291681265,0.038412394379541866,0.03582698811979606
19.25,0.0646653698724188,0.07098150848110635,0.09140292778181901,0.13963287924881665,0.25479600728718227,0.1303718411534541,0.0767146229644569,0.05385505402732548,0.043351172744930944,0.03842905893854158,0.0357995574999481
19.3,0.06472428275955316,0.0709041574482189,0.09154367868356636,0.13940240349390157,0.25489515621030767,0.13032263881763928,0.07672880897363303,0.0539020237800965,0.04335435276897038,0.03844501461298263,0.03577748245113062
19.35,0.0647889472036937,0.07083962657524148,0.09165387893892878,0.13925323478677432,0.2548912074215605,0.1303260642039254,0.0767549373111905,0.053933822512827224,0.043349042052133586,0.038451742704778455,0.035757496288946033
19.400000000000002,0.06483807257717743,0.07078821216761233,0.09181124342585469,0.13913694325489442,0.2549126845670106,0.13028158442298102,0.07679013459850226,0.0539112722997433,0.04333826894420955,0.0384522014841188,0.035739382257895774
19.450000000000003,0.06487704306324137,0.07075959679299498,0.0919500474849656,0.13903533528825884,0.25492388930819204,0.13023086977175954,0.07681965146876917,0.05390164364802613,0.04332525123321959,0.03844945308985408,0.03572721885071859
19.5,0.06491916315770493,0.07070958586072637,0.09208734670819808,0.13888234125216697,0.2549733076888265,0.13015848048311746,0.07684594326785558,0.05389903307296678,0.04331848510945798,0.03845121096567826,0.035755102433301024
19.55,0.06492740393258609,0.07061029308889956,0.09219290351550528,0.13879421690395563,0.255079232109827,0.13014181440698117,0.0768235827754972,0.053913004527821835,0.04329839499053771,0.03844017286449154,0.03577898088389696
19.6,0.06492858755593227,0.07049839187572136,0.09231429109106769,0.13863722066504156,0.255184114604658,0.13021318801995652,0.07680256795006095,0.053925411455685995,0.04326014685920417,0.03844480348360137,0.03579127643907014
19.650000000000002,0.06489091845661711,0.07037482968237375,0.09242038458540744,0.13856831128298697,0.25521470115131106,0.13031281043522835,0.07679885853561436,0.05394192794694151,0.04322472025063529,0.03844653512248338,0.035806002550400805
19.700000000000003,0.0648694646050708,0.07027257052048334,0.09252015189519341,0.13851664378851827,0.25516062181649185,0.13046911618694132,0.07680799241065372,0.053940328940175856,0.04317922205898463,0.03844895417524228,0.03581493360224449
19.75,0.0648866699159988,0.07017577624893163,0.09261437098615155,0.13849666256455537,0.2550279029624177,0.13069911528259845,0.07679114395803564,0.05390519344898249,0.0431383163456237,0.0384521038807069,0.03581274440599787
19.8,0.06487429899690578,0.07008509447704742,0.09269480642722479,0.1384392931093384,0.25498011934402026,0.1308606825961024,0.07679050156070806,0.05390783786041112,0.043094468330508034,0.03845229037628221,0.035820606921451455
19.85,0.06485487664339389,0.0699310939832354,0.09275325350699774,0.13847668644770475,0.2549197534807775,0.13109459184974157,0.0767694090320921,0.053888516585608656,0.04306333656494391,0.0384460226800389,0.03580245922546562
19.900000000000002,0.0648069717034478,0.06980680621549232,0.09281011481619361,0.13851654430672497,0.25482008550869334,0.13130080063284139,0.07680288823627708,0.0538763590001296,0.04304516020883159,0.03844076741526295,0.03577350195610531
19.950000000000003,0.06468467119268963,0.06971988986836669,0.09284302499266184,0.1385967101351305,0.25483135343235025,0.13137596638999705,0.07688192496703802,0.05388460919855559,0.04301882582114875,0.03842906546196415,0.035733958540097574
20.0,0.06459558896277914,0.06968582136141906,0.09288761458348872,0.13870835717714464,0.2546073922205263,0.13149534220001166,0.07697352422514754,0.05390003746230903,0.04299055618548204,0.038424634281207674,0.03573113134048426
20.05,0.06456277891085138,0.06966498984273363,0.09292933942484305,0.1388690453124152,0.2542618292421764,0.13158128504227792,0.07712999596199288,0.053896811617180435,0.042970955147575596,0.03842113998818569,0.03571182950976782
20.1,0.06454412792739703,0.0695958773615135,0.09295837490056372,0.13900873915383868,0.253999266456402,0.1316761094470678,0.07729640438671687,0.05389493337193236,0.042931923748049,0.038406960883061565,0.03568728236345762
20.150000000000002,0.06450212389329442,0.06953758416444418,0.09297455025505881,0.1391660813209569,0.253787839608269,0.13173958191845578,0.07743830188350825,0.053881092262608545,0.04290773528533914,0.03839706921454786,0.03566804019351718
20.200000000000003,0.06447322057888462,0.06951426777332988,0.09300857134718647,0.13928520266022448,0.2535657296729909,0.1318233705051547,0.07753177685492044,0.05383265961296201,0.04291411038560151,0.03839706898770171,0.03565402162104323
20.25,0.0644152507829162,0.06950857668987913,0.09301914210701737,0.1394956589385931,0.25338384191702673,0.13178930489744228,0.07763271547436365,0.053776387848649305,0.042936154970795046,0.03839657325937346,0.03564639311394376
20.3,0.06433895607498198,0.06955482466662882,0.09297581699202447,0.13961839234394785,0.2531513149619294,0.13185915827638375,0.07772970626922998,0.053776344119920175,0.04296468516981074,0.038381556866666285,0.03564924425847655
20.35,0.0642518939792335,0.0695923138252932,0.09293462057768846,0.1397524886709171,0.25301835161575703,0.13187636586580628,0.07781874476384298,0.05373791631408374,0.04298381434651795,0.038389167934588804,0.0356443221062709
20.400000000000002,0.06417455488626388,0.0696325424551785,0.09290169763411218,0.1398560893048064,0.25295061296521515,0.13185893855179345,0.07787468483267568,0.053688187958202106,0.0430010665237355,0.03840743440277669,0.035654190485240427
20.450000000000003,0.06409224263589328,0.06970200271482374,0.09285057132919501,0.1399221603246352,0.25286347275795545,0.13188799608797513,0.07791152122228187,0.053673775752185515,0.043025728192966704,0.03842014436207016,0.035650384620017864
20.5,0.06402280410595998,0.06979856268810364,0.09284215601749796,0.14001874536354295,0.25266539066902177,0.13191913452223644,0.07796259375470535,0.05364456254418646,0.04305250221985549,0.03843512928344097,0.035638418831449
20.55,0.06395805177784747,0.06989666160201331,0.0928571419618533,0.14006711651357254,0.25258646946604235,0.131934409974021,0.07800613209626059,0.053583938378229196,0.04305319495577591,0.03843332945081508,0.035623553823569055
20.6,0.06392822078605467,0.07002275603594971,0.09282525021685442,0.140178797017878,0.25248674583382874,0.13195008373083486,0.07798198154725428,0.05354395498118115,0.043050267658737394,0.038425587548686274,0.035606354642740604
20.650000000000002,0.06391823472813103,0.07015874179106119,0.09283776654639386,0.1402311386534305,0.2523431569866979,0.13198414234008277,0.07798091044683843,0.053506446105395795,0.04304685089129207,0.038432596267884075,0.03556001524279236
20.700000000000003,0.06390183729179234,0.070308959366688,0.09277422312733075,0.1402618138457586,0.25232018275701,0.1320147968082776,0.07799739430079339,0.05342221663671316,0.04303588743253042,0.03843879961196878,0.035523888821136926
20.75,0.06384292091771523,0.07043317392844838,0.09268292313275593,0.14030655205960588,0.25230167436939344,0.1320933230406165,0.07801061472423024,0.05336602658651039,0.04302572302399326,0.03844864136265798,0.03548842685407284
20.8,0.063822630196741,0.07056652108550901,0.09259596105798643,0.14027406689539662,0.2522023655103349,0.13218838603510868,0.07806216724468476,0.05331867205247183,0.043054064224048415,0.038454765804640724,0.035460399893077595
20.85,0.06380529862160483,0.07069474073107761,0.09251140775864372,0.14020801465276417,0.252137829718314,0.13226599203880582,0.07810925914771621,0.05327055346391094,0.04308853714782778,0.03846332317838749,0.0354450435409473
20.900000000000002,0.06381779308005231,0.07078557971189683,0.09249211068346275,0.14012128438766316,0.2521319779052423,0.13229011371323046,0.07811622291658483,0.053242500788056736,0.043115467676579325,0.03846778251838529,0.035419166618846
20.950000000000003,0.06382038614293586,0.07089040477961538,0.09250385577875805,0.1400760245388445,0.2520266544697195,0.13235811924810703,0.07809539007856645,0.05321697680804951,0.043139944258625995,0.03847239194725127,0.035399851949526516
21.0,0.06383666795609551,0.07096560981413552,0.09257151910138654,0.14003866544676888,0.25187552964187043,0.13242742193884993,0.0780697750260911,0.05319245041568791,0.043165763815576144,0.03848025902857453,0.03537633781496348
21.05,0.06389220318574156,0.07103664594512733,0.09263842965292354,0.13999417841607034,0.2517069634956762,0.13247330830237114,0.07808472988220848,0.053161770639712065,0.0431871083521483,0.03848592746962578,0.03533873465839512
21.1,0.06394754670278485,0.07109537680398328,0.09267284913950384,0.13994082886923576,0.25158591147285175,0.13251796595395518,0.07809219606770396,0.05314427847053875,0.043202705183951785,0.0384880672123412,0.035312274123149606
21.150000000000002,0.06402393038134889,0.07109093851694517,0.09264161175979709,0.1399804954969025,0.2514359235879573,0.13254471999914924,0.07816644787807778,0.05312447563368178,0.04322336338583903,0.03849613692093439,0.03527195643936686
21.200000000000003,0.06408586552686739,0.07108265462678372,0.09266468426873037,0.13999772586885958,0.25130428592411774,0.1325034494151967,0.078274627927993,0.05311001367566583,0.04324144483711322,0.03850311496219482,0.035232132966477765
21.25,0.06414609206361628,0.07108487985320557,0.09268270135162346,0.14012134096823625,0.25112308250533,0.1324332295716465,0.07832332738571703,0.05310546207418496,0.043265286134398596,0.03851628829189999,0.035198309800141284
21.3,0.06422425457968342,0.07113097692325734,0.0926823261765607,0.140254537022234,0.2508501519763328,0.13236550188968768,0.07836566064724872,0.053120617660588156,0.043291986899170375,0.038532901649791104,0.035181084575445665
21.35,0.0642901052434209,0.07114614785510166,0.09262473544238134,0.14037879419391286,0.2505856323038709,0.13237604916943588,0.07840119563288522,0.05313677809863156,0.04331659878595588,0.03854843455179722,0.03519552872260675
21.400000000000002,0.06438864181352014,0.07112183009429372,0.09256520807647961,0.1404165898734932,0.2503844097648543,0.1324287293327996,0.07843214475795383,0.053138856206074316,0.04334121822457546,0.03856729188273746,0.03521507997321837
21.450000000000003,0.06445818695283342,0.0710438115896434,0.09253078631979963,0.1404674749907587,0.2501304225074702,0.1325545105418961,0.07847637776647826,0.05315641853927441,0.043352938900747,0.03859551394571905,0.03523355794537972
21.5,0.0644777947026413,0.07095070897271215,0.09240739839572813,0.14052917843017498,0.25001063159385084,0.13268715009085816,0.07852509646185699,0.053179296351399445,0.043363920849000794,0.03861998100274855,0.03524884314902863
21.55,0.06451050829270039,0.07085057314769172,0.0923100590791103,0.14059524501879378,0.24988282303232315,0.13278710065854352,0.07857835492674815,0.05320689888524189,0.0433878656030013,0.03863860148906999,0.035251969866775916
21.6,0.0645779205523952,0.07071606821410095,0.09220921596012613,0.14062971871365046,0.24980947367020817,0.1329009163319941,0.0786068656928444,0.0532210756929377,0.04341669382416515,0.03865478531873072,0.03525726602884691
21.650000000000002,0.06468771072360041,0.07056118583397254,0.09212939228201822,0.14058962442798215,0.24984296900789893,0.13299848294138952,0.07861130074534795,0.05321631977225611,0.04344635521269197,0.03867273959427153,0.03524391945857069
21.700000000000003,0.06479409246660839,0.07039350263674306,0.09203569505915955,0.1405397569280905,0.2498876806642843,0.1331426909084019,0.07865274610836348,0.05319289428106889,0.043464834583821506,0.038671967232687135,0.035224139130771215
21.75,0.06487991539796978,0.07025586859192384,0.0919556925028824,0.1403858293421089,0.25003009852337404,0.1332798266862098,0.07871433825032789,0.05315627552198008,0.0434721643087594,0.038658611004780644,0.03521137986968335
21.8,0.06491689625039428,0.07011916632531838,0.09190197432902356,0.14023531609982745,0.25019442194356284,0.13337849254165235,0.07877158719794926,0.05311802041865354,0.04347919248493374,0.03865828913741302,0.035226643271271556
21.85,0.06493612789593357,0.0699874084580966,0.09186129473329507,0.1400983506496645,0.25028409170604926,0.1335578839075023,0.07882509241010362,0.05305552929704536,0.043486726742254775,0.03866162495478471,0.035245869245270185
21.900000000000002,0.06495549566906161,0.06988193430289953,0.09183923133971664,0.13996210101937845,0.25036981371589706,0.13382047419778503,0.07883436688503614,0.05300129587967668,0.04346022161286043,0.03860592117636115,0.035269144201327145
21.950000000000003,0.06497307998773644,0.06978240425318526,0.0918171931606066,0.13988672648034986,0.2504409578995903,0.13403354771511564,0.07884874645086362,0.05295237229042551,0.04342830889439888,0.038566509630863645,0.035270153236864166
22.0,0.06501978976429926,0.06968482047199975,0.09176878387643973,0.13986100282151923,0.25053240727104226,0.13417439109035295,0.07885564930814312,0.0529139071236866,0.0433642814005669,0.03851971931993905,0.03530524755201113
22.05,0.06502414059106373,0.06965544005742685,0.09171162635799672,0.13990933192831043,0.25046672833016853,0.1343271297322193,0.07887120342447716,0.05290455346298757,0.04332350722174762,0.03846027349405012,0.03534606539955196
22.1,0.06500294475127741,0.06960591625073582,0.09161817368104543,0.14000532977200617,0.2504715713233444,0.13451649244002098,0.07884260252669097,0.05285205465482066,0.0432670430891116,0.03842313229672157,0.03539473921422504
22.150000000000002,0.06499520406999071,0.0696101945799724,0.09153841963512177,0.14008608907531217,0.2503247138344703,0.1347315688282223,0.0788481151148067,0.05280673012676083,0.04322345228232956,0.0383835357286794,0.035451976724333874
22.200000000000003,0.06498242010401907,0.06964453966163678,0.09147532882866945,0.14022650434192607,0.2501620134029742,0.13491203475612293,0.07883904054006007,0.05277022446405259,0.043168802942483,0.03831484024408909,0.03550425071396648
22.25,0.06496097483862096,0.06968553070646313,0.09143017469525525,0.14028720703454498,0.25007471749996396,0.1350681751405701,0.07879248480711806,0.05275401333528029,0.043113237009586525,0.03827542915596065,0.03555805577663627
22.3,0.06493756491543748,0.06970230705552101,0.09136972014763792,0.14032791928459695,0.2501387806420268,0.13526879599306474,0.07873245438213866,0.05270889615519572,0.04302228605462154,0.03821528495044764,0.03557599041931142
22.35,0.06492812846971797,0.06969567047424437,0.09134092371622951,0.14043700684197724,0.2501747484633223,0.13539560430217168,0.07867772477134462,0.05265156121565522,0.04293565158354175,0.03816879820613515,0.03559418195566006
22.400000000000002,0.06491256596281604,0.06972817022426761,0.09128589026898672,0.1405293454737144,0.250196782929978,0.13554506571424046,0.07866308024415343,0.052555938088087846,0.04283357829321185,0.03813012124148507,0.0356194615590585
22.450000000000003,0.06491559220250562,0.06973921720009091,0.09116655556147307,0.14061150083613663,0.25022419353075187,0.1356958635042421,0.07867217659505084,0.05250051373962785,0.04275833469643912,0.03808972403659377,0.03562632809708816
22.5,0.06489711656693907,0.06971209160770812,0.09108276642821891,0.14071634901298327,0.25030939698744115,0.13581903663964168,0.07865826966404652,0.052467197775705306,0.04268399222778958,0.03803775284513963,0.03561603024438671
22.55,0.06485023559297882,0.06971911900795026,0.09103309974401083,0.14087479443114823,0.250399460629943,0.13592912888198172,0.0785883354231536,0.052430229588277644,0.04262278585020723,0.037988344279228196,0.035564466571120376
22.6,0.06483694041143225,0.06974473469812495,0.09098963103119286,0.1409410643548288,0.2504492893374297,0.13605387909624406,0.0785294978910072,0.052413621681061735,0.04256537612896556,0.03795537001635741,0.035520595353355444
22.650000000000002,0.06483125132999332,0.06973433293842243,0.0909598539655331,0.14099877540140823,0.25041115255653473,0.13619691744385035,0.07851481431602693,0.05240881985546178,0.04253385399167572,0.037959642445218315,0.03545058575587499
22.700000000000003,0.06480794653433238,0.06971943383083085,0.09095140163040526,0.1411061032354117,0.2502604810158087,0.13633858435782042,0.07848892959937369,0.05242462942501096,0.042520528576818414,0.03797516646498198,0.03540679532920582
22.75,0.06479653077313832,0.06967364008135685,0.09098191803665112,0.1411436943025703,0.25022094310120735,0.1364446451479971,0.07843339273394395,0.05243441754660554,0.042498040738179525,0.03800524179683973,0.035367535741510324
22.8,0.06476490974808244,0.06963818559307174,0.09104010703056303,0.14109994064700213,0.25017976956683213,0.13654566760904044,0.07840463416039532,0.052464099059297824,0.042484192210993456,0.0380284506838947,0.035350043690826824
22.85,0.06471377595959511,0.0696156156437685,0.0910504305790219,0.14106697929642825,0.2501854805199827,0.13663122355116888,0.07839241937433068,0.05249116167252511,0.04247708743903947,0.0380431040310264,0.035332721933112994
22.900000000000002,0.06464950926656204,0.0695730617489576,0.09105416210495748,0.141002071648155,0.2501543555676638,0.13672920598707364,0.0784106858587684,0.052540427110536615,0.04249256116819244,0.038058613694406065,0.03533534584472684
22.950000000000003,0.06460401167435578,0.06955435810693836,0.09108543443824033,0.14087883337162585,0.25008630073249916,0.1368144891011298,0.07843516046457644,0.05258575195464934,0.04253385011343407,0.038080002639909745,0.035341807402641194
23.0,0.06454803056611176,0.06958954825693035,0.09108349269856973,0.1407928449871912,0.25002646715378296,0.13689884799258556,0.07843925633502508,0.05264568744588151,0.042545596720745364,0.03808683777742118,0.03534339006575547
23.05,0.06450679929714637,0.06961086129417855,0.09105955189986656,0.14073108812304785,0.2500558847078789,0.13695727669436653,0.07844736096606024,0.05265273730685561,0.0425281882692805,0.0380961465079262,0.03535410493339278
23.1,0.06445917299963341,0.06964545084521226,0.0910808261256293,0.14074137200131345,0.24992308675553807,0.13704286602684798,0.07845063255004348,0.052698275944861976,0.04250351588156624,0.03809607015105622,0.035358730718297454
23.150000000000002,0.06439154722191551,0.06967667899395955,0.09113978777879189,0.14080800561878737,0.24968139650143562,0.13712136683385984,0.07847195314403589,0.05275113070491693,0.042481404471926165,0.03810267292473064,0.03537405580564054
23.200000000000003,0.06434541116597006,0.06967695141137446,0.09120165712451381,0.1408294278798199,0.24950255318886413,0.1371919889102368,0.07847524889431393,0.052822648053988695,0.04246787347376167,0.038114365224595874,0.035371874672560685
23.25,0.06429573071565328,0.06967995508638916,0.0912743989400231,0.14080029759225582,0.24940259066309997,0.13722513857158788,0.07847636114166043,0.05289243882310702,0.042468470567798636,0.03812643081371942,0.03535818708470513
23.3,0.06428309510257454,0.06966133188302193,0.09135114806873526,0.14077588966872845,0.24924244909310184,0.13725903776620837,0.07847622027636958,0.05296926426982126,0.04247729286125835,0.03814588964877982,0.03535838136140067
23.35,0.06423446678802022,0.06965831557750733,0.09137158954860528,0.1406986378921893,0.24912596256407166,0.13729173327793562,0.07854252536250289,0.05305773469211544,0.04249107571811279,0.03814278174177034,0.035385176837169165
23.400000000000002,0.06419692279559394,0.06963729974127304,0.09140507227835164,0.14064138352050892,0.24906718625466964,0.13732511296311412,0.07856428990933237,0.053137355675014125,0.04249481247523117,0.03812425644814496,0.03540630793876606
23.450000000000003,0.06418362533152729,0.06964088791390206,0.09143792681937385,0.1407650234165613,0.24879870310991214,0.137378086068744,0.0785767819585576,0.053192961402783796,0.04248161921716942,0.038107506789379506,0.03543687797208878
23.5,0.06420848695568404,0.06965788050950025,0.09148504599494116,0.14090077046480604,0.2485430801438045,0.13742917517669542,0.07857085503460229,0.05320907812528518,0.04244896054059529,0.038086532923736954,0.03546013413034897
23.55,0.06425151430272315,0.06969802526204696,0.09148652936442425,0.1409243395486167,0.24842360903529023,0.1374625060133008,0.07856115115041,0.05324546958163683,0.04241202167386326,0.03807866498425496,0.03545616908343293
23.6,0.06428653346618557,0.06975467078448426,0.09153545462553588,0.1409316455059291,0.24833214628087694,0.13745895778890674,0.078473868250659,0.053304079779333595,0.04238567358948543,0.03808126685780379,0.03545570307079957
23.650000000000002,0.06432071174374202,0.06979131218883781,0.09161989615777674,0.14098826712237353,0.24831095250452426,0.13742191566822268,0.07835131703602301,0.053327988159983165,0.042365360860802975,0.038065051077793836,0.035437227479919835
23.700000000000003,0.06438491566761978,0.06980164877970348,0.09164439812375362,0.1410818343129701,0.24825955952825587,0.13739787691686053,0.07827527177385128,0.05332939686512158,0.042339157177614446,0.03806023298482537,0.03542570786942391
23.75,0.06444490394742969,0.0698006610031444,0.09167971035111398,0.1411768823140878,0.24828142227756597,0.13730310738027537,0.07819051372836888,0.053334017160980476,0.042318870642446146,0.03805525450502387,0.03541465668956343
23.8,0.06455634421265818,0.06978754265065377,0.09170280550086003,0.14133740139883538,0.24820078979275306,0.13721257867210127,0.07810264345983572,0.0533509318079055,0.042327983365145316,0.03802563882572156,0.03539534031353026
23.85,0.0646185604837036,0.06979676018449997,0.09173079296068995,0.14148455395612394,0.2480840924044238,0.13712511378676012,0.0780493716162881,0.05338629555310029,0.04234120199849246,0.037996616818297545,0.03538664023762018
23.900000000000002,0.0646788826956177,0.0698158646614117,0.09173938346670141,0.14156969559362625,0.24797485929624025,0.13701881049480405,0.07807496288920322,0.05339606293842974,0.04236471159800345,0.037973312677355736,0.03539345368860645
23.950000000000003,0.06475091050630255,0.0698744381645609,0.09176026686281882,0.14155151430386825,0.24795032798111102,0.13691756296416538,0.07806979254284667,0.05341424986987154,0.04238285694827896,0.037933513218821116,0.03539456663735468
24.0,0.06479350886256666,0.06994321224263185,0.09173408122597188,0.14147478805762012,0.24806610585693778,0.1368426216224363,0.0780073608255993,0.053438476597835086,0.0424032905299906,0.037891642171854076,0.03540491200655643
24.05,0.06484820162616445,0.06996420613813038,0.09171310761327515,0.14144658129722207,0.24817006049919102,0.13676238462190493,0.07795553791935547,0.05344603647860628,0.04242997389194881,0.03786359206631643,0.03540031784788523
24.1,0.06488550682196888,0.0700334340909292,0.09165211509811327,0.1414721054111884,0.24833802224730916,0.13658704491443677,0.07788312317545153,0.0534607158946545,0.04245735364222487,0.03783104650810052,0.035399532195623064
24.150000000000002,0.0648909754082025,0.07012612759735358,0.09161512427311448,0.14148755608865923,0.24852006679479027,0.13643634913358682,0.07779629382779371,0.05349307594148131,0.042456069993272665,0.03779002533580561,0.03538833560593971
24.200000000000003,0.06489421125229333,0.07020913941932132,0.09157825325555391,0.14149772394546398,0.24863680830205112,0.13630361058405677,0.07775861084700714,0.05352179347314703,0.04246266596535239,0.03776744947600836,0.03536973347974451
24.25,0.0649180122581803,0.07025061660091109,0.09155022866266606,0.14146571591032986,0.24885729891663802,0.136119114713747,0.07769543015156777,0.05353747839058066,0.042463038848970784,0.0377774548569742,0.03536561068943435
24.3,0.0649386531466102,0.07031878898436852,0.0915482821928742,0.14145906929677085,0.24901335814010186,0.13596606200761668,0.07760233359582061,0.05355225713139841,0.04245404069613885,0.0377945684087703,0.035352586399529644
24.35,0.06495566003430445,0.0704066717147273,0.0915544883020564,0.14146047396934264,0.2491419274101395,0.135790767981555,0.07751924553435402,0.053548628119628815,0.04246950836645934,0.037816233150024435,0.035336395417407865
24.400000000000002,0.06495809377809297,0.0704470168123587,0.09154577232945271,0.14153177503058048,0.24924904057607805,0.1356410147470164,0.07745365174758842,0.05355346044949499,0.04249137475350022,0.0378249094235764,0.03530389035226095
24.450000000000003,0.06496549116903035,0.07053914948264166,0.09151501779613555,0.14159483586252733,0.24931456955299897,0.13546888771728377,0.0774125422707382,0.05355946884717057,0.04251468833979425,0.03784087918488322,0.03527446977679604
24.5,0.0649702855276484,0.07062269625347165,0.09139340498135144,0.14163844594126818,0.2493702358626844,0.1353155421480964,0.07744395688040986,0.05359545622753537,0.0425578433689645,0.03785011132625419,0.035242021482315596
24.55,0.06498784489141865,0.07072167419058098,0.09130426209832684,0.14165560303628932,0.24941286143330377,0.13514734303114473,0.07745820637467987,0.05362109021761477,0.042633667177046086,0.03785752913470217,0.035199918414892846
24.6,0.06498891985577551,0.0707823015145913,0.09114187512172651,0.14175187575131962,0.2496330100141343,0.1348833894637841,0.07746893629615502,0.05365206259718589,0.04269065852321095,0.037853388886670454,0.035153581975446394
24.650000000000002,0.06496554701019394,0.07078758160420928,0.09102764366802327,0.14181371662794645,0.24988544501315157,0.1346752528523686,0.07749470582248925,0.053674631165515255,0.04273668644277558,0.03785104710243635,0.035087742690890635
24.700000000000003,0.06494668248929682,0.07077328240759899,0.09091973379029131,0.14187607580474168,0.2501314396907422,0.13448902410842054,0.07752658435990883,0.05368141473082318,0.04276644391863305,0.03786752338795986,0.035021795311583725
24.75,0.06492436807935482,0.07079247982639274,0.09077810441835794,0.14193319807414356,0.25033539926501186,0.13434013014401364,0.07754646232797631,0.053698336778648596,0.04280119157193796,0.03789054889805678,0.03495978061610585
24.8,0.0648888588157965,0.07080688367517994,0.09065495129715408,0.1420209104183097,0.2505417034174782,0.13418631309090792,0.07757671547035994,0.05370558737603391,0.04282542816753803,0.037899734637884284,0.03489291363335761
24.85,0.06488704239724052,0.07084218222025376,0.09056242293752899,0.1421166302473502,0.2506725845348412,0.13405888850707667,0.07755950984842042,0.05371705223745176,0.04285064966735204,0.03789788989844766,0.03483514750403662
24.900000000000002,0.06487982976886447,0.07085690012566899,0.09049052709443506,0.14219310906159924,0.25084846685611356,0.1339110764421103,0.07755936855586135,0.053722245648785374,0.0428687555302634,0.03787701579247125,0.034792705123826824
24.950000000000003,0.06486398245320324,0.07081612645176776,0.0904147867951145,0.14221643965756456,0.25112370383553534,0.13379739640812144,0.07753828807587189,0.05371908442299469,0.04287839043512516,0.03786284849453462,0.03476895297016673
25.0,0.06484264990760877,0.07078015469777763,0.09031358136467244,0.14225130152868917,0.251376354604664,0.1336934696174755,0.07755079867933706,0.05371035432693648,0.04288205857318908,0.03785001586390215,0.0347492608357476
25.05,0.06482909189841655,0.07079090290123535,0.09021534337508491,0.14219071798298022,0.25163083850598605,0.13363249605548652,0.07755492043428472,0.05370719804436405,0.04288890247081535,0.03781770735873173,0.03474188097261458
25.1,0.06481741777989772,0.07077130278183458,0.09016226845230339,0.1422207334283374,0.25179809644721307,0.1335542709564723,0.0775389464904707,0.053704777714500135,0.0428951679120387,0.03781086442681366,0.03472615361011838
25.150000000000002,0.0648169118317089,0.07079087054298733,0.09009745684085227,0.14227548347295707,0.2519984866118048,0.1333792710305116,0.07748502598286769,0.05371087467030074,0.04290721954553461,0.03782083449683714,0.03471756497363801
25.200000000000003,0.06481779942940447,0.07077566956760115,0.09004951942924963,0.14231683449565333,0.25216341160959366,0.1332236290529949,0.07745798112231939,0.05371739246818648,0.04291863966727639,0.03782950547511636,0.03472961768260424
25.25,0.06482594921212435,0.07073332862426561,0.09001431124601872,0.14237657901588838,0.252254564551419,0.13316324689764594,0.07739791721825756,0.05372927643324971,0.04293350675568991,0.03785736756280222,0.03471395248263856
25.3,0.06482496382894472,0.0706946077772315,0.08996750078116582,0.14243914677940056,0.25233906590048427,0.13314485805562512,0.07734448961246963,0.05373294901541516,0.04294101899231158,0.0378658454082799,0.03470555384867167
25.35,0.06482390913810997,0.07064882513200323,0.08991803424093328,0.1424659814245446,0.2525454052431076,0.13305216663363836,0.0773305072606318,0.05373605753322127,0.04294745771810735,0.03784634268134473,0.03468531299435787
25.400000000000002,0.064822893049862,0.07060321844904704,0.08984502674670067,0.14249083628022152,0.2527995085958653,0.13288305841890166,0.07733688150828934,0.05373871981568612,0.0429408317999759,0.037835363018573945,0.03470366231687656
25.450000000000003,0.06481083140776864,0.07056348355730964,0.08983128280054481,0.14252188716291028,0.25299859787406836,0.13271654977924893,0.07738387729182761,0.05371760478420855,0.042932106326091304,0.03780842440570659,0.03471535461031505
25.5,0.06478728679786988,0.07050530837739961,0.0897869460638033,0.1425708680517628,0.2531820627063855,0.13258344225838894,0.07742307059394864,0.05369852963124385,0.04292323531086166,0.037801102189302827,0.03473814801903301
25.55,0.06474541635717193,0.07046047423676587,0.0897232257221062,0.1426194868760271,0.2534035404101728,0.13244104537387694,0.07747168226708243,0.053652171651157016,0.042908562873157585,0.03780156723465288,0.034772826997829256
25.6,0.06471917780733723,0.07044324113720578,0.08965924959523586,0.1426472266024141,0.2536458158009996,0.13227676585523312,0.07746353426262295,0.05361868493022734,0.04291360588324578,0.0378108778825413,0.03480182024293673
25.650000000000002,0.0646851315144295,0.070459192408652,0.08956796259112232,0.14261994328907662,0.2538860090102538,0.1321580044047788,0.07744946059051896,0.053600289475935495,0.0429286656338589,0.037811491718962295,0.03483384936241136
25.700000000000003,0.0646703430495048,0.07046124399987043,0.08950285325238895,0.14256031362639043,0.25405509367369655,0.13214685690159592,0.07741668129504926,0.053597901338103486,0.04294199701606221,0.03779979631185655,0.03484691953548136
25.75,0.06468933981377745,0.070521931548065,0.08942915283122246,0.14244907233149467,0.2541570123617031,0.13214002106467196,0.07739248209730884,0.053603439833401254,0.042943006029634044,0.03782067841567547,0.03485386367304579
25.8,0.06471482459088258,0.07055407508409495,0.08933606955333641,0.14235672972272373,0.2541832120143719,0.13220274814875055,0.07737779139872558,0.05363118217016308,0.04294902444778636,0.03782164287118745,0.03487269999797736
25.85,0.06473540466386486,0.07058471114106202,0.08923464944451505,0.142255686694942,0.25423681816290894,0.13224265473021948,0.07737133421654795,0.05365395098626641,0.04294095234393331,0.037840811158212195,0.03490302645752777
25.900000000000002,0.06474381625453761,0.07062539331732906,0.08916715556688402,0.14217557774495182,0.25429264025459686,0.13226006516224506,0.07739438347489627,0.05366586484047064,0.042921934073138324,0.03783807364564717,0.03491509566530309
25.950000000000003,0.06474633301424397,0.0706338475094142,0.08916287200256076,0.14209916641355336,0.2543763025144129,0.13222571375298411,0.07742669839490654,0.053672287516155624,0.04290727594376253,0.03783434561482339,0.03491515732318249
26.0,0.06474460275176896,0.07066405217796577,0.08917373132681082,0.1420000260944655,0.2545127470362825,0.13221050599167092,0.07748317175194305,0.05364727213319014,0.04286684221707827,0.03779012893093755,0.03490691958788642
26.05,0.06474276222168714,0.0707179707572921,0.0891534150157628,0.14185371796235055,0.2546124817366884,0.1322202313602627,0.07754721088838248,0.053615821712229485,0.04284236486760297,0.037764849174997214,0.03492917430274418
26.1,0.06472426032053671,0.07074390176622851,0.08915647627489512,0.14174297287622636,0.25469305449419194,0.1321848856312297,0.07762731472660368,0.053587022733809185,0.042833187552614206,0.037759310269837434,0.03494761335382716
26.150000000000002,0.06469385425753164,0.07072275019284756,0.08917489461377062,0.1415838383565411,0.2548675136545051,0.13212844735870333,0.07770822310815627,0.053582595730608765,0.04283009840321645,0.037741091448248776,0.03496669287587026
26.200000000000003,0.06466433939773378,0.07074083858422538,0.08920796116667169,0.14137803801496115,0.25501632444891914,0.13214547556066666,0.07779334758058686,0.05355677882615783,0.04282114664247412,0.03768833195103288,0.03498741782657056
26.25,0.06464149708860596,0.07079049177580446,0.08925628098959258,0.14116207210685072,0.255177515040787,0.13213325888528055,0.07787669607525181,0.053524573134916556,0.04279350133108838,0.03762651099918415,0.03501760257263785
26.3,0.06465596525563613,0.07080771705481449,0.08926064131810012,0.14100788950842782,0.255307350681149,0.13216333327554403,0.07794837619191577,0.05348983179613469,0.04276353693583421,0.037565406561572715,0.03502995142087085
26.35,0.06463740083903684,0.07079991538090559,0.08926096868058084,0.1408401686145503,0.25545562909507474,0.13222134699387492,0.07802253732428792,0.053458569853897325,0.04273878059289322,0.03751452586582078,0.035050156759077605
26.400000000000002,0.06464881090606484,0.07082178403399846,0.08923512463835122,0.14067543547110134,0.25556411568977183,0.13224393833848475,0.07810585529241054,0.05341064196391068,0.04272828659180855,0.03750276444785665,0.03506324262624115
26.450000000000003,0.06468623033539815,0.07085864448130987,0.08918333896464772,0.1405487646866149,0.2556223365399819,0.13226355646621227,0.07820042083255217,0.0533672789229107,0.04269858790432644,0.03749595343535843,0.03507488743068732
26.5,0.06471867639501595,0.0708726373899885,0.08913990668648246,0.14044161795364868,0.25577485875618816,0.13214923786740776,0.078273354707939,0.05335633646071177,0.042685471320500684,0.03750638222132512,0.03508152024079198
26.55,0.06473167019528459,0.07090442741307766,0.08909524337753515,0.14030651528552504,0.25590057919555137,0.1321271022075199,0.07831474963381956,0.053355622081646556,0.042663767446390256,0.03751652683681611,0.03508379632683389
26.6,0.0647774145525725,0.07090030795170116,0.08904528511734738,0.14022305389492276,0.25601194077134204,0.13207712430008553,0.07831421400227542,0.05336405976232009,0.04266177310801151,0.03752463417395557,0.03510019236546619
26.650000000000002,0.0647965845738125,0.07089670023304184,0.08900717965795844,0.14008582788350066,0.2561994038841739,0.13197873926643133,0.07834274896799467,0.053392181457320005,0.04268171626481489,0.03751641377653914,0.03510250403441271
26.700000000000003,0.06479728379719657,0.07097063255071856,0.0889444790725084,0.13992573175928286,0.2562890100253143,0.13188755442675346,0.07841506535640715,0.05343364181676072,0.04269834962267141,0.03751872611963828,0.03511952545274841
26.75,0.06477490602582578,0.07104400079174633,0.0888334186145585,0.13967169731204274,0.25653010440847857,0.13184739460369013,0.0784880396913308,0.053466408960545976,0.042706268590310216,0.03752882107791215,0.03510893992355876
26.8,0.06475064233027515,0.07111993908896862,0.08878579836670779,0.13940795082316051,0.2567093385281538,0.13175015558635061,0.07855309338348795,0.05350058306871798,0.04273642280831134,0.037561231377820185,0.03512484463804579
26.85,0.06470314020048742,0.07118859274173779,0.08872426091377325,0.13927534465759706,0.2567857624384479,0.13167025350935666,0.07860076424190077,0.05352977519030432,0.042761394788439946,0.03760254588725565,0.03515816543069916
26.900000000000002,0.06467147455550609,0.07124828264460244,0.08869294525090426,0.13926044242541225,0.25691951039254163,0.13151207693232272,0.07862470277952496,0.0534856804700837,0.04277413916348206,0.037626496833796895,0.035184248551822964
26.950000000000003,0.064607384493779,0.07128814002531521,0.08863413849359753,0.13927398532481033,0.2570733719147145,0.131363125680434,0.07865952484308245,0.05343031349105656,0.04278531106776239,0.03765800027307642,0.03522670439237151
27.0,0.06456313957145575,0.0713096087077525,0.08858946688194959,0.13927035758069511,0.2571583021038238,0.1312533631352148,0.07870962913316393,0.05337318407682074,0.04281572543385581,0.037693476024316226,0.035263747350951904
27.05,0.06452224657067011,0.07133239780831598,0.08849491347244189,0.13925056619075843,0.2572523203329895,0.13121304185892624,0.07876088993658342,0.05334734222901671,0.04281671816586783,0.03771329692699606,0.035296266507433886
27.1,0.06450654096249976,0.07130857257530465,0.08845246050694429,0.13921396430302332,0.2572830511537868,0.13118435185601562,0.07880664598272313,0.05335564116593305,0.042825038586391036,0.0377256166530241,0.03533811625435434
27.150000000000002,0.0644680596074414,0.07129709693197285,0.08841921622308367,0.1392069822450438,0.2572880028420078,0.1311724319237461,0.07884745764526559,0.053360770164414977,0.04283468692251348,0.03774872415850257,0.035356571336007676
27.200000000000003,0.06444133666427602,0.07130965171010444,0.08837075215982215,0.13922010321085393,0.25728711144803323,0.13108700756606498,0.07889624481501287,0.0533789883283247,0.042866613823825936,0.03775640364674879,0.0353857866269327
27.25,0.06441409239815257,0.07132028471692252,0.08836067183633439,0.13932100262656852,0.2572465939483145,0.13097182005969898,0.07893082557327397,0.05340079192331922,0.0428599201084302,0.03774548214295569,0.035428514666029455
27.3,0.06441034190851097,0.07137384053585877,0.08834990589369647,0.1394979007004239,0.25699658305507195,0.1308500427288808,0.07897295495087907,0.05345776706837776,0.042860125721649,0.03775364704893088,0.03547689038772056
27.35,0.0644322967466772,0.07136261922604839,0.08838227976518573,0.1396411611149352,0.2567765868085738,0.1307601392840202,0.07898205109572103,0.0535345971071049,0.042852681770268845,0.03777372268972596,0.03550186439173879
27.400000000000002,0.06445509334511267,0.07134073581421092,0.08840869821016552,0.13984403814886778,0.2564685610246044,0.13072134937832347,0.07895921875186651,0.05360865771191954,0.04282305693789729,0.03781537228685502,0.03555521839017682
27.450000000000003,0.06446744102936837,0.07128137599007878,0.08843142361671975,0.1400060272560271,0.2561424795477962,0.13069551069619711,0.0790007675428943,0.05366305256155641,0.042832372190565585,0.03786890102640063,0.035610648542395984
27.5,0.06449331996444055,0.07123627163309475,0.0884158595679385,0.14025598339274192,0.25588286407679706,0.13059156153611137,0.07902870080866828,0.05372926448730753,0.04282881426776136,0.037907060222776186,0.03563030004236268
27.55,0.06454634431624683,0.0711775896311616,0.08841678410247181,0.14051633739445799,0.25566098647146657,0.1304193224082243,0.0790743736540249,0.05377759644148828,0.04282776612000384,0.03792581500557795,0.03565708445487597
27.6,0.06458240384352028,0.07109595282206538,0.08843700115292544,0.14082989622287384,0.25540496586156974,0.13031909058894744,0.07908022760814565,0.05379095178301474,0.042843903252001596,0.03792911584049247,0.03568649102444353
27.650000000000002,0.06461353711808719,0.07102055333816835,0.0884927169330491,0.14111795345975536,0.2552298073272399,0.13023136294128881,0.07909046654518873,0.05377041696049755,0.042829326584136046,0.03791775615258691,0.035686102640002104
27.700000000000003,0.06464512156707841,0.07102827662142007,0.08854368742899961,0.14142772721827127,0.2550381364218756,0.13010657382498844,0.07905837097560095,0.053752542288194996,0.04279146782795724,0.037920687321561175,0.03568740850405196
27.75,0.06464970935473871,0.071006394084065,0.0885983531710398,0.14167722949054762,0.25495828708005686,0.13003519669984126,0.07900635618647105,0.05370127322001624,0.04275551278311936,0.037929294330438075,0.03568239359966629
27.8,0.06467356389528807,0.07101432794334318,0.08864236614680639,0.1418406827987348,0.2549359964495914,0.12991319654555253,0.07902024681125454,0.05363803633041851,0.042701180118113184,0.03795714911911158,0.0356632538417857
27.85,0.06468851310166517,0.07104062002958897,0.08873972404750836,0.14198369757118237,0.2548761069155807,0.12980671434665011,0.07898156084911935,0.053594050908240064,0.04264712604169458,0.03799623662674656,0.03564564956202386
27.900000000000002,0.06472094855245776,0.07107618808230522,0.08887999789235453,0.1421728047757769,0.25462167643017525,0.12972544852827872,0.07895120210248968,0.05356332525394622,0.04259498726432889,0.03803944954714786,0.03565397157073901
27.950000000000003,0.06473944175678319,0.07110656882309356,0.08906171666849927,0.14232667494793266,0.25433387493422344,0.1296865667910073,0.07893293292285672,0.053542792537761376,0.04254219523667438,0.03806443514619202,0.03566280023497627
28.0,0.06469696266859175,0.07116333777677847,0.08917664312598123,0.14255372507151098,0.2540902773278831,0.12959465356273803,0.07891040561081882,0.053526581303966994,0.042507980524750924,0.03810684653684749,0.0356725864901323
28.05,0.06463609400882532,0.0712183262861212,0.08926277990700122,0.1428089447967738,0.2538906470082232,0.1295062120507466,0.07890989543972152,0.05349824811156736,0.04246431087901764,0.03813061121940581,0.03567393029259625
28.1,0.06454097528024949,0.07130649487067311,0.08941214010872095,0.14299858738506438,0.2536737167957874,0.1294324633183541,0.07888212043419032,0.0535089329433088,0.042454698528597366,0.03813910766574269,0.03565076266931129
28.150000000000002,0.06448319854963333,0.07136291400745413,0.08956586121614986,0.14320017854393802,0.2534994058355019,0.129266770301736,0.07885020539334808,0.05353558085757806,0.04244194047691466,0.03816213402407631,0.035631810793669484
28.200000000000003,0.06446412919899706,0.07142169266225477,0.08968126293273986,0.1433906878476483,0.25327344649795713,0.12917537739548107,0.07876819988577963,0.05356681983761768,0.04245115319676509,0.03817384537666812,0.035633385168091405
28.25,0.06443786275301472,0.07143219154341449,0.08974547267503755,0.14348313706380236,0.25329639147620164,0.12906068265616794,0.07869172751634884,0.05356156330365999,0.042479018108994786,0.038172366537845344,0.03563958636551244
28.3,0.06440862097316201,0.07142455829149483,0.08983848117828232,0.14363748546893956,0.25319863509874657,0.128979029129554,0.07866959464418387,0.053488114838294604,0.0424995630514584,0.038201673850348505,0.03565424347553545
28.35,0.06437950808783134,0.07145077113576542,0.08989203152906405,0.14379606979147108,0.25290162133346206,0.12897484049816466,0.0786784543647347,0.05345859669994468,0.042549445961177525,0.03823088393297485,0.03568777666540948
28.400000000000002,0.06438130239679463,0.07148769746569279,0.08993729646884681,0.14392664775854444,0.2527028482549207,0.12896510260610905,0.07866314146674684,0.05342674920586218,0.042579185482885536,0.038235036936237726,0.03569499195735936
28.450000000000003,0.06438084323890081,0.07157149695465131,0.08997807334668442,0.1440360448185214,0.2525358956894157,0.12893338684912883,0.07863012530657727,0.053395540112851636,0.04259783371112838,0.038241425807973954,0.035699334164166166
28.5,0.06438396885882712,0.07163628463247929,0.08999767822728644,0.14409470185642512,0.2524772277362983,0.12887584808468772,0.07862793151315815,0.05333298287777393,0.042616928496303615,0.03824805734544266,0.03570839037131742
28.55,0.06437255594471972,0.07169685422158699,0.09001380640907845,0.14421203981275277,0.2524027513738071,0.1288548778189945,0.07859912445226012,0.05326939912014072,0.0426356412385901,0.038234351774553615,0.035708597833515786
28.6,0.06436838590911828,0.0717589254515886,0.09004310920099928,0.14433611447337594,0.25224303315601415,0.1288362270335063,0.0785911786265432,0.05323476761131527,0.04265350545690776,0.03821029673962249,0.03572445634100882
28.650000000000002,0.0643143758952703,0.07182738464530304,0.09007709953986803,0.14447639536310186,0.25208816880767393,0.12885209776149723,0.0786005994986825,0.053197798422177985,0.042640242735525115,0.038186033536087995,0.03573980379481216
28.700000000000003,0.06425227703030949,0.0718970313178949,0.09016983603326621,0.14454629835325455,0.2518323490878473,0.1288744630209369,0.07867144589735632,0.053159187952877954,0.04264616493417244,0.03816659692460624,0.03578434944747789
28.75,0.06414951045285365,0.07196196572475907,0.09028971267741698,0.1446106795780851,0.25167532417087335,0.1288685178603206,0.07875043307022571,0.053106934143741985,0.04262792516826783,0.038155326284085585,0.035803670869370155
28.8,0.06406949227604095,0.07202233346019465,0.0904094768103599,0.1446494116926238,0.25151279528446796,0.12885979613720341,0.07882386135348707,0.05303559332793905,0.04264396149561506,0.03815263666632458,0.035820641495743655
28.85,0.06402239597178962,0.07208699321167443,0.09048388256807681,0.14465110919468913,0.2514175565687831,0.12880605951647245,0.07889902340849245,0.05297397337800637,0.042663464198829604,0.03815556958948368,0.03583997239370249
28.900000000000002,0.06396868444708577,0.0721307481948351,0.09056172393735759,0.14460087008320097,0.25138878584197055,0.12875608032656388,0.07896431666168587,0.05292959181471168,0.04269374237516128,0.03816632899710978,0.03583912732031754
28.950000000000003,0.06393368562771766,0.07214287812397384,0.0905820584973688,0.1446228619710576,0.251324176487221,0.12873418546940496,0.07901247792837858,0.05289987651773617,0.04272753610603563,0.038196857962522715,0.035823405308583224
29.0,0.06386640038035489,0.07212381553160951,0.09064728067036694,0.14465239355134724,0.25129141451326836,0.12870455612525075,0.0790493422270709,0.05288080710862743,0.04274782866447679,0.038190659465879725,0.03584550176174746
29.05,0.06379645519585185,0.07210906293516701,0.09069719118745283,0.1446703841878235,0.25132344022249165,0.12866855364193555,0.07909058019630132,0.05289356370230344,0.04274648985308058,0.038167541216506236,0.03583673766108596
29.1,0.06375203172063587,0.07212224314718649,0.09067057072224678,0.14465051673101761,0.2514682867290849,0.1286649778140586,0.0790677696194027,0.052916321390504326,0.0427130602223705,0.038158749985304795,0.0358154719181874
29.150000000000002,0.06372305015955787,0.07212323166983002,0.09068204837239022,0.1445686604740796,0.25172086253227366,0.1286003611183061,0.079008331986247,0.052934808391283054,0.04269426335441384,0.038134159699621584,0.035810222241997036
29.200000000000003,0.06365881837974535,0.0721481849723334,0.09076373960318572,0.14451625385806693,0.2517672672783451,0.1285128585873996,0.078999934317247,0.05299628346679911,0.04269165289155649,0.03810356172672308,0.03584144491859832
29.25,0.06357278783991638,0.07216388277434375,0.09081445007310132,0.14453476278642835,0.25179856924887,0.12843124487321914,0.0790065206941317,0.05305133178170714,0.042697343335485756,0.03807315409613741,0.035855952496659176
29.3,0.0635069612009828,0.0721669322495056,0.0908213863573083,0.1446060679654709,0.25186880097816783,0.12830725524177242,0.07900445800114642,0.05312708177523873,0.04268325262553168,0.03805745886242981,0.03585034474244552
29.35,0.063463086868819,0.07219146377348043,0.09081312015167406,0.14468111768993225,0.2518724359137176,0.1281980472056493,0.07900224302861529,0.0531938285920356,0.042681389677901416,0.03805343124870457,0.03584983584947061
29.400000000000002,0.06345556406130552,0.07220860909529868,0.09079601128970136,0.14469604328150779,0.2518661799716817,0.12818581372835525,0.07903012878142396,0.05325774680250793,0.04263549665059222,0.03802284417991284,0.035845562157712535
29.450000000000003,0.0634668251099089,0.07223523579807063,0.09077472721115719,0.14481255410046526,0.25172393295007683,0.12817970139366716,0.07904885664765145,0.05330561943808117,0.042597814519667224,0.03801368699005874,0.035841045841195525
29.5,0.06346889087809608,0.07224329169924525,0.09078113937397528,0.14484088929608144,0.25168853217248943,0.12817415106056979,0.07905378573215735,0.05335090477856606,0.042558569377648604,0.03801601558990382,0.035823830041267046
29.55,0.06347847522052784,0.07224552836096955,0.09070437967309565,0.14490539973135508,0.2516486084868377,0.12821400213923653,0.07902605467000702,0.05338329164050514,0.042537031507860805,0.0380224492788593,0.03583477929074549
29.6,0.06353429466975681,0.07224082013527268,0.09063618341911094,0.14493548973268308,0.2515584699940925,0.1282831401942061,0.0790263341563319,0.05338599992706576,0.042528469075828496,0.03801250411263403,0.03585829458301749
29.650000000000002,0.06357572012430027,0.0722462089288106,0.09055758055978289,0.14499447178428698,0.25143527357317697,0.12836728449077986,0.07897497447716474,0.053430836140114304,0.04251947480364265,0.038026003159966085,0.03587217195797461
29.700000000000003,0.06362282794517742,0.07226471436530496,0.0904867980679919,0.1450817654381855,0.25119944145384154,0.12845085439334078,0.0789453583722191,0.05351811915260791,0.042502006354016394,0.03804527370454653,0.03588284075276791
29.75,0.06364426093908415,0.07227067098325042,0.09045562822958403,0.14514118005005705,0.25107403088772284,0.1284782474364267,0.07896640824607763,0.053588838278652885,0.04248240092209339,0.0380280127193257,0.03587032130772504
29.8,0.06362823375906751,0.07224446907947733,0.09045482356008863,0.14520054016895137,0.25097406645467113,0.12853936936220473,0.07898859603044348,0.053652571213570505,0.042482179549735606,0.038007969972856576,0.03582718084893305
29.85,0.06360288824052472,0.0722214936682291,0.0904501858691695,0.14521371470264982,0.2508927603173643,0.12862044393599298,0.07902810095981011,0.053676879656218056,0.04249715942948583,0.038005151317181754,0.03579122190337348
29.900000000000002,0.06359139623419312,0.07222699847984582,0.09045933690521714,0.1452062641976156,0.25072920847653846,0.1287151826797015,0.0790786954343882,0.053710669200214674,0.04251410157898639,0.03802234724717064,0.03574579956612859
29.950000000000003,0.0636278792667849,0.07216512114204478,0.09045814956268454,0.14521071908746414,0.25047803649507183,0.12890436911394224,0.07913535893942061,0.05373982348482792,0.0425210703258028,0.03805662357666009,0.035702849005296175
30.0,0.06367752834241147,0.07208791177546478,0.0904637415176583,0.14522972131348214,0.25022871981212413,0.12904252545892772,0.07917816117575108,0.05377381473735064,0.04253696011701883,0.0380902258604437,0.035690689889367265
