time,k_2,k_3,k_4,k_5,k_6,k_7,k_8,k_9,k_10,k_11,k_12,k_13,k_14,k_15,k_16,k_17,k_18,k_19,k_20,k_21,k_22,k_23,k_24
0.0,0.04347826086956522,0.04347826086956522,0.04347826086956522,0.04347826086956522,0.04347826086956522,0.04347826086956522,0.04347826086956522,0.04347826086956522,0.04347826086956522,0.04347826086956522,0.04347826086956522,0.04347826086956522,0.04347826086956522,0.04347826086956522,0.04347826086956522,0.04347826086956522,0.04347826086956522,0.04347826086956522,0.04347826086956522,0.04347826086956522,0.04347826086956522,0.04347826086956522,0.04347826086956522
0.02,0.04348464094843778,0.04346966154302463,0.043482916296063684,0.04348742246800203,0.043482845570751855,0.04347782081701721,0.04347614452041108,0.04348012492247574,0.04346708797571875,0.04347569925133347,0.04347585703859961,0.043480797967720454,0.043479882066017876,0.04348667905536534,0.04347251741255018,0.04347919088710329,0.0434749622009739,0.04347776656405045,0.043481412763135795,0.0434820177051347,0.04347939686489519,0.04347611678079315,0.04346903838042357
0.04,0.04349716839638499,0.04346005362883509,0.04348444099368194,0.04350365687496274,0.04349100654139571,0.04347710280343188,0.04347748001897089,0.043480407458770985,0.043459652570782915,0.04347084937449817,0.04347969396927425,0.0434860366278031,0.04347814979865155,0.04348913767429499,0.043472226590241386,0.04347615996860288,0.043462334351568176,0.04347936488207407,0.04347784964093122,0.043488309323022,0.043478224268325996,0.043468913347921766,0.0434617808955734
0.06,0.043507430810704205,0.043458232962872254,0.043480955956693865,0.04351592866745485,0.043499768687465225,0.043470668878962976,0.04347314740903392,0.04347868451484561,0.04345649515900539,0.0434624767182404,0.04348498244996336,0.043490616652613355,0.04347809086091039,0.04350228798961358,0.043478119986756165,0.04346811267003482,0.04345215594665285,0.043472067783697665,0.043476737191902814,0.043491288517601416,0.0434783416346253,0.04346758355387353,0.04345582499647601
0.08,0.04351512815862352,0.04345887235590969,0.043473513219163054,0.043532501942655635,0.043507728077574324,0.043458904037524365,0.04346544993368004,0.04347980570995377,0.043449152301313854,0.04345390844974606,0.04349450468462928,0.04349098113355482,0.04347573128962369,0.043509347632135806,0.04348632241498091,0.04346093158684182,0.043446089981812604,0.043470653769781514,0.04347579808181102,0.04349337673550597,0.0434706965341836,0.043464893909298495,0.04346570805969602
0.1,0.0435138814787409,0.043458323616433335,0.043468465051786115,0.04355053169981347,0.04352058284901141,0.043451848263171555,0.04345639832344735,0.04348726837370378,0.04344194720903884,0.04344701164201866,0.0434940466305079,0.043494470129584496,0.04347164923437551,0.043518460615981296,0.04350062443159838,0.04345799163218137,0.04344654546620648,0.043465363164599154,0.04347830356297833,0.0435005753966126,0.04346322379888606,0.04344757371734559,0.04346491371197733
0.12,0.04351235909670868,0.04345901600881669,0.043469325440246384,0.04355840417586448,0.043537842158466414,0.043446560732174344,0.043448324863447046,0.043491905860666716,0.04343359865179212,0.043436161744389246,0.043494093398873654,0.043501586789294666,0.04347378265880683,0.04352715365343112,0.043510348913075016,0.04344656148518113,0.04344724351414844,0.04345270072124088,0.04347876835490813,0.043513705375658754,0.04345609005669779,0.043434809853246756,0.0434696564928647
0.14,0.0435135701642831,0.04345511250201386,0.04346797767324636,0.04356279715459135,0.043549793745760984,0.04343518110624381,0.043430837102288185,0.04349834469513829,0.04343610528694323,0.04342743742156911,0.043493847616043066,0.04350365331002321,0.043477813383511685,0.04354705035579671,0.04352821277286024,0.043433890154841816,0.0434441548816653,0.043446060952597704,0.04348069419388249,0.04352025420733648,0.04345043778134391,0.04341931851361857,0.04347745502440073
0.16,0.04351394431762865,0.0434512948456485,0.04346367495378367,0.043568500839011655,0.04356202721185071,0.04343162311402974,0.043412547505604894,0.043498539866843954,0.04343585979358524,0.043426039258721995,0.04349774238822723,0.04350182154308777,0.043483255228499065,0.04355422989853553,0.04354174398823128,0.04341806065164211,0.04344795835997041,0.04344278795425714,0.04348841844874892,0.043530232710290495,0.043447935858778014,0.04340146519401083,0.04348029606901223
0.18,0.04352084848742197,0.04344624473338331,0.04346321212946336,0.04357122679107141,0.04357898799695969,0.0434236951692279,0.043401543062875365,0.04350638322525654,0.04342237875696034,0.043417726724898686,0.04350228072870784,0.0435055400691018,0.043484326735677946,0.04356074490459943,0.04355266608169838,0.043402230188111346,0.04345161844655852,0.043439511384485895,0.04349283899617009,0.043537246012111605,0.04344550794966686,0.04339438046521129,0.04347886096038072
0.2,0.04352472018061317,0.04344031277271109,0.0434584145114762,0.04357360107990291,0.04358791558699223,0.04342171612221628,0.04339026158665652,0.04350923123891545,0.04341066750493107,0.0434097311281892,0.043504148007470406,0.04350754105013803,0.043487011164920195,0.04356116436899415,0.043566678203600114,0.043393747537857116,0.04345766948569577,0.04343108207922016,0.04350143916448764,0.043544528202407506,0.04344808213938459,0.04338650252924877,0.04348383435397147
0.22,0.04353424095455687,0.04343602672997002,0.04344835582315657,0.043582970908722256,0.0435914362429019,0.04342289185529672,0.04337648527112406,0.04351689011741374,0.04340649729656655,0.043405204432756486,0.04350533094426979,0.04350363490423118,0.04348620021600977,0.04356509696953289,0.04358076470818066,0.04338348313390601,0.04346270739666123,0.043426665532512655,0.04350754797976154,0.043553614457902644,0.04345486405059169,0.043367444512852384,0.04348164556112225
0.24,0.04354364272466443,0.043429834693933814,0.04343499234417015,0.04359205923509452,0.04359505353221423,0.04342430049662104,0.043355791821082214,0.0435263626544654,0.04340002586580451,0.043403701053930446,0.043508022079813795,0.0434956146661965,0.04348114115680599,0.04357160645739263,0.04360181515743698,0.043369715701886156,0.043471038606877684,0.04342139989780847,0.043515577687286165,0.04356050982926709,0.04346447628037089,0.04334874907740543,0.0434845689794714
0.26,0.04355426956387842,0.043418744634368164,0.04342532343152547,0.04359770797328266,0.04359784432130317,0.04342919375440664,0.04333667944348391,0.04352817272472818,0.04338878278223669,0.04340658051304373,0.043508716319165044,0.043488312641860115,0.043478660476719756,0.04357567767481984,0.04362086968380184,0.04335446337496977,0.043470265164293496,0.043419284444515434,0.043527749600029364,0.043565670300404986,0.04348203876231918,0.04334090385594917,0.043484088558894976
0.28,0.043571819805920495,0.04340569106175469,0.0434134763768034,0.04360622673377655,0.04359876256683453,0.04343127124328936,0.04332673536992701,0.04353269940336047,0.04337552439711723,0.043411452703770476,0.04350730564378512,0.043483222466516584,0.04347167388608607,0.04358068230760299,0.04363725200393602,0.043346085804666756,0.04346645783681751,0.04342806328917681,0.043530430813168805,0.043573938272413515,0.04348765343097699,0.04333256733991879,0.04348100724237968
0.3,0.043590419154496074,0.043394871813956966,0.043404596908171854,0.04360413658341966,0.04359089793141954,0.04343082471427759,0.043320705364999344,0.04352645901422949,0.043369125096932554,0.043419406913512204,0.04350811383603879,0.04348659180262164,0.04347315594617884,0.04359496970758412,0.04364841576705637,0.04334292596673201,0.04345667055323694,0.04343082434743615,0.04352927296967662,0.043579773778977086,0.04349714947942485,0.04332343346752894,0.04347725888209237
0.32,0.04360002177472883,0.04338267908326099,0.04339681198489004,0.04360405330333849,0.043585863837953105,0.04343728358588819,0.043311142702915494,0.04352234462834399,0.043374884940990656,0.043420523146544036,0.04351197932756247,0.043487303736082054,0.043481006542452204,0.04360953179677112,0.04365024203312514,0.04334568231342321,0.043442659156079894,0.04342981884436394,0.04353358138223518,0.043587498877404825,0.04350123037873634,0.0433091676762498,0.04347468894665985
0.34,0.04360497238974918,0.04337512070557778,0.043387157863483024,0.04360965596779877,0.043581122526789015,0.04345187586923726,0.04329684215378857,0.04352070885821998,0.0433831167703258,0.04342031233263911,0.043513129382136376,0.04349186549018844,0.043485708936297496,0.04362018730340451,0.043653908128104275,0.04334813366718853,0.04342814636287227,0.04343594958529525,0.04354100376138425,0.04358924297665046,0.04350011172621799,0.04329544216131623,0.043466285081335355
0.36,0.043600012711355454,0.043366850437032624,0.04338138011237721,0.043616898914729335,0.04357418735492279,0.043472539400358966,0.0432778027486318,0.04351885035342362,0.043391503198779394,0.043422755641616594,0.04351498093063538,0.043499420509859645,0.04348983593206079,0.0436290423525472,0.04365436235281648,0.043352527908627085,0.04342420652099638,0.043443091346344054,0.043543814075949504,0.043588152326919864,0.043506155732268056,0.043279917165538626,0.04345171197220912
0.38,0.04359039214181886,0.04335563670813877,0.04337641402924531,0.04362804081301175,0.043566749591999944,0.04349131219086474,0.04325690795579802,0.04352753676037425,0.04339773640201627,0.043432645750060145,0.043523914891688206,0.043498555444279455,0.043502129010416606,0.043637166992654415,0.04365406266261231,0.043354306437309933,0.04341674317983699,0.04344849650369166,0.04354242836479679,0.0435815862967248,0.043503525860820964,0.04327461938625533,0.04343909262558443
0.4,0.043577780980802665,0.043350548214708226,0.04337496580454579,0.04364410509610429,0.04355523656091883,0.04350764261497767,0.0432330041352728,0.043523812724002305,0.04339766280465401,0.043445778326948195,0.04353218341440622,0.04349963900826587,0.04350778060867032,0.04363539962181635,0.04366291086154011,0.04335580999560025,0.04340939457325755,0.043457116066114326,0.04354349104241609,0.04357436808862725,0.043503351433740206,0.0432716724591779,0.04343634556343276
0.42,0.04357387833205841,0.04334751862593682,0.04337382947305951,0.04366235244383674,0.043547759896404595,0.04352296431104179,0.04321028212390633,0.04352382096634426,0.04339900233247252,0.043464841156252036,0.04353597233622133,0.04349716759388235,0.04349605393010949,0.043633376805137,0.04366803334822479,0.04335735736378462,0.04340914877028987,0.04347050868075665,0.04353846546255537,0.043567986318608136,0.0435072944052167,0.043265904745951635,0.04342648057794911
0.44,0.04356954775298814,0.04334970922206356,0.04337240661092984,0.043678350883463356,0.04355176151714782,0.04353284133951812,0.04318582222679544,0.04352464466201193,0.0433989397903774,0.04348116303982826,0.043537500514751165,0.04349556057011858,0.04348224161704902,0.043633314322174044,0.04367648387773245,0.04335880789328423,0.04340798697404953,0.04347030844912751,0.043527642859375444,0.04356729520152297,0.04351537070340176,0.04325945846522382,0.04342284150706556
0.46,0.0435582869788769,0.04335570359265919,0.04337969408372163,0.04369170020648318,0.04355356669978221,0.04354108156143791,0.04316663087547664,0.043520648907795494,0.04339123007992838,0.04349024242198683,0.04353297017068696,0.0434994142392375,0.043471684760484616,0.04363264051208331,0.043685575658164055,0.04336794893084803,0.0434083678056344,0.04347491465118626,0.04351324287528311,0.043573660483974166,0.04352278645724836,0.04325081686626953,0.04341719118075129
0.48,0.04355236610100405,0.04336118774481705,0.04338924061912913,0.0437035777540722,0.043563446350915296,0.04354928326749541,0.043150960448713124,0.04351893796464069,0.04338076952063401,0.04349555460104515,0.04352752684380246,0.04350148640857652,0.043457349082838506,0.04362578152680587,0.04369518276130069,0.043377270001627756,0.04341444798174175,0.04347358053293766,0.04350303329666216,0.043577732271656594,0.04353511286092704,0.04324239785217954,0.043403774206477425
0.5,0.04354096445107524,0.04336128017423451,0.04340528349428695,0.04371381409870028,0.043571651157323706,0.04356115837606709,0.043135376457815594,0.043518336878528074,0.04336662902632434,0.043493222885107104,0.04352106495258853,0.04350050156340297,0.04344595074625707,0.043626758502271094,0.043702467729830594,0.04338932419192533,0.04342540884693052,0.043476766305846334,0.04348873707092312,0.04358458836665921,0.04355071725288046,0.043235526453906145,0.04338447101711576
0.52,0.04353182759810465,0.04336424950504259,0.04341983618596292,0.043721916773146574,0.0435818765071168,0.04357214938249061,0.04311911297324081,0.04351698694362465,0.043356093622097795,0.04349114876247257,0.04351291489791946,0.043491908552516625,0.04343152508544226,0.04363287574431837,0.04370887959356552,0.04339524899774824,0.043442254969307405,0.043481471586763965,0.043467809253305734,0.04358759630812614,0.0435703635840501,0.043230502356831645,0.04337145081680455
0.54,0.043515421717328175,0.043367015070691864,0.04343207133722263,0.043728793461878704,0.04359132263214146,0.04358016400289742,0.04310442965979735,0.04352413219114657,0.04335066841605835,0.04349374629567609,0.04350576843461529,0.04348153619320905,0.043416605274129404,0.04364341571004226,0.04371480309129957,0.04340246776594588,0.04345746886781962,0.043486359107590127,0.0434520484393521,0.04359637354959488,0.04358747761023402,0.043219633034868324,0.04334827813646096
0.56,0.0434949760709984,0.04337304240453965,0.04344683714452435,0.04373615745263948,0.0435983908656541,0.043591627761022975,0.043095711374687574,0.04352575213685086,0.04334070260336614,0.04349302370170774,0.04349966801505953,0.043471524956619635,0.04340442299374565,0.04365649258480402,0.043720689002924265,0.0434042969142225,0.0434631136673378,0.043491896970272864,0.04344130214464244,0.043606839555213626,0.043605667486076694,0.04320522995882708,0.04333263423426264
0.58,0.04347924487894132,0.04337915045157885,0.04346411898291266,0.04374354496094784,0.04359899479385104,0.04359746035617458,0.04308659795787774,0.043519197499188936,0.04332756552912136,0.04348745098602282,0.04350120770005902,0.04345837476087896,0.04339246726122357,0.04366485715212266,0.04372782869455557,0.043405105754870686,0.04346548348754813,0.043496720997370196,0.04343348966721433,0.043624076737120376,0.04362025189763497,0.04319873243504845,0.043328077057735816
0.6,0.043462604224111,0.04338549895978212,0.043473955482141016,0.04374986863662227,0.043596551339540074,0.043599386243958635,0.04307846817485377,0.04351601505410204,0.0433173479405878,0.043474460239404794,0.04350434372861057,0.043457063619670465,0.04337890041315926,0.04367199397333752,0.043732204374257656,0.04341134954087971,0.04347171913393536,0.04350059170760198,0.04342403802537316,0.04364022148254112,0.0436260341857622,0.04319659342870134,0.04333079009106623
0.62,0.043443961041642505,0.043390889438948775,0.0434827676350689,0.04375585280697111,0.04359007347276382,0.04360507743406685,0.04307838786216314,0.0435063980521614,0.04330678767028419,0.0434512409707217,0.04350607582090479,0.04345810454909665,0.043365068049141454,0.043675201236319273,0.04373810481409492,0.04342011753797006,0.04348129493786362,0.04350153502821066,0.04341874200241208,0.04365521895167029,0.043639944432342224,0.04319177157417994,0.04333738468100168
0.64,0.04342138849518393,0.04339311966634402,0.04349578108695521,0.04375751907164006,0.043581640164088796,0.043599730601736816,0.04307304796249994,0.04349787161313302,0.04329747586260089,0.04342935256133446,0.04350096417842237,0.04345799632864473,0.04335260991543347,0.04368036576233905,0.04374657301717056,0.04342855582135262,0.04349449571256977,0.0435122695319763,0.04341806407302235,0.04367049796339007,0.04365581142191507,0.04318286875610796,0.043352000432138466
0.66,0.04340407563151599,0.04339109658218682,0.043505664298991824,0.04376147812877838,0.043573061175459754,0.04359930157968144,0.04307330535822762,0.043497099329639625,0.04328941049861399,0.0434064843600797,0.04349269453237152,0.043460942452683074,0.04334184504696083,0.043688866034276956,0.04375329430405373,0.04343363012666653,0.043505028726161514,0.043519748640072395,0.04341817408329775,0.043683472085741165,0.04366705438808817,0.043173792300610345,0.043360480335840786
0.68,0.04339065235103571,0.04338573245148745,0.04350801116122873,0.0437654074277898,0.04356810763125648,0.04359556203858897,0.04306782863733967,0.043492294031545586,0.04328317494372307,0.043391476433608245,0.04348863111265874,0.04346643613791704,0.043336870373106656,0.04369204262510068,0.04376018821608054,0.04344019498471861,0.04350996825923723,0.04352122053707769,0.04342287942711781,0.04369610383222585,0.04368103530441576,0.043161622521394556,0.04337455956134513
0.7000000000000001,0.04337609283384171,0.04338581205974232,0.043502884890524465,0.043772469236539865,0.04355568618422459,0.04358706023997557,0.04307030052736011,0.043483970778056866,0.04328184753534815,0.04338756147611093,0.0434899322860564,0.0434728388547729,0.043332336912215025,0.04369038113784835,0.0437676788007157,0.04344543569479383,0.043519524237471,0.04351987740205304,0.04343238605849359,0.04370885916562734,0.04368433519780542,0.04314740401105692,0.04338532447936574
0.72,0.04336132647405684,0.043377276036451785,0.04349252764848325,0.04378005345250463,0.04355205841367876,0.043574321533120575,0.043066358320812174,0.043476294040938085,0.04328156613469485,0.0433879012854476,0.04349508647878156,0.043491773432043086,0.043327384269939775,0.04367799812932888,0.04377565645644302,0.043449531462861485,0.04353162458715869,0.04352297500019561,0.043440802639671164,0.043721667693557495,0.04368901332885791,0.04313768432810796,0.04338911885286496
0.74,0.04334295494970992,0.04336987430582128,0.04347842626518313,0.04378551581947698,0.04355720415376158,0.04356223959176801,0.04306636736359765,0.04346502000240128,0.04328504640051702,0.043388617010433665,0.0435046255682879,0.04350662666340594,0.043326344733620875,0.043672483371147416,0.043781480088025466,0.043457834273309674,0.04353887572433108,0.043522186890057206,0.04345104621481685,0.043731927132927846,0.043688220087322045,0.043127099600114745,0.043389983789962505
0.76,0.04333044197046808,0.04335903262111516,0.04346462844230397,0.043790441294236,0.043551603939659296,0.04355046214277383,0.04306823725521095,0.04345322601070082,0.0432868947400757,0.043389678782388544,0.043518601856259616,0.043523230171257137,0.04332542026434918,0.04366262733255798,0.04378673715273687,0.04347066740634208,0.04354318746505382,0.04352323177798438,0.0434672297414795,0.043741255643477105,0.043682448237315256,0.043120626151800207,0.04339008960045449
0.78,0.04331776619407267,0.04334966601425785,0.0434499649032252,0.043795594600397586,0.04354250309881635,0.04355274509003371,0.043072711309943994,0.0434449445810457,0.04328722397542886,0.04338831399807292,0.043531244851297786,0.04354230033618388,0.043315953750147906,0.043651419333739325,0.04379219475514611,0.04349158182628423,0.04354624416679385,0.04352155008346438,0.04348239555171453,0.0437504495644392,0.04367339411955788,0.04310863214228922,0.043391205753646904
0.8,0.04330620786670283,0.04334594438672508,0.04344232622396195,0.04380094512678533,0.04353120690845044,0.04356097384349403,0.043066634599820706,0.043433915315828894,0.043285967225939574,0.043382110937409436,0.043540343675476614,0.0435582085144175,0.043309255733943945,0.043647140668231485,0.043797824535548584,0.043511074151750685,0.04355254075057696,0.04351478333139272,0.043500440668421674,0.043759508180932195,0.04366821717991802,0.04309505282242509,0.043389377351846205
0.8200000000000001,0.04329324130583566,0.04334338496598255,0.04343815954872413,0.04380595567690855,0.04352297580002253,0.04356928816290495,0.0430592167349966,0.04341764847088273,0.04329147497205842,0.04338194494080997,0.04355345030616999,0.04356453576608335,0.04330033652342001,0.0436457571124162,0.043803091396017554,0.04351939153702309,0.04355888373210189,0.043509131021428685,0.04351748114450048,0.04376792216236469,0.04366617454940847,0.043082167187639325,0.04338838698230021
0.84,0.04328801890535813,0.04334830599369546,0.04343687461108359,0.04381241831019845,0.04351512103665024,0.04356680992762605,0.043045087280839944,0.04340644562306975,0.04329448875064032,0.04338527508109596,0.04356490824864759,0.04356683521949671,0.04329875887105131,0.04364502890202023,0.04380978917572085,0.04352109298633138,0.04356094506913045,0.0435096636463419,0.04352839134575999,0.043774197705148385,0.04366247056354162,0.04307081256507039,0.04338826018148123
0.86,0.04327448326157487,0.043360498586176875,0.04343583306602465,0.04381619537849072,0.04350996888582525,0.043565774881716285,0.04302761975418742,0.04339188955274188,0.04329919069675068,0.04339148635873033,0.04358053440833547,0.04356611235521545,0.04329551005467041,0.04364259254945971,0.04381378220449985,0.043530843885032956,0.04356072899859158,0.0435108339649755,0.04353238521991875,0.04378111426308653,0.043661537315410795,0.0430658133481105,0.043385271010473445
0.88,0.04325863727132894,0.04337115471675935,0.04343465717098104,0.043815216079340205,0.043503785853444915,0.04357051842724192,0.04300914276360912,0.043386272655172906,0.043302910800408934,0.043393595155341184,0.043603284659421794,0.04357834310791753,0.04328637861488599,0.04363205357191332,0.04381737281805754,0.04354199740881791,0.04356044184817022,0.043505036643682375,0.043530900468952353,0.04378738831428683,0.04367083210934264,0.043063023837933076,0.04337705570299005
0.9,0.04324190033772724,0.04338196983722503,0.043435650998381405,0.043814749016383894,0.0435019671972189,0.04356974101759976,0.042993865087153534,0.043376488710597995,0.04330899870724746,0.04339466672035178,0.04362315371898289,0.043589109593405284,0.043284197235257636,0.043624014952616814,0.04381965150683427,0.04354773000870384,0.04355626868892057,0.04350768379079828,0.043527696483746464,0.043792130654217706,0.04367392307692341,0.043063992659292095,0.04337045000041368
0.92,0.04323441711708415,0.0433944941431399,0.04343523101294539,0.04381287255040115,0.043497611754412586,0.04356874301376051,0.04298184843639118,0.0433621929997958,0.04331195248753742,0.043396257507015285,0.043640096532883074,0.043598364213931325,0.043286457586274744,0.04361336404398692,0.04382044390130656,0.04355784545960085,0.04355271784580482,0.043505240836459735,0.04352823757276426,0.043794447927012585,0.04367434578122181,0.04306915507466826,0.043363662201601406
0.9400000000000001,0.04322480518330391,0.04340498334015606,0.04343162310157514,0.04381483565647579,0.0434850815996039,0.04356466054166817,0.04296722432024556,0.04334807536876046,0.04331540503979059,0.04339958416189968,0.043656258113375736,0.043610818256127254,0.04329377288783621,0.04360837719169585,0.04382178480510055,0.04356538130164792,0.04355669119191748,0.0435079298629072,0.043527207574415985,0.043797925141049666,0.043673855941003425,0.04307454266311845,0.043349176756324805
0.96,0.043213689902227057,0.04341915831371526,0.04342343917790743,0.04381764092701969,0.04347353667853573,0.04355969777603716,0.04295958969133831,0.043337976657741986,0.043314924968687704,0.04340118429809849,0.04367209171567482,0.043619144949832545,0.043302767766274244,0.043604502874081505,0.04382125395782946,0.04357723851717919,0.04355929799465147,0.043503581316166114,0.04352715414862914,0.043802119736972275,0.04367416971002365,0.043075511548765634,0.043340327372611086
0.98,0.04319987661313702,0.04343423211969041,0.04342424190517858,0.043819887583910665,0.04345691328662675,0.04356115111282257,0.04295232447404805,0.04333461010991321,0.04332127614386923,0.04340553533465668,0.04368629732975382,0.04362163689208696,0.04330626372003359,0.04359631532469998,0.04381790538605997,0.043589812978922164,0.04356350951380435,0.04350091313043,0.04352626497518461,0.043805641682444815,0.04366676079956529,0.043073437269220485,0.04333519231394085
1.0,0.0431843200501783,0.04344859389067185,0.04342280549606515,0.04382057115978065,0.04343948020538178,0.043565920318862215,0.042946636195254295,0.04332109919579442,0.04333028141805104,0.043403039853031136,0.04369796111980451,0.04362568421794743,0.04331616530295121,0.04359385232470175,0.0438111790428065,0.04359719419160908,0.043567639808755686,0.04350526883822427,0.043529924718418524,0.043807496174938024,0.043664984744576925,0.04307249375718127,0.043327407975014144
1.02,0.04317515984950446,0.04345841396923637,0.04342289918345826,0.04381926043564214,0.04343284485086814,0.043566210883753585,0.04292950059845925,0.043309394657855084,0.043339912747845,0.04340570156950528,0.043706733087658045,0.043635665458306605,0.04332090915601858,0.043591357322690115,0.043804881608852514,0.04360231231017591,0.043569595913390845,0.043514229726570756,0.04352706154106883,0.04380149194539583,0.0436645870299183,0.04307366427829102,0.04332821187553503
1.04,0.043162126549417514,0.04347091631914037,0.04342218661013169,0.043817282013509026,0.04342465889514642,0.04356721721475672,0.04290831723757903,0.04329417375249573,0.04334819110612141,0.04341139095712254,0.043714010046956187,0.043641310362058115,0.043330247809341194,0.04360263533574421,0.04380207453474947,0.043609300061556895,0.04357346035894879,0.043514932595657814,0.043533180766375454,0.043786683584097603,0.04366581217287738,0.04307556928189398,0.04332432243432244
1.06,0.04315213069294307,0.04348396884700554,0.0434133201347215,0.043817242797373646,0.04343190069790641,0.0435632651124794,0.042885091415415834,0.04327681014435926,0.043355790042662795,0.04341921729487648,0.04372246111381884,0.04364952124351034,0.04333837150347998,0.04361316027336122,0.043796036414179576,0.04361290508103663,0.04358119683625177,0.043514932080269374,0.04354334970303125,0.043770973328797244,0.04365978540597055,0.04307549753771503,0.04332307229883412
1.08,0.043143737993301054,0.04350645412712796,0.04339888482069304,0.043815001860766534,0.04343769639417886,0.043554105630480996,0.042860732707883195,0.04325916256485426,0.04336546406258262,0.043428412493642876,0.04372801682725393,0.04365842020694213,0.04334030238569369,0.04362770696870765,0.043788807519517345,0.043612774675292884,0.043582835191104424,0.04350958965734591,0.04355360745428097,0.04375928948901603,0.04366051447221708,0.04308028710648581,0.04332819539063081
1.1,0.04314205792941667,0.04352977512123141,0.043385373736958596,0.04381182014885203,0.04343769397188699,0.043550937702102395,0.04284133329285768,0.04324890454552972,0.0433781530253871,0.043432144499063324,0.043733112271781754,0.04366742793771937,0.04333940126690158,0.04364105381249546,0.04378403989040435,0.04361221863814028,0.043583247731973376,0.04350813791843174,0.04355952545071948,0.04374470769566131,0.04364628404964116,0.04308801529606616,0.043334634066778004
1.12,0.043143013982904085,0.04355096659128211,0.04337983133249572,0.04380240751532385,0.04344773795285381,0.043544712110201535,0.04283257450886109,0.0432438168007136,0.04338468281659477,0.04342710994623873,0.04373757650487505,0.043673070462488764,0.04334192997228082,0.04364928349290243,0.04378100396366428,0.04360725217824512,0.04359368690837261,0.04351600081328316,0.043558827282403824,0.04372472899120338,0.04363075519315032,0.043090449634211735,0.04333858104544924
1.1400000000000001,0.043142354019492166,0.04357037614104696,0.04337131412609155,0.043792507082710354,0.043456045640672875,0.04352816920928567,0.042819665231527484,0.04323525114825009,0.0433965360993969,0.043424954404021464,0.04374163470780934,0.043682435214310374,0.043347917945369845,0.04364883423001122,0.04378148963409476,0.04360325125156462,0.04360083948753539,0.04352034009196229,0.043553760263311765,0.043709208344293586,0.04361956815654024,0.04310011628155439,0.043353431289146545
1.16,0.043142131456957035,0.04358667494238396,0.04336838609684262,0.043782000629467535,0.043462496568558905,0.043515860971188855,0.04281031575169379,0.04323019757610888,0.04340953019283368,0.0434248779492606,0.04374664679897933,0.043686960895443445,0.043351112823921775,0.0436485060937695,0.04377768153070108,0.04359516115168803,0.04360447174212985,0.04352410349718482,0.043543634850422445,0.043696164307411356,0.04361128480792862,0.04311474247884789,0.043367056886276
1.18,0.04314616939811303,0.043604621613227576,0.04336902655591721,0.04376981766315571,0.04346797201666517,0.04350301663392491,0.04279690169330652,0.04322574232229164,0.0434222088101415,0.043434717166987866,0.04375144260507001,0.043695580644908874,0.0433485836676358,0.04363971836962568,0.04376747563825916,0.043590321037537384,0.043607899378144285,0.04352595502268486,0.043534322951882,0.0436845615491032,0.04360693411265236,0.04312773533186021,0.043379275816905066
1.2,0.04315593902814955,0.04360920202275076,0.043369763972474336,0.0437654201409879,0.043479671308690813,0.04349485031495503,0.042794862637290126,0.04322784603419034,0.0434416429023155,0.043429416559469206,0.04375680521127432,0.04370439672841218,0.043346018738630566,0.04362487800632164,0.043757785770948084,0.0435827919968965,0.04360746245196645,0.04352477911032542,0.04352003022321752,0.043667861549729924,0.043601370638063144,0.043145727594912864,0.04339147705802782
1.22,0.04316498942980649,0.043611018677113166,0.04336867248081059,0.04376051513583533,0.04349525619851389,0.04348785006199651,0.04279636064142385,0.04323103116773854,0.043453983822587444,0.04341604163161566,0.04376217109781448,0.04371407078977763,0.043338131022974874,0.043608183829728656,0.04375068458989988,0.04357838873091215,0.04360702541520373,0.04352330677856825,0.04350789611042839,0.043652631533635175,0.043594361720967034,0.04316894555738182,0.04340848357526632
1.24,0.04316806098966156,0.0436186446048922,0.043369490715564146,0.04375903921058513,0.043514088502904336,0.04347878674346718,0.04279735072059115,0.04323398287263376,0.043465643438790245,0.043397616652637826,0.04376660396298157,0.04372245817774851,0.043331694879690213,0.04358464248781441,0.0437451595248567,0.04358590238667002,0.04360229054034667,0.04352385733069924,0.04350051477500564,0.04364041751824855,0.04358816164232897,0.043180531641975606,0.043425060679906376
1.26,0.04316823838711107,0.043625589763764225,0.04337136754127927,0.043760879368536135,0.04353808859927845,0.04345937671905886,0.04280400771308176,0.043228321443789325,0.04347620100726112,0.04338490301578338,0.043769839321039825,0.04372932371226341,0.043330500779974516,0.043564583404920754,0.043741606290265904,0.043589763618182044,0.04359733592139404,0.04352727568866663,0.043492409775477775,0.043627616416412496,0.04358688360078624,0.04318647402840914,0.04343941388326366
1.28,0.043165061807151295,0.04363391807482041,0.04336609242032001,0.043765395788090924,0.04356092166382304,0.043443420801819385,0.042802886815854806,0.043233826839512164,0.04347969602925638,0.04337553661946506,0.04377361910204499,0.0437364344662033,0.04332647438043372,0.04355475785086067,0.04373019833665231,0.04360071067580651,0.0435914009392978,0.043528171805133395,0.043500322084947626,0.04361260039332252,0.04358155680201438,0.04318345751888324,0.04345353878428598
1.3,0.04316620826609478,0.04363533570649159,0.04335982549298963,0.04376910524665601,0.04358144374032061,0.043425987991742875,0.04280920908773641,0.04323599008263427,0.04348812039556648,0.04335925144534552,0.043776652409355514,0.04374252523165237,0.04332784491455358,0.04355004733653138,0.043727823811042545,0.04360136708885735,0.043587053341869145,0.043526863198909235,0.04350513080371641,0.04360256723359203,0.04357640049148401,0.043180916429161505,0.04346433025369662
1.32,0.04315964424795438,0.04364512848784804,0.04335726392141253,0.043772131676242144,0.04359990187968401,0.043408306898160776,0.04281921738885593,0.04323945495408761,0.043493073116321314,0.04334527612425904,0.043779058223522446,0.04374773737894599,0.043340235989728124,0.04354490891351684,0.043727621144270035,0.0436068390395384,0.043587391563877226,0.043520946996452474,0.04351245211443129,0.04358461605028866,0.043569473425766815,0.04317070897508257,0.04346861148975344
1.34,0.04314519714417485,0.043651150905919,0.04336960701204771,0.043773914733657035,0.043615851263433474,0.04339169308203785,0.0428238526711331,0.043248766900832826,0.04350022110926154,0.04332846227204903,0.043780271555308524,0.04374889787948823,0.04335292602681355,0.04353256692601684,0.043727774398751286,0.04361144001757529,0.04359051727815833,0.04351245729767042,0.0435245479652514,0.043567679993608666,0.04356552731395838,0.043167842935475854,0.04346883331737686
1.36,0.043131178887822724,0.04365728077034914,0.04336985001322461,0.04377563189703358,0.04363200614115918,0.04337629781444454,0.042831614448443314,0.04325790381078589,0.04351098292048092,0.043309278995105775,0.043782907705590846,0.04374573115453418,0.04336784010949965,0.04352912784282253,0.0437167420749447,0.04362105300919025,0.04359348605762604,0.04350006164933016,0.04354302093109426,0.04355637304081377,0.04356432697590914,0.04316735614885853,0.043459947600936195
1.3800000000000001,0.043117593854080226,0.04365894332730898,0.043370641472168514,0.0437793816171412,0.04364756264612133,0.04336292590368195,0.042839515832715815,0.04325978095189706,0.043525857362172446,0.04329665490780147,0.043786059316356894,0.0437475317626604,0.04338125838838319,0.043528734736065174,0.04371111401837535,0.043629029604958014,0.04358626850256667,0.04348814446409577,0.043558018088866585,0.04354860404389022,0.04355962560806426,0.04316821161972998,0.043448541970898355
1.4000000000000001,0.04310524648354032,0.04366020611668494,0.04336779015910313,0.04378234107467096,0.043661359641253526,0.043357385130372975,0.042840048594218236,0.04327703880799162,0.04354182160182798,0.04328850873463275,0.04378846976477372,0.04375196238316022,0.04340129982389481,0.04353130209426292,0.04369692170707583,0.04363030666701993,0.04357530411042299,0.04347619402257251,0.04356624717842694,0.04354041123263746,0.04355674489472481,0.043158924479339285,0.04344416529739204
1.42,0.04309189536967087,0.04366018334515415,0.043368193898014676,0.04378350155673427,0.04367323878635982,0.0433505870058012,0.04284944542512767,0.04329735273447747,0.04356353057217063,0.04328155129492061,0.043789896418723384,0.043755437805118744,0.04341825995466084,0.04352946865267231,0.04367911634913515,0.04362876360363426,0.04356027150534282,0.04346529830575497,0.043571961645385834,0.043541571381777784,0.04355003697139226,0.043161899945559884,0.04342853747241037
1.44,0.04308026712200487,0.04366129489274825,0.043372545237647976,0.04377517670717011,0.0436832996645153,0.04334264890430702,0.04285863783604745,0.0433209728437453,0.04358261489096021,0.04327358657976994,0.043790362270399515,0.043757395446905954,0.043437616509669506,0.04352303138655102,0.04366273990179566,0.04362434874553256,0.04354687402375425,0.043457755622527926,0.043568541749413325,0.04354718394696403,0.043551269356576966,0.043170827939753825,0.043411008421239204
1.46,0.0430727683624184,0.04366551311185598,0.04338516105708556,0.043765495315535814,0.04369169187426602,0.04333352167978212,0.04287174482526732,0.04334582060551032,0.04359929014723457,0.043260627679712026,0.04378994674771792,0.04375612049580309,0.04345945096005688,0.043516494920358376,0.04364224915290583,0.04362141754333872,0.04353294113501225,0.043450803680639055,0.04356470581180552,0.04355175726626771,0.043547994172988866,0.04318491450754957,0.04338956894688799
1.48,0.043071601083962886,0.04367062168764481,0.04338870421314358,0.04375420681935489,0.043697894290508736,0.043330655911884376,0.042879181594836224,0.04336206791089558,0.04361309709722062,0.04325340683851425,0.0437880629243998,0.04375101668489566,0.04347432770666408,0.04351266993635295,0.043633170866679186,0.04361771558417124,0.04352372641598726,0.04344603284625922,0.043563168142575444,0.0435577066322392,0.043543213972194794,0.0431949187150158,0.043372832124599324
1.5,0.04307655173994969,0.04367185133424186,0.04339362041083964,0.04373804408371389,0.04370394215694309,0.04331956425570337,0.042890387543927024,0.04337485507140784,0.04361928283365904,0.04324728473216972,0.04378669071141131,0.043751691642618745,0.04348536619825287,0.0435057279946635,0.04362120157030021,0.04361800289411044,0.04351618115367524,0.043441184220629585,0.04355952128444714,0.043574293825533114,0.043537987292208195,0.04320273554850017,0.04336403150109428
1.52,0.04308095242226201,0.04366880058256111,0.043394090342702626,0.04372743558618509,0.04370925063100282,0.04330660964538565,0.042907511396772936,0.043393290048656455,0.043626318522605595,0.043247841977539066,0.04378518929289093,0.04375307051488306,0.043489607533417816,0.043493518281357,0.04361459892454255,0.04362046170138146,0.04351762609196915,0.04343754159681832,0.04355332341755487,0.04357925656693053,0.04352825725490465,0.04320684665776702,0.043358601009909264
1.54,0.04308548648806343,0.04367102830527665,0.043394403764260035,0.04371364862222517,0.043716106317314686,0.04330786274284989,0.04293235494110059,0.04341897191666272,0.04362924989331871,0.04324827709545308,0.043785798678012244,0.043756321815944445,0.04349017940866688,0.043482200366238684,0.04360454379974613,0.043624398466188714,0.04350809685619406,0.043429594581934974,0.04354007620921149,0.043583808927293397,0.04351833904795405,0.043215598473591146,0.04334365328249875
1.56,0.04309594023259231,0.04367445631087756,0.04339144494697969,0.043703598314855686,0.04372124704995286,0.043314431379414764,0.04295807418678091,0.04344234871252965,0.04363614773203245,0.04325391053671344,0.04378520521239722,0.04375815366881895,0.04348232094308883,0.043462061536611134,0.04359201268417025,0.04363272322884536,0.0435028506596447,0.04342438973460034,0.043528231042967866,0.04359381205036116,0.043504695492730075,0.04321705746147419,0.043324886881560803
1.58,0.04309902524148908,0.04368213979651811,0.04337869510349492,0.043691581873010955,0.043725079784325625,0.043319568644909476,0.04298142049710175,0.04346147720465582,0.04363910918758604,0.043266938086942146,0.04378377436299283,0.04375748686287759,0.04348433866824892,0.043443762565891754,0.04358064455553894,0.04364384123425884,0.043504624927211716,0.043422233471377025,0.04351377974774788,0.04360618749493778,0.043486258612602094,0.043226256539966264,0.043301775536314535
1.6,0.04310530077697985,0.04368832277149662,0.04337222230717969,0.04368408533724679,0.043728880986874615,0.043320262024517296,0.04300680783330502,0.04347853733573324,0.04364126467413708,0.043278804762809216,0.04378274551016611,0.043758621243591825,0.04348604307086857,0.04343564995715262,0.04357475977218988,0.043643043132187594,0.0435063177269476,0.043418492260602785,0.043495697471430235,0.04361025754240021,0.04346338979544855,0.04323887935544116,0.043281614351293456
1.62,0.04311206768376822,0.043694150154724845,0.04336700358126274,0.043677021503242,0.043731369929682296,0.043324851088721396,0.04302623860350206,0.043499514635080234,0.04363810760770002,0.043298840307808895,0.04378080073960367,0.0437566503183127,0.04348402103160981,0.04342626830157387,0.04357150868094521,0.04363767388938255,0.043505225715930906,0.04340567518551585,0.04347782485361586,0.04361532342421444,0.04344506933702951,0.04325917083684054,0.043265622589932294
1.6400000000000001,0.043116065342088825,0.043698473451356704,0.043357016349968205,0.04366889177927921,0.04373262877993661,0.04332558917292842,0.04304381647903413,0.04351466420498677,0.043637129349365505,0.043322632108433054,0.043777989762284454,0.04375582773751458,0.043485202428025276,0.043414431807392066,0.04357910152781263,0.043636299280573373,0.04349846985058534,0.043398348945491584,0.04346276370535636,0.04362360266467208,0.04342648528934243,0.04327645115890222,0.04324811882467003
1.6600000000000001,0.043111125009110005,0.04370064067861102,0.04334452655154259,0.04366028924219432,0.043733601435465196,0.04332258497410235,0.043058235263424366,0.043524148402731236,0.0436425894705446,0.04335264898082101,0.04377522750095244,0.04374102339577694,0.04349005284180467,0.04340756334334255,0.04358089991956697,0.04363242764774246,0.04349189203883765,0.04338752600177266,0.043460395089008966,0.04363228856646271,0.04341704337433465,0.04329681005294907,0.04323646021890152
1.68,0.04311041709604618,0.04370403338767561,0.04333004070228333,0.0436563910510031,0.043734280085195774,0.04332976937082192,0.04307166752430719,0.04352614177172386,0.04364767974946913,0.04337772267690717,0.04377247857127173,0.04372363528775078,0.04349693970647581,0.043403823596312306,0.043588056376691144,0.043625517538416654,0.04348087141019742,0.04337784677346013,0.0434547624016987,0.04363382783794392,0.043404405986883415,0.043319563045919995,0.043230128051544664
1.7,0.043111362603669906,0.04370368043572995,0.04331784433321611,0.043663464290606,0.043734939835293966,0.043337694972076145,0.043083035078923235,0.0435227198990392,0.043644927063119114,0.04339880128835414,0.043769993005831176,0.043710760640124004,0.04350818036502147,0.04340429995402488,0.04359543450357563,0.04361123860692082,0.04346855894049978,0.04337301424282983,0.04345129562586579,0.043630259907048274,0.043393015076856285,0.04334229718272102,0.043223182148653304
1.72,0.043109755849746356,0.043706711210769314,0.04331236697856851,0.04366980664345349,0.04373539657113657,0.04333886825117354,0.04309273866738635,0.04352857291035031,0.04363477384373423,0.04341402715719785,0.04376756330635538,0.04369525213611261,0.043515302798645496,0.043401583165520514,0.04360700593821543,0.04358806511979742,0.04346524050260262,0.04336446016749716,0.04344785736040399,0.04363147217407224,0.043391230400558596,0.04336634665981796,0.04321560218688398
1.74,0.04310227923382617,0.04370947165955745,0.04331397081127505,0.04367560599596015,0.043735794926161586,0.04334238730685285,0.04310494662696843,0.04353716427872452,0.04362248982399265,0.04342225677611634,0.04376531289407655,0.04368274004750632,0.04351852589208706,0.04340267515282865,0.04361607016670987,0.04357471619196093,0.0434586210877968,0.0433555482938712,0.04344025125023276,0.04363213806192625,0.043394098791049954,0.043384460682793,0.04320847404772527
1.76,0.04309652587575312,0.043713420997409116,0.043316288829131896,0.04367133489019594,0.043737577459281717,0.04333903804691205,0.043118711533264686,0.04353779249769433,0.043614901633848575,0.04342530236140954,0.04376466565001494,0.04367360429425526,0.043524821827221234,0.04341232351841251,0.04362728815060674,0.04355311499234705,0.04345440126244529,0.04334463202642462,0.04343337904312852,0.043641935297407265,0.0433955961242639,0.04340513678182197,0.04319820690674959
1.78,0.043084736011028926,0.043718305192305226,0.04331747161162175,0.04367127461344046,0.04374047384928631,0.043331474973028195,0.04313429215612552,0.04353616915952896,0.043604992497494485,0.04342523546764925,0.0437653329868442,0.04367320155986078,0.04353781625799319,0.043415700661307406,0.043633856886545704,0.04353154402942125,0.04344579008857116,0.04334093170432203,0.04342515060934502,0.04365270196072474,0.04338640030189644,0.043429897330621546,0.04319725009103739
1.8,0.04307864312765409,0.043721598954134855,0.043323889603842515,0.0436644439452912,0.0437419428271674,0.04333515221171274,0.04315428365376856,0.043534212908071475,0.04360082274500917,0.043422178106599194,0.0437647557173938,0.04367204284604636,0.0435453959283023,0.043415220992601825,0.0436336110024297,0.04351209766107414,0.0434318803905739,0.0433450051848682,0.04341692711325866,0.04366139576659235,0.043380976487668935,0.043445825927883264,0.04319769689805518
1.82,0.043073620972882365,0.04372373211249784,0.043334123252975865,0.043666204763101506,0.04374240102649535,0.043347101002359625,0.043173880180656016,0.04353435659710531,0.04359148865588239,0.043424670617650596,0.0437633356776795,0.043662695749215094,0.0435559391125859,0.043414400528861544,0.04362896517111251,0.04349204817372764,0.04340949355904283,0.04334964084376023,0.04341467940984097,0.0436684855953372,0.043380843552245356,0.04345606582572073,0.04319182761926361
1.84,0.04306744958920957,0.043725443002108594,0.04334001526711249,0.04366554732939805,0.043742574763763135,0.043367681341416824,0.04319197391810426,0.043527193858839734,0.043589043739198814,0.04342467718045132,0.04376178570739145,0.043648879792474074,0.04355938310957563,0.04341219251425995,0.04362478192944609,0.04348042090901599,0.04339472810830391,0.04335785832810344,0.04341855924364025,0.04367474534693882,0.04337550349546997,0.04345838357030207,0.04319117795547541
1.86,0.04306534086998659,0.0437287507046377,0.043346406856668844,0.043659379074447884,0.04374447250403211,0.043392036623632044,0.04320534323550623,0.043527207357188916,0.043586255755469205,0.043419974948559814,0.043762102366505795,0.04363742578351908,0.0435559199557037,0.04341197903193641,0.043618063042990554,0.04347571567032673,0.043383628483087674,0.0433617354956029,0.04341881962431996,0.04368222552057209,0.043372181332823063,0.043457977833418635,0.043187057929063875
1.8800000000000001,0.04305207143565263,0.043730970378508496,0.043357314370519776,0.04365849376205895,0.04374539798789386,0.04341058501050064,0.04321378233810283,0.04353717223277684,0.04357218610205083,0.04341037684429968,0.04376157659206678,0.043627217810493606,0.04355479031898519,0.04341580082363004,0.043610809653323646,0.04346698435546464,0.043374614497538204,0.04337617809890418,0.04341898448114111,0.0436882750632051,0.04336849017825523,0.043462040314438,0.043185887350189606
1.9000000000000001,0.04303173576745837,0.04373350797675024,0.043374767836170655,0.04366081326585114,0.04374674808306814,0.04342180249989196,0.043227381279825755,0.04355566090693002,0.04355473768605181,0.04340502889331067,0.04376159506385359,0.04361561460944123,0.04354683689505754,0.04341921718534277,0.04360438401284931,0.04345350025238891,0.04336272169919592,0.04338779052877816,0.043419977813201,0.04369432681382893,0.04336935378851796,0.043471065140583784,0.04318143200165215
1.92,0.043016279459928274,0.04373709414812792,0.043395482153796634,0.0436608930318286,0.0437492448413329,0.04343873761269337,0.04324208436944744,0.04357388056578147,0.04353663091403173,0.04339806472771323,0.04376287019329103,0.04360599212110071,0.043543557502991846,0.0434248441908632,0.043583138308534344,0.04343534950993945,0.043347321846196864,0.04339679296508497,0.043420559319013056,0.043701136862088,0.04337117836298043,0.04348169059453565,0.04317717639869916
1.94,0.043006008180046844,0.043740686440560395,0.043408666491173066,0.04365534572539452,0.043751837435760894,0.043452425480592236,0.04326243897356542,0.04359090125195456,0.04352334496504715,0.04339224858343715,0.04376434176219947,0.04360422042094198,0.04353952168123371,0.04342453983149754,0.04356037392240533,0.04341540220773122,0.04333403477744456,0.04340273310782554,0.043424144728174206,0.043707687539403926,0.04336969832625437,0.04349034306751385,0.043179055099842156
1.96,0.0430043566343455,0.04374519107222958,0.04342516604318182,0.04365071782511291,0.04375542490213312,0.04347101591539446,0.043278867776522484,0.0436077256608739,0.04350893811820467,0.04338474461020246,0.043766900752272936,0.04360448187284195,0.04353571662135867,0.04342068260958382,0.04353653145345119,0.04339670863641084,0.04332347153692974,0.043395984042433215,0.0434249904562511,0.04371490631868365,0.04336522901899599,0.043500317827405086,0.043181930295181026
1.98,0.04300765249478861,0.04374939531487698,0.04343191597438543,0.04364278614649586,0.04375878743104779,0.043491549405463514,0.04329167052454579,0.04362323618138639,0.0434953333217428,0.04338231999740453,0.04376931941356928,0.043600428266199885,0.04353647598735305,0.043417729577976995,0.04352025315799801,0.04338339065094473,0.0433084905251863,0.0433850510312396,0.04342356971837103,0.04372160142674431,0.04336021077459525,0.043508773810095734,0.043190058867588144
2.0,0.043010224479967274,0.0437530043895556,0.04344167785835045,0.043633352666423195,0.043761623972275246,0.043506042924525194,0.04330193261513516,0.04363722227323756,0.04348370059442303,0.04337818146683039,0.04377128966346718,0.04359686965734304,0.04354388159488923,0.04341304480754,0.04350578558003681,0.043377128817334874,0.04329679097308379,0.04337540739861344,0.04342361768994789,0.04372749664311133,0.043351718727918064,0.04350310282335608,0.04320690238263502
2.02,0.043007099084991736,0.04375666706578565,0.04344238191238183,0.043635300885285486,0.043764577721912855,0.04351620949120696,0.04330551895569844,0.043650407570672824,0.04346788759578701,0.043377790600189814,0.04377344844822736,0.04359864329510606,0.04355037058194663,0.04341234902869045,0.043487899165222325,0.043371382159370926,0.043291421513732414,0.043366839588369004,0.04342152830649424,0.043733257230615684,0.04334986863411345,0.04350303054734041,0.04321612061685842
2.04,0.04300471115671017,0.043759833833935696,0.04343811310554556,0.043637043620350056,0.04376709383758281,0.04352321957742077,0.043308247318756675,0.043662314195911475,0.04345396789813652,0.043371970305864226,0.04377523494552129,0.04359268970715539,0.04355922225453298,0.04341334684653027,0.04347162870502634,0.04336320678140293,0.04328437736214769,0.04335929515481942,0.043422488093762625,0.043738349460708086,0.04335650766176126,0.04350499158592133,0.04323214659049648
2.06,0.042992318741573686,0.043763013336549555,0.04342545558635961,0.04362789159959732,0.0437696762455613,0.04353088345585078,0.043311540443129244,0.043673514142527424,0.04344581704127306,0.04336314000841673,0.04377714779297169,0.043596456538576855,0.043568551858096376,0.043413005007167604,0.04345224833736591,0.04336006791537803,0.04328743903291024,0.04335434969579378,0.04343380127611126,0.043743295932681996,0.043358303642330204,0.04351268014903999,0.04323940222073728
2.08,0.042979856003237386,0.04376608393494571,0.04341520447088223,0.043611187038724804,0.0437721988783314,0.04353592545598075,0.043318466957705755,0.04368394526195096,0.043448503828718815,0.043348144250944756,0.043779055956724246,0.04359746102902295,0.04357490196977925,0.04341634668015001,0.043435070395907646,0.043356283778574464,0.04328719887067587,0.04335091081134502,0.043448031229695705,0.04374743567664676,0.043363222773600725,0.04351947182695609,0.043245092919498684
2.1,0.04297309416448507,0.04377012107380859,0.04340634340934193,0.043590934911632795,0.04377573327322734,0.04353043006545998,0.04333095910011104,0.04369023981644244,0.04345843857410833,0.04332975039711667,0.04378202659255075,0.04360162730308046,0.04358829960790211,0.04342493286750055,0.04342354946779526,0.043356378902156475,0.043291402414991624,0.043348056750705084,0.04345601403675344,0.04375067549320187,0.043362778848155446,0.04351271146646036,0.043245501463012245
2.12,0.04297463021715603,0.04377434028189731,0.04338969503367666,0.043574370087087595,0.04377949113124444,0.04352533378653923,0.04334255564254621,0.04369756593705759,0.04346059384346478,0.043311347278258853,0.0437832271097199,0.0436130098879584,0.04359825808227071,0.04343021372110621,0.043407658500648386,0.04335901264738784,0.043296174149984594,0.0433490398454289,0.04346678057386646,0.0437564932225362,0.04336645685121254,0.043508681517456,0.0432350706514952
2.14,0.04297259116073344,0.043778305692650336,0.04337208267142853,0.04356086368465096,0.043783033127191465,0.04351882728343642,0.0433559211651769,0.043697919466114794,0.043460665790226914,0.0432901782385164,0.04378415665300235,0.043626380386213,0.043605678304554925,0.04343621420126583,0.04339293514860601,0.04335720128162783,0.0433077967541331,0.043349966905658316,0.04347159833439038,0.04376192571350608,0.043371639883189365,0.043510652988364706,0.04323346516536199
2.16,0.04296996504307684,0.04378199535920198,0.04335652622222027,0.04354707994169495,0.04378633418984359,0.043511263282809874,0.04336908806634003,0.043700803526610744,0.04345607771199227,0.043269711732548205,0.043781495167056206,0.04363377058858886,0.043614168535053746,0.04344651385446873,0.04337728453457283,0.04335018170658677,0.04332378889651082,0.04335067513555034,0.04348024878227861,0.043766961844765785,0.0433739431311815,0.04351591315239637,0.04323620959465064
2.18,0.04296364686003581,0.04378515641728711,0.04335464085841161,0.043542645559776126,0.04378913856750003,0.04350833780339281,0.04337731574449249,0.04370670094440431,0.04344538643019826,0.04324802142113405,0.043777661668240646,0.04364004034347267,0.04362005793302159,0.043450836880128,0.043372510842789376,0.043344476844604865,0.043338167810583125,0.04335455700380781,0.043479783874476235,0.04377135875665964,0.04338120987600509,0.04351168758411374,0.0432366599754646
2.2,0.04296036139770588,0.04378711687040606,0.04335418144469691,0.04354441695473177,0.043790771583148785,0.04351300916742444,0.043385738420265135,0.04370596512500264,0.04343784239300602,0.04321731636211488,0.043766392143596476,0.04364163702292222,0.04363517286359059,0.04346173962542438,0.043370098847273233,0.04333680180638387,0.04335231854343099,0.043355462751387235,0.04348806983247883,0.043774453740333466,0.04337990020879374,0.04350397597420217,0.04323725692168026
2.22,0.04294763162246221,0.04378963142449166,0.04336169294917346,0.04355080925975526,0.04379298567852678,0.04351400680463567,0.043388512177791265,0.04370195148790488,0.04343095611122231,0.04319092335922033,0.043757669788406006,0.04363783692625973,0.04364314635170095,0.04347644933450819,0.04336529019464004,0.0433370955800778,0.04336161159360258,0.04335798334500019,0.043497790602816826,0.04377800934688026,0.0433818756443063,0.0434967227236526,0.04323941769296476
2.24,0.04293319105357791,0.04379147950130216,0.04337570817771856,0.043558083229709346,0.04379455796541264,0.04351093939452064,0.04338933073466608,0.0436962563649286,0.043420974653780565,0.0431714611922029,0.0437516128354054,0.043631368102771864,0.04364878446873513,0.04348913113599164,0.043366020913416674,0.04334476770203153,0.043368519411354056,0.04335297287175815,0.043514934330437134,0.04378081300185363,0.043378166868955535,0.04349150345631282,0.04323942263315697
2.2600000000000002,0.04291667004405856,0.043787393151565296,0.04339772679629195,0.043559286811079574,0.04379583013177252,0.04351361672694574,0.04338721143637811,0.04369454183401334,0.043417028097603866,0.043152580661027805,0.043742254945222395,0.04362669626936765,0.0436611131275335,0.04349958321752799,0.04336754319052799,0.04335251888686549,0.04337238610815242,0.04334204935644189,0.043530431917532704,0.04378360095242074,0.043366088842364106,0.04348901758671325,0.04324482990859317
2.2800000000000002,0.04289792633422408,0.04378581661025532,0.0434123984145888,0.043561631794668786,0.043798413506627075,0.0435105804807308,0.043389700152187564,0.04369923721455165,0.04341050240972481,0.04313435260242803,0.04373807089908023,0.043624715132292824,0.043671539416748555,0.0435090917864029,0.043373198084922696,0.04335271561841532,0.04337335636262148,0.04333752406029252,0.0435423425634814,0.04378718950287465,0.04336072571277168,0.04347994256128072,0.04324902877882816
2.3000000000000003,0.042876524926904726,0.04378896423291223,0.0434276117006377,0.043560885217049254,0.04380239086616374,0.04350986214973896,0.043395016897062315,0.043696537887130044,0.043405151671388816,0.04311710592378435,0.04373774298775806,0.04362349542814608,0.04367658092803268,0.04351622655929254,0.0433842274776481,0.04334540263036447,0.04337756639474299,0.0433308343279112,0.043553879543643065,0.04378976751253291,0.04335584396039965,0.043474235966295696,0.04325414481046041
2.32,0.042849750784028404,0.04379097781246698,0.04343805277997583,0.043558897988059286,0.04380562749021586,0.04350729346392507,0.04340474738808243,0.04369133366038871,0.04340921598394096,0.043112883378881334,0.04373302677970073,0.043627507542105974,0.04367503552441562,0.04352498453314299,0.043394920968739606,0.04333559317958893,0.04338338145912566,0.04332827154173498,0.04356506781488546,0.04378353668026855,0.043349070352938626,0.0434726861696337,0.04325813672375434
2.34,0.04282237580138597,0.0437939360817321,0.04344802306235412,0.043557355404426054,0.04380948324790835,0.043502804142202735,0.04341178081260911,0.0436838422785121,0.04341808709610594,0.04311456276846094,0.0437361546967818,0.04363452008097008,0.04366649003723547,0.043535274466508886,0.043409495561719254,0.043324443488792254,0.04338161608812931,0.04332900636282649,0.043574692363332765,0.04377720482251264,0.04333755523838156,0.04346616201598938,0.04326513408112273
2.36,0.04279693884164106,0.0437913857859821,0.043462782102724855,0.04355322588509553,0.043812461490981926,0.04350200100727439,0.04342102551418998,0.04367747411706004,0.04342944027315936,0.04311886328810217,0.043726287977227295,0.04364151651282877,0.04366682473754627,0.043548275052383456,0.04341921096937151,0.04331286978353981,0.04338084857576192,0.04332519806429063,0.0435843747717445,0.04377713824537937,0.043329795219926616,0.04345544607159174,0.04326661571219667
2.38,0.042778875730547124,0.04379433289360837,0.043469946965511104,0.04355058026956208,0.04381419281936051,0.0434951988509274,0.043419400621592254,0.04368068137486398,0.04344046147536027,0.04312800364179988,0.043719626741460245,0.04365112095786661,0.043662124558359584,0.04356315275877375,0.04342320622903194,0.043295898981843106,0.0433833649748014,0.04332293434526523,0.04359408017913337,0.043777623626994465,0.04332801587976507,0.043449777487974656,0.04325739863559759
2.4,0.042762520288711504,0.04379439107913499,0.04347601932769498,0.04354441023342015,0.04381589518242589,0.043492630503152795,0.043421066983622976,0.04367693497000246,0.04345085530068273,0.04313761257599141,0.04371461570939057,0.043665834479492946,0.04365961063494506,0.04357359610792923,0.043420594429864894,0.04328181556442507,0.04339246521085504,0.04331599187188086,0.043608845678931876,0.04377644157903969,0.043332450679913516,0.043436672207942846,0.043248729400548414
2.42,0.042757380869755855,0.04379697451843607,0.043473839040057485,0.043535075438906425,0.04381792049804647,0.043495709370612146,0.043422641533901955,0.04367407801709212,0.04345839072392282,0.0431447379731836,0.043705996888590073,0.04367735556557057,0.043663002949448734,0.043579249348132766,0.04341605388585675,0.04327260921498855,0.04339681449763191,0.04331400740650969,0.043619800435469105,0.04377503378522009,0.043332942903382625,0.04343511077660367,0.04323527435868055
2.44,0.04275458815794996,0.043795740728912555,0.04347161401398633,0.04353498693413367,0.04382003583250308,0.04349614612493892,0.04342226970416627,0.043676885356019914,0.04346126305054696,0.04315749129930228,0.04369950383190532,0.04368757130697074,0.0436672800372729,0.04358572475787059,0.04340980694325385,0.04325328960357379,0.043394946668017825,0.04331804049443677,0.0436328622425474,0.04377629325154505,0.04333211916283762,0.04342648643197102,0.04322505406533711
2.46,0.04275559722226962,0.04380042879577608,0.0434769044988511,0.04352650568292219,0.04382272803467664,0.04349849748923544,0.04342607288529648,0.043682145411135964,0.04346710663290542,0.04316419398787722,0.043692782973700384,0.04369890472429875,0.04367268958226504,0.04359167302757663,0.043394324362836495,0.04323486822262604,0.04339155818098591,0.043317923623893854,0.04364570330354793,0.04377432952551718,0.04332775017334713,0.0434188230297125,0.04321848862874593
2.48,0.04275454389256245,0.0437986490417825,0.04347520778415866,0.04351860917071087,0.04382579258152927,0.043497091055850264,0.0434309204709168,0.043688689203244466,0.04347227231885167,0.04316978871531616,0.043686575095264524,0.04370975677680096,0.04367740469362715,0.0436057068657005,0.043377227342360596,0.04322284593318354,0.04339418776829028,0.043312162960803896,0.043653032056032805,0.04378031367626508,0.043328522956754184,0.04340756255607059,0.04321313708392305
2.5,0.042755155496388135,0.04379914563409176,0.043476634781931006,0.043500031027387615,0.043827677794714553,0.043496858994431974,0.04344024989847228,0.04369385160387584,0.043472430350093405,0.04317514668083177,0.04368377718851479,0.04371996270111292,0.043683605903523395,0.043613959266902265,0.04336308943867035,0.04320960182905591,0.04340056595020945,0.04329860500691553,0.04366911091097139,0.043785213932628034,0.04332951286526129,0.04339977945463742,0.043206033289378866
2.52,0.04274514332278862,0.04378803717788902,0.04348032710492935,0.043482433680283886,0.043830346566153186,0.04350113632539247,0.043451557996680615,0.043699611893258106,0.04347792352494901,0.04318316711667313,0.043678961102162246,0.04372982755390738,0.04368884453871889,0.04362226402980132,0.043354211506489986,0.043203855267557316,0.04340435768451762,0.043278760309479525,0.043684804088199,0.0437913706112395,0.043327919211834154,0.043391924086544145,0.04320321530055136
2.54,0.04273472071879703,0.04377873883183661,0.043483662012617684,0.04347071013525402,0.043832157973424005,0.04349933485676349,0.04346417577288828,0.043699997297709965,0.04348407269607486,0.04319140396242684,0.043671238577119575,0.04373714934736005,0.04369474442659058,0.04363231641929007,0.043346479971907555,0.04319845348834629,0.04340797648575491,0.04326138467311474,0.04369473417197094,0.043791915513452656,0.043326941108795265,0.04338928141564909,0.043208410142855425
2.56,0.04272783319257893,0.04376488996032324,0.043488119429888734,0.04346115164137009,0.043832973585877934,0.043492892178761774,0.043475863429168066,0.04370434256206738,0.04349013050315964,0.04320330046127271,0.04366125499228316,0.043745771756368956,0.043693369830297604,0.043637824684156334,0.04334059246389325,0.04319111470329673,0.043418678922842506,0.04324582837146509,0.04369819217927927,0.04379129561930341,0.04332806510697005,0.043385322969275844,0.04322119145609919
2.58,0.04272318406857654,0.043752762949252975,0.04349022056354036,0.043442847163607544,0.04383445822349825,0.04349014503496758,0.04349405654969885,0.0437084764002071,0.043491456364731236,0.043224517467150815,0.04365634838254414,0.04375442036723572,0.04369198641305093,0.043651228101160046,0.04332656662434967,0.0431793175285716,0.043414771117715995,0.04323636473603127,0.04369406221643069,0.04379515697940059,0.04333495739765081,0.04338250582165291,0.04323018952897432
2.6,0.042730615341229114,0.043742739538140604,0.043492955601941045,0.043429943843583924,0.04383553347294838,0.04348823250451557,0.04350794694919685,0.04370554207887797,0.04349773884332531,0.04323828217666083,0.0436504721117463,0.04376207152302806,0.04368571200599239,0.04366508453350423,0.0433232997668266,0.043169860188099214,0.04340381470893541,0.04322950029368339,0.043693092656187676,0.04378779336877415,0.04334335027795077,0.04337885843153417,0.04323755978331814
2.62,0.042727232222386814,0.04373976508505748,0.04349365593598264,0.0434228828561922,0.04383766613607174,0.043493557399072354,0.04352116882229775,0.04370197010678867,0.04350501234335114,0.04324995215830248,0.04365022738395545,0.04377023805402808,0.04367028449298935,0.043670690390398746,0.04331864849556625,0.04317106752577851,0.04340296342042441,0.04322502616404218,0.04368248995711695,0.04378081384230495,0.043350268130886785,0.04337537010598906,0.04323904897101616
2.64,0.042728742589981626,0.04374720271284813,0.043488947578339716,0.0434172126175572,0.04384068661625034,0.04349942940308079,0.043540794313460654,0.04369519795525073,0.043511979433475054,0.04325482123292733,0.04365080984446517,0.04377879530389405,0.04365611200905284,0.04368694824537163,0.0433087375091345,0.04317836176672403,0.043395254270131585,0.043211694871325604,0.043664835164767594,0.043775251624387196,0.04335685541905149,0.043369147758029164,0.04324218176049354
2.66,0.0427275407355386,0.0437537768704857,0.04349152518987536,0.04341341892677077,0.043840923470374785,0.04350595896192014,0.04355708038073036,0.0436874474636165,0.04351178300955905,0.04326241376221578,0.04364860849193424,0.04378411756848055,0.04364399172481045,0.04369981728792318,0.04331318263456314,0.04318678813966702,0.043393018624121024,0.04320784104514402,0.04365063932551244,0.043768651602566065,0.04335180020627412,0.04336039017012178,0.043239284407794974
2.68,0.04272676311641909,0.04375600530213967,0.04349672671920853,0.04341332877362683,0.04384016997683788,0.043506834354748544,0.04357257850659322,0.0436854044720032,0.04351897268634453,0.04327594863322758,0.043646128048946777,0.043788799670327505,0.04363205420080637,0.043711426431642865,0.04332207689535975,0.04319217843224246,0.04338905756354632,0.04320585253261711,0.04364450897372839,0.04375131803736444,0.04333879981071278,0.043356759588058014,0.04322830727349799
2.7,0.04272741620348101,0.04376170874596766,0.04350570202921827,0.043410909165597554,0.043840942660870505,0.04350392557586481,0.0435851768758415,0.04368031831008368,0.04351809694296902,0.04329940587826391,0.04364474473427904,0.04379379275692693,0.043617430736872506,0.04372277622968377,0.04332841842859768,0.04319555550548079,0.0433852572328236,0.04320623965365557,0.04364115851812336,0.04373299989358544,0.043325489302917984,0.043362786503701935,0.04320974811519347
2.72,0.04272889439115138,0.043761823816273596,0.04350830428750764,0.043407920346108506,0.04384340242745669,0.04350582141802248,0.04359517458680751,0.043667222911766626,0.043518821575404605,0.04331718280719748,0.04364633344089157,0.04380012446475553,0.04360478099748327,0.043734939801370575,0.04333268751017301,0.043203675513130035,0.0433835175670627,0.04320528717960373,0.04363575964547981,0.04371890948753597,0.043314804654427885,0.04336657692580916,0.043198034244580276
2.74,0.042719413703234094,0.04375443141624663,0.04351140011627056,0.04340197912439431,0.04384706597734851,0.04350839906669591,0.043601037978200384,0.043651409909400876,0.04352066258142406,0.04333472550700462,0.04365679120665343,0.043807340719173526,0.043596149480987806,0.043747507089760385,0.043340517425284275,0.04320282013642666,0.04339348139254653,0.043202055380964534,0.043636057187728186,0.04369559117516763,0.043303144377344956,0.04338262779769054,0.04318539125005177
2.7600000000000002,0.04272193894297894,0.04375163549085129,0.04350490251145169,0.04339692792943697,0.04385133765720297,0.043508922848695064,0.04360313014573005,0.04364062429835398,0.043518733747620476,0.0433403109415221,0.04366538037180173,0.04381487270489915,0.04358201482580783,0.04375994970268469,0.04335337780147585,0.0432040414087452,0.043396404298852845,0.04320039835907976,0.04364444628403575,0.04367135083378754,0.04328658828236746,0.043403314631424404,0.0431793959811943
2.7800000000000002,0.04273217796972177,0.043749287531292286,0.04350361740753753,0.04339526562708705,0.04385492789815902,0.043506959895637375,0.043596828096685,0.04362600295128658,0.04351013673406948,0.043338094355948036,0.04367664707053554,0.043821455926521,0.04357454438481923,0.043771040910011993,0.043368137203504666,0.04320603042227129,0.04339022377701313,0.043207902252142535,0.04365047907097599,0.043654835187050746,0.04327314044023553,0.0434215898371846,0.04317067505030968
2.8000000000000003,0.04273696397213709,0.04375172216049956,0.04348915109810257,0.0433950740623981,0.04385915641406797,0.04351176278364353,0.04359778453139865,0.04360888485202374,0.04350219123660828,0.043334858117584314,0.04368495353524955,0.04382843111080508,0.04357294000703808,0.043782153087867155,0.04338359148591237,0.04320444348315296,0.043392438542117016,0.043211998061365886,0.043659992930542256,0.04364599026600262,0.04325097784524519,0.04343596597563094,0.04315857444060715
2.82,0.04274374379187455,0.0437624625470922,0.04348224333327599,0.04338772201503768,0.04386433989722796,0.04352240311004985,0.043588770458618385,0.043594592028517426,0.04349111447805675,0.043329291820894345,0.043691975325611046,0.04383613503698934,0.04356204784771355,0.04379365327015645,0.0433987562204832,0.0432032406680138,0.04339194532749486,0.043216979416758,0.04366700176414993,0.0436360549125645,0.043230726556553245,0.04345548365196249,0.04314931652090446
2.84,0.04275345187178402,0.043772397648321325,0.04347030843417832,0.04338108307692645,0.043868754584318395,0.0435266084211619,0.0435856816338868,0.043584705498749876,0.04347261394072244,0.04332333734690889,0.043705914227306485,0.04384286361413893,0.0435541575853972,0.0438038669962179,0.04340881893656591,0.043201412565607174,0.04339784382298472,0.0432190729503007,0.043676510661913734,0.04362780981905222,0.04320556199592451,0.04347696508993175,0.04314025927770036
2.86,0.042763157548892636,0.0437842015220967,0.043457736865965824,0.04337066561872342,0.04387265314998676,0.043530152854369716,0.043581554425283615,0.04357031466182465,0.04345368843442597,0.043322887504807193,0.0437192366319539,0.043848886324730954,0.04355098150820846,0.04381308906424701,0.04342615614010443,0.04319582222505384,0.04340665282312865,0.04321993421876057,0.04368465513954268,0.04361850614607766,0.043180346353346846,0.0434876071590195,0.04314111367944899
2.88,0.04277030428376238,0.04379605459717392,0.04345240364718193,0.043360777407520534,0.04387725137024831,0.04353619187162786,0.04357501246526053,0.04355189271813684,0.04343892731718863,0.04332312134864661,0.043722181193152174,0.04385543391405188,0.043540181541549774,0.0438225727660376,0.04344196595719556,0.04318952876148048,0.04342265469188532,0.04322227456020141,0.04369085952696261,0.04360706325033743,0.04316637371813111,0.043498004065501084,0.04313896902676559
2.9,0.042782925941480886,0.043805960918953966,0.04345421327240325,0.043354184533990175,0.04388049622649706,0.04354879800365219,0.043571813972857656,0.043530149466259556,0.04342746566593769,0.04331644136781562,0.043713021961641944,0.04386046869651236,0.043525002187855044,0.04383030351037596,0.04345914860727095,0.0431856622968548,0.04343806330056233,0.043223511833348736,0.04369036456920892,0.043595703506371576,0.04315071461940502,0.04351539711082209,0.043140188429922344
2.92,0.04279739201040431,0.04381421004353161,0.04345218778761209,0.043334999248705354,0.043882629080220455,0.04355410086056481,0.04356563324230796,0.04351650818384012,0.04342258276464166,0.04330721258765014,0.04370645793554942,0.04386424498342153,0.04351021559476049,0.043836555113411946,0.043471475228245404,0.04318212867596534,0.04345827651736879,0.0432286861623626,0.043694698957022486,0.04358808203234602,0.04314502673758376,0.04352903586463432,0.04313766038784929
2.94,0.04281896128602926,0.04382223975419581,0.043453833341577215,0.043318446453394624,0.043885045068978897,0.043547629279760594,0.043557177001922916,0.043510538599704336,0.04341766243073534,0.043298829970918225,0.04369894032404403,0.04386816937118575,0.04349044155647895,0.04384275143070576,0.04348678835492433,0.043178843695763504,0.04347580034211727,0.04323973108397554,0.0436959854493551,0.04357806822083519,0.0431389335851334,0.04353824726287095,0.04313693613539305
2.96,0.0428376936634982,0.04383049026288251,0.04345700878125033,0.04330209034646168,0.04388814361375282,0.04353600937262922,0.04355424072709476,0.04350309279033006,0.04341773493967219,0.04329328838384797,0.04369340179921621,0.04387265224125656,0.04347834678632331,0.043849319352217565,0.04349338472245999,0.0431810898893855,0.04348767785230027,0.043242107253615936,0.04369185741987866,0.04357537292567477,0.04313368759755997,0.04354504716604249,0.04313626211264892
2.98,0.04284627675574472,0.04383775290332359,0.04346248557873731,0.043291273062218256,0.04388378935268912,0.04352279585535342,0.04355548113604183,0.04348517883444055,0.04341869602506658,0.043285858506944955,0.04369091125392786,0.043876456030475526,0.043468528449586645,0.04385503730663656,0.04349479517189538,0.04319436263433728,0.04349935071630346,0.04324391350926545,0.043685879352483734,0.043575000801220544,0.04313270549652068,0.04355220147354032,0.04314126979324609
3.0,0.04285586735446068,0.0438451061590814,0.04346496753681613,0.04328243411752644,0.04387767570375823,0.04351131688942966,0.04355738401770512,0.04347550505023124,0.04341117262861398,0.04328571316779487,0.043696402754327235,0.043880634745749325,0.04345593780259804,0.043860972846512046,0.0435025334532366,0.043219163444650856,0.04349724783071109,0.04324669922478401,0.04367533741629939,0.04356880980117169,0.0431289481651879,0.043556548263560056,0.0431436216257939
3.02,0.042868906577990175,0.04385264832761323,0.04346145185118721,0.04327516573793009,0.04387354999100171,0.04351027367511715,0.04356317988282602,0.04346566068621566,0.043392956755557,0.04328211165273706,0.04370334201341531,0.04388356345762299,0.04344706895673865,0.043867213847323554,0.04350859084677003,0.043239691401104216,0.043492766747808394,0.04324673496134526,0.04366338867815512,0.043562457286262055,0.04313147442766457,0.04356194322633076,0.043145859011283816
3.04,0.042880161408693794,0.04385880385533882,0.04345889713039298,0.04326816332027501,0.0438758302590362,0.04350831214180594,0.043571521797190295,0.0434609252524156,0.04337079168022548,0.04328067158026191,0.04371304150739741,0.04387677236686447,0.04344115966977939,0.04387217467705496,0.043519560399141025,0.043258946232980905,0.04348834672213335,0.043244605155624,0.043652277182287286,0.043558652039244486,0.043130957482152094,0.04356678686906981,0.043142641270634774
3.06,0.04289620844137196,0.0438641861139523,0.043451391290473915,0.04326476918091939,0.04387595957422686,0.04351039308775437,0.043572983693338334,0.04346849758828339,0.04334314884018877,0.043274311410518455,0.04372498467590359,0.04387107830666926,0.04343021755195228,0.04387646015450063,0.04352805800468404,0.04328082850288229,0.04347959210538337,0.04324521036760506,0.04364431697094162,0.043550367162285934,0.04313398512370681,0.0435771523244659,0.043135899527991406
3.08,0.04290769662772234,0.043867474153438356,0.04344979656698701,0.043264792818533494,0.043873308531074226,0.043508257927787015,0.043577168762407976,0.0434704338098274,0.043322414032764024,0.04326808997272616,0.043739695938837746,0.043861597479438186,0.04341865973777084,0.04387874095505467,0.0435318048082615,0.04330012783615466,0.04346753347735166,0.043252532878509796,0.043639513552080116,0.04354789149038745,0.04314006766527361,0.043586941982083814,0.04312545899552812
3.1,0.04291306375075055,0.04387115452068586,0.043450800582504855,0.043263028903208475,0.04387301836195903,0.04350655167007966,0.04358831548520657,0.04347799570109761,0.04330945929101505,0.04325762969008299,0.04374258947097185,0.04385245622506966,0.04341689293859239,0.043881496896053085,0.043534376673838415,0.04331506076308884,0.04345731548580503,0.04325029655172245,0.04363159998411956,0.04353942197438232,0.04314937862091724,0.04359920769014656,0.04311888876870198
3.12,0.04292224164732765,0.04387453652120302,0.0434530555730749,0.043260382327860725,0.043871971400251994,0.04350171596935119,0.043592052760573576,0.043493320012211685,0.043297743224380174,0.04325196787500147,0.04374364399048802,0.04384339273903736,0.04340507665898485,0.04388403031905819,0.043529976972566393,0.04332862665294266,0.04345165049604683,0.04324524561739194,0.043630127085642276,0.043533114517785604,0.04315655926109506,0.04361741245252747,0.043112155925197015
3.14,0.04292378711039344,0.04387636817036054,0.043456738353854996,0.043258861356971975,0.0438713305603821,0.04350266080177196,0.043593919824870986,0.04350553863479895,0.04329237388818773,0.04324718620368258,0.04374113632051211,0.04383021985581844,0.04339265968259095,0.0438850827624959,0.043515988426099564,0.043345265676421704,0.043455204868439914,0.04324976771084512,0.043628474293668444,0.04352887740239757,0.043163322035876,0.043626700788154456,0.04310853527140461
3.16,0.04293058411202082,0.0438785426081462,0.043457479689897216,0.04325266936454868,0.043873918409238113,0.04350678129615432,0.043592940615739165,0.043515875861987206,0.04329710649078505,0.043241108630478114,0.04374001890228192,0.04380942519438138,0.043376289903363806,0.04388654203795702,0.043502398150807496,0.04336085419739392,0.043456646226849784,0.04325452311410869,0.04362580833156185,0.04352143103620797,0.04317024528468499,0.04363793452265296,0.04311087601875321
3.18,0.0429357074401033,0.04387909713732378,0.043464273793548676,0.04324687668688175,0.04387485256237647,0.043515775418356176,0.043592064102474,0.04352420537493399,0.04329282652979063,0.043242104037085664,0.04374018798841404,0.0437929562194314,0.043363134124174425,0.04388643985333639,0.043497492744884556,0.04337780319617377,0.043447275952018756,0.04326409312019894,0.043622817653409196,0.043510074928484084,0.04317019246401992,0.04364071543671459,0.043119033235865495
3.2,0.042941825832138555,0.0438794645787277,0.043463874695360075,0.0432385604457056,0.04387556847505282,0.04352465027965147,0.04358855183568372,0.043538208594004264,0.043292573674344775,0.043249952462127914,0.043744775907088376,0.04377941720940952,0.04334643341156073,0.04388620447216705,0.0435044740233498,0.043386058109006864,0.043438397572166845,0.04326695911552494,0.04362151227594551,0.043503094440770294,0.04316574234325378,0.04363554338653947,0.04312815686041994
3.22,0.042949816938812314,0.043879035923597154,0.0434647526302145,0.043227648061762346,0.04387545974481116,0.04352873672259408,0.043582028630756,0.0435523253338592,0.043290057098534555,0.04326188726600855,0.0437491488493618,0.04375841419481687,0.04333476412709068,0.04388522237702576,0.04351880005883881,0.04338812555735791,0.04343224071411892,0.04327590118063632,0.04362125202839268,0.043493309343788374,0.04316493691691792,0.04362513760470291,0.043140998696001284
3.24,0.04295597845121824,0.043878471196253835,0.04346613252240133,0.043217496772694326,0.043875188684838,0.043524467711310334,0.04357334971720868,0.043568193242196754,0.04329091417582156,0.04326436608550794,0.04375546733073243,0.043733707382196556,0.043325538530149116,0.04388414963271302,0.04353218209238433,0.04339381251140425,0.04342772611189569,0.04328980066177509,0.04361550076358436,0.04348185627871514,0.04316534537825556,0.0436211783281967,0.04315917643854685
3.2600000000000002,0.04296106658296357,0.043878798245953116,0.04346904733656722,0.0432145866349586,0.04386824201643169,0.04351535534797423,0.043561313340492756,0.04358555663158822,0.043296024753595536,0.04326450024724028,0.0437602234971753,0.04371060382431822,0.04331057501402029,0.04388401048302164,0.043542310512853837,0.04340134314663314,0.043420850525514115,0.04330181672100606,0.04361632808814281,0.043465637160637054,0.043168832590698855,0.04361756983128114,0.0431854074669323
3.2800000000000002,0.04296112895626335,0.04387915426513889,0.043466856739033194,0.04321559434853626,0.043866559310835745,0.04350526053930628,0.043560047948870154,0.043591792058424825,0.04330151964997786,0.04326276122264052,0.04375810302526498,0.043686919760018726,0.04330759714894412,0.043883938583853095,0.04355148982613038,0.04340444074033578,0.043412176564835384,0.04331579196471216,0.04362178569234129,0.043449447788553926,0.043174288923094446,0.04361794293547051,0.043205402007418306
3.3000000000000003,0.042966063491392696,0.043880088085006715,0.04345757288806808,0.043207958957811994,0.043868011426159995,0.04349698949056793,0.04355587995744469,0.0436019173475321,0.04330914033795294,0.04325749351883849,0.04374944916188182,0.04366739297440429,0.043316035756538585,0.043884479677698054,0.043562787565369354,0.04340623604226907,0.04340399356023572,0.04332830710802094,0.043626221417552076,0.043436958304201585,0.04317919637005958,0.04361518023043358,0.04322264633055972
3.3200000000000003,0.042969206777526955,0.04388014627655838,0.043446575755624134,0.043213204629539384,0.04386906114527189,0.04348842942705902,0.04354873958158186,0.04361243650814348,0.04331179681089579,0.04326229455845715,0.0437447805484197,0.04364544605563016,0.04331857295141508,0.043884177307173575,0.0435666111163276,0.0434143903055935,0.043392909912624913,0.0433379721354431,0.04363047797770177,0.04342477903311589,0.043181477104365554,0.04361415980632211,0.043242354275208866
3.34,0.042977510770028815,0.04387909919863853,0.0434429190308931,0.0432210261760564,0.043868924442902635,0.04347268955770443,0.0435369280304621,0.043623807197114325,0.04331184446688121,0.04326828085700427,0.043744194986567085,0.04363031554676099,0.04332923268649917,0.04388279917753941,0.043574087481115,0.04341425426194894,0.043382011627314046,0.04334207631788826,0.043635779952599894,0.043414665592454674,0.04317952358280842,0.043610716828373496,0.0432573122304451
3.36,0.04297997387178699,0.04387780257210106,0.043442736896779494,0.04322583518066322,0.043868463497990166,0.0434691766364648,0.04352913207370541,0.04363448600836293,0.04331042424861244,0.043268686833914674,0.043743042008945736,0.04362581911134362,0.04334284300398987,0.04388119866121229,0.04357601993785269,0.043415690925322215,0.043369981493686496,0.04334774289032799,0.04363775701514926,0.043399421013514475,0.04317906342303506,0.043605982231768786,0.04326872046347045
3.38,0.04297640747937818,0.043877639903697606,0.043442227165012434,0.043223715509769896,0.04386906767357125,0.04346504002391709,0.043527253940402154,0.04365008721393461,0.04330750187926711,0.04327281539334829,0.04374198565892364,0.043618128725640484,0.043347627854795324,0.04388075713534662,0.0435761553971503,0.043421270868158675,0.04336354999136542,0.043359957920971144,0.04363296186829059,0.04337689322941064,0.04318532887487139,0.04360012223103591,0.04328350406174124
3.4,0.04297470410700171,0.04387633425269461,0.04344213223754852,0.043216683264376055,0.04386846610731901,0.04346135337162291,0.04352620183811688,0.04366747172599252,0.043305984900024797,0.04328857880102098,0.04374323753641621,0.043603928472561414,0.043350608835254906,0.043879195448838705,0.04357622489823924,0.043423353780483676,0.04335504900144709,0.04337246858427465,0.04363429626543817,0.043351053218526545,0.04319117126868807,0.04359485590530975,0.043296646178803584
3.42,0.04297225409040383,0.04387545842171074,0.04343212570494709,0.04321710650377151,0.043865007863882255,0.04346446848141416,0.04351872294450544,0.04368041040989106,0.043312205526919216,0.043302687050088884,0.04374356004376926,0.043592775801340015,0.04335308354679727,0.04387399206112995,0.04357508991266733,0.04342178586792412,0.043355402334298215,0.043387635337748295,0.04363625458486365,0.04332510143427307,0.04320363602934141,0.04358302333429027,0.04330821271402309
3.44,0.04297300747263137,0.04387432399359446,0.04342206152864438,0.04321625161417165,0.04386473179971597,0.04346991386536596,0.04351215843289882,0.043695296388016336,0.0433235565297311,0.043333540213983335,0.04373704634228028,0.04357958737233079,0.043350389261801785,0.043866383533383756,0.0435687904798123,0.04341255260106453,0.04335090219822707,0.04340494213649076,0.04363710221173264,0.043300042688273935,0.043214244686120756,0.04357140006018637,0.04332177458954156
3.46,0.0429781895551381,0.043873198362155794,0.04341731702810176,0.04321207137072419,0.043855039298969396,0.04347505873243964,0.04351156587915008,0.043708875631473396,0.043335219593846314,0.04335545356127531,0.04373347161187311,0.04355960032938054,0.043337590181503884,0.04386458092366775,0.04356146891493896,0.0434035437199435,0.04334663131572439,0.04341568950157763,0.04364466540019295,0.043285033658892864,0.04322898465737627,0.04355784865113634,0.04333890212051789
3.48,0.04298597379769602,0.04387125594387262,0.04340891520519482,0.04320961896375553,0.043846255201732354,0.043471033882976226,0.04351238027990501,0.04372002433934048,0.04334400020831456,0.043376355589896685,0.04373396376312233,0.043542401020778665,0.04332565481895387,0.04386155911209092,0.0435517279877906,0.04340014964304552,0.043341086850776214,0.043418193022485396,0.04365698193003898,0.04327581958344212,0.04324538990718851,0.04354136342351103,0.04335989552409171
3.5,0.04299610044916852,0.04387055485152596,0.04340573752224723,0.04320599371311666,0.04384714837157856,0.043467739701761085,0.04351575525534148,0.04373174448271555,0.04334896149215049,0.04338567660000386,0.04373504699750495,0.04351445157963689,0.04331365260502989,0.04386143603868513,0.0435434911114903,0.04339930900521688,0.04334081356598943,0.04341804422291215,0.04367104800677049,0.04327322832076798,0.04325479197450314,0.04352504527907919,0.04337422885280426
3.52,0.04300998813104231,0.04387085817319549,0.04339807285461088,0.043208751490827334,0.04384008272707556,0.043465887457430886,0.04352119867657749,0.0437421410972197,0.04335681510736073,0.04340539175661816,0.04373299166269323,0.043492507371240725,0.04330047499990917,0.04386248814302538,0.04353843635682464,0.043400018742179865,0.04333379105430321,0.04341355485613224,0.04368773364384128,0.04326765730229541,0.04326020401495028,0.04350600201549515,0.04338495236515085
3.54,0.04302250357135001,0.04386540348469767,0.043391967697381455,0.04320586559118177,0.043838059529773064,0.043466801760842465,0.043518161250915156,0.0437535614832779,0.043363952949269216,0.04343277478517396,0.04372646118754861,0.04348059970326054,0.04328266677431623,0.04386402779090974,0.04354091074050739,0.04339863039571221,0.04332481619991858,0.04340208666600588,0.04370225443086037,0.043264871498190284,0.04327210184081677,0.04347984839470624,0.04340167227338438
3.56,0.04303005033156852,0.0438628528536215,0.04337923933993386,0.04320174882906682,0.04383146182851749,0.043466009671908924,0.0435250918788804,0.04376224272119522,0.04336690071606864,0.04345669786275004,0.04372249198314363,0.043468403839650234,0.043270996327724354,0.04386363534551448,0.043539139121479824,0.04339965836337995,0.04330990904004697,0.0433935115428549,0.04371515002114737,0.04326582857218012,0.043283348453926306,0.043455789284820266,0.043429842070620235
3.58,0.0430339019309388,0.04386072323593669,0.043369726634970594,0.04319426614185148,0.04383354435225822,0.04345728046831588,0.04353122923724,0.04376808835813354,0.043372502391785875,0.043479999250826705,0.04371933862319759,0.04345833186282171,0.04325240393882801,0.04386307500742453,0.043539352162438386,0.04339840654772482,0.04329415773541496,0.0433908872504632,0.04372395844552034,0.04326509235753065,0.04329193206142112,0.043439964792909555,0.04346183721204734
3.6,0.04303478737515278,0.043858206958633315,0.04335916533735633,0.04319872007429883,0.043836572571857156,0.04345349381477549,0.04353954599254675,0.04377196092104509,0.04337990769716133,0.04350633433232728,0.043713511660627515,0.04344006964799296,0.04323965528472465,0.043863678151002734,0.043539606441611485,0.04338668289485496,0.043279150556766253,0.04338154089177936,0.04372409330231262,0.04326848055845678,0.04330497656947497,0.04343264921197322,0.043487209753267905
3.62,0.04303914607028937,0.04385634598183441,0.04335969012860736,0.04320565185091832,0.04383909518633244,0.043439122706910346,0.04355235822074798,0.043770852228903125,0.04338449098459431,0.043525916438140466,0.04370955081829284,0.0434193547664307,0.04323478242191195,0.043865551027788934,0.04354478719495335,0.04337793212763431,0.043268280563967684,0.04336589820876967,0.04372308833263341,0.043265219546906375,0.04331664567706585,0.04342782517653426,0.04350841433983258
3.64,0.04304023801205507,0.04385179843893179,0.04335425331246159,0.04321001069316542,0.04384319549467252,0.0434287436486586,0.043561203707330694,0.043771045995205385,0.043395034298403315,0.04354306449450899,0.04370062302522304,0.04340041825221547,0.04323367183969992,0.04386747961204544,0.04355136516621745,0.0433720833931877,0.043252799227394625,0.043349233863552716,0.04372243359230186,0.04326123642472538,0.043331190508627035,0.04342643368140316,0.043532443318012815
3.66,0.04304348824311417,0.043840758591727355,0.043348115220480425,0.043209083641501056,0.04384849776865624,0.04341492790924761,0.043573914327104966,0.04376934234914974,0.04340602005303109,0.04355224055196144,0.043693193360049294,0.04337994001099367,0.04322840986770545,0.04387078921798673,0.04355453999701251,0.04337298744554367,0.04324016462622523,0.04333993728966015,0.04371793000973794,0.04326696124597421,0.043350099326924726,0.04343127949190917,0.04354737945430325
3.68,0.04304675479925795,0.043839514117340765,0.04333961413265316,0.04320791638051135,0.04384919689997394,0.043407777406604925,0.04357867255469457,0.04377263159501826,0.043411183962093376,0.043552815090518934,0.043683198630404395,0.04336528049058725,0.04323070188741915,0.04387250491371452,0.04355318551616342,0.04337708426066807,0.04323082687385815,0.043327166230391984,0.04371419565603243,0.04327366273236327,0.04336913830131193,0.04343745363009878,0.04355952393831946
3.7,0.043054192745914606,0.04383501113498886,0.04333601529546876,0.04320553774524443,0.04384872470343693,0.04340083157476867,0.04358184551343841,0.043764188682709274,0.04341546177170969,0.04356539102975153,0.04367541038449579,0.043347742927603815,0.04323855000770768,0.04387239537460554,0.04355169754646609,0.04338371225433558,0.04322353911924766,0.04331595723760936,0.043717376964172765,0.04327299190038077,0.043385417854695296,0.043444002771805,0.04356400545944363
3.72,0.04305416301414045,0.04382683300599678,0.04332536021582262,0.043202359110784724,0.04385140525071041,0.04339811829089605,0.04358466573477719,0.04376673589708085,0.04341776901539428,0.04357455320361251,0.04367511278808269,0.04333076887138992,0.04324316678781503,0.04387040787434921,0.04355186112614863,0.0433926542323599,0.04321993390114804,0.04330343737666302,0.04371702950121402,0.04327882711886063,0.04339951991273814,0.04345062806316186,0.043564689706853066
3.74,0.043058802331372034,0.043822400701545,0.04331906489724031,0.043199123877874925,0.04385302131785917,0.04339006377698174,0.04358332011023228,0.0437725288263107,0.043425953231208625,0.04357408105677386,0.04367048054253847,0.0433088711973558,0.043248457052521866,0.04386788702186574,0.04355027928831927,0.04341310764894192,0.043215924124669056,0.0433021394927893,0.04370965414591129,0.04327317227664047,0.043408100354761094,0.043467255772047964,0.04356631095423914
3.7600000000000002,0.04307217838243622,0.04382125219723244,0.04330808235345567,0.04319990544994526,0.04385383357879031,0.04338187789092109,0.04359039601268165,0.043781709831039684,0.0434279405206443,0.043564395601743106,0.04366881866304891,0.04328855536061723,0.04324509227538443,0.04386497994502512,0.04354724688835164,0.04343969338932243,0.04321334422409843,0.04329803553238702,0.04370409023816809,0.04326548385449245,0.043413252043605854,0.043487039752817425,0.043562796013791046
3.7800000000000002,0.04309069183689525,0.04381880663698247,0.043299775108899825,0.04320213953274707,0.04385299343960468,0.04338904047628889,0.043601450518243774,0.043792716184208526,0.04343027755430289,0.04355516363235393,0.04366135054253335,0.04326852035664109,0.04324357111507572,0.04386600144139844,0.04353306456135051,0.043464268077340426,0.04321073468317775,0.04329064586758566,0.043697460631164094,0.04325438107338576,0.0434144333457001,0.04350192477403657,0.04356058861008338
3.8000000000000003,0.043102082536162455,0.04382020276227143,0.04329180929438959,0.04321013050504395,0.043850515729088,0.04339469383996967,0.04360833883099214,0.0438012249459027,0.04343402143864695,0.04355570191607767,0.0436528923167552,0.04325089190741551,0.04324058697513488,0.04386485484378207,0.04352586307275938,0.04348272265732148,0.04320574337079627,0.04328172003816682,0.04368898253827513,0.043243041302765906,0.04341377721377716,0.043524487561348746,0.04355571440315701
3.8200000000000003,0.0431201220455798,0.04381544098638189,0.04328872367204584,0.043214202953495894,0.0438357451852338,0.04340300075196122,0.043620064639541836,0.04380869355792848,0.04344373780717313,0.0435538916490241,0.043647380840721645,0.04323094672322387,0.043243461658754256,0.0438653039895798,0.043518950840816084,0.043502624564650885,0.04319869114601666,0.04327079731018776,0.04367374277907078,0.04323418433710755,0.04341323848497609,0.04355057349376381,0.04354648058276483
3.84,0.04313077440486071,0.04380826591969846,0.04328293741197108,0.043221735496832656,0.04381704982720597,0.04341917605889847,0.043631693675960016,0.04381584066842835,0.043456171393800994,0.043551917141589944,0.043648095535723415,0.04321721126934658,0.043246638395800306,0.04385818933680775,0.04351511741978223,0.04351701268843711,0.04319391157414617,0.04326597989705512,0.043656898178133265,0.04322318056364623,0.043416029006500344,0.04356819775309707,0.043537976382277715
3.86,0.04314588717745028,0.04379854705500726,0.0432628465042056,0.04322893301297864,0.043796299456562424,0.043434911995688934,0.04364346718836333,0.04382177083085108,0.043474008197914284,0.04354673710052093,0.04365245952098596,0.04320530225868166,0.04324424996069425,0.04385456139787322,0.04351214717623975,0.043532670714931485,0.043188833364452624,0.04326426918945736,0.04363871412687389,0.04321499471390454,0.043428132309233855,0.04358049835963008,0.043529758387498695
3.88,0.04316258478461888,0.04378541648985953,0.04324856539404244,0.043237172514216084,0.04377813264206057,0.04345268921852394,0.04365219182424899,0.0438272118457544,0.04350006331506267,0.04354559129306513,0.04365641798530172,0.043195476205280095,0.04323792509118885,0.043855777781704006,0.04350935647503712,0.0435404614771939,0.04318067785260969,0.04326030342328988,0.04362722579018209,0.04320027355416347,0.04344016558069845,0.043585287642301594,0.04352103181959643
3.9,0.04317683368644516,0.04376979629279631,0.043236878457156395,0.04324374638350254,0.04375616880844304,0.04347371143360588,0.043653504776336484,0.04382752777660525,0.04352706212826238,0.043552488121594304,0.043663250435542963,0.043178984416931125,0.04322925584001399,0.04385469244633005,0.04350645896165284,0.04355289112648795,0.04317351589302912,0.0432626450994086,0.04361783662316165,0.043186851445170996,0.04345790308837026,0.04358956268315982,0.04350843407599294
3.92,0.04318810769408297,0.04375121659073427,0.04323911097284354,0.04325747819918071,0.04373447644091939,0.04348566948187083,0.04364974321259662,0.043825789767469765,0.043553838090567655,0.043554590177794957,0.04368093642862415,0.043155336558538766,0.04322002875480391,0.04385665980870832,0.04350463412644881,0.043564675840710616,0.04316871528903399,0.043264839335127966,0.04360887468743127,0.04316962575045358,0.04347119278378417,0.043594854824584146,0.04349960518368947
3.94,0.04319434967927823,0.0437275201227624,0.043234831652634774,0.043273598196903795,0.043722283851983984,0.04349395033724287,0.0436546434541844,0.043830480601714426,0.04358138787395984,0.04355751929205354,0.043698052970742106,0.04313352907724896,0.04321307076059241,0.04385935157981846,0.043500744441293177,0.04356843503134021,0.0431661440361104,0.043264302773237166,0.043600951915668325,0.043150879810224155,0.04348021178549085,0.043596859510223754,0.043496901245291854
3.96,0.04320457137033591,0.043705598819314954,0.043225176529265365,0.04329312678792026,0.043713003945245806,0.0435051690949314,0.04366067386319125,0.04383637737597755,0.043607726650012696,0.04355631401829609,0.04371481752863644,0.043114401293380226,0.04320347823266413,0.043862879033261214,0.04349177343596366,0.043569734308418546,0.043165815870715434,0.043262927037434916,0.043607068239232744,0.04313560896759215,0.043482036358008506,0.04359215180652035,0.04348956943368051
3.98,0.04321110409683069,0.04369206300839377,0.043207848171061145,0.043309091566954054,0.043705320264303474,0.04351512307132718,0.04365653667967963,0.04384178404108925,0.04363189775665457,0.04355621206871258,0.04373020011942353,0.043103477403519525,0.04320307328918062,0.04385976799726218,0.04347786866213524,0.043569996971490124,0.04317526199894931,0.04325890714356777,0.043611411365988076,0.0431250684737257,0.0434805617550279,0.04359496750904917,0.04348245658567456
4.0,0.04321923261870933,0.043682730076352795,0.043196866633229955,0.04333068366917764,0.04369484718743591,0.043523607973473516,0.043647717622991085,0.043847797803206044,0.04365513142118136,0.04355875192866222,0.043745368668604116,0.04309493096044797,0.043197657733234585,0.04385539436413496,0.0434626011782336,0.04357252833303918,0.043186163352736874,0.04325103805339515,0.043618734083056276,0.04311133871888509,0.04347720147994751,0.04359591418052343,0.043473761959341724
4.0200000000000005,0.0432321113614411,0.04367768384655934,0.0431817340781018,0.043352212780884525,0.043678849027327424,0.043530867745091746,0.0436394559485103,0.04385329315350932,0.04367425345400347,0.043563232654575845,0.04375926776460918,0.043080043496696536,0.04318346516315477,0.04384948898676101,0.04344661451578492,0.043575058128034264,0.043196858040746,0.043243846601056096,0.043623090434085895,0.04310200775575447,0.043486136957573675,0.04359023220889605,0.04348019589684225
4.04,0.043245957820099414,0.043678037429676256,0.04316620295583348,0.043365294292643436,0.043660678747907945,0.04354232488957592,0.0436285655112779,0.04385806865380602,0.04368923401810438,0.04357131955454027,0.043769225964788896,0.04307034578357374,0.04316934641878993,0.04384164943011067,0.04343187339491049,0.04357619813961733,0.043212372811964155,0.04323950671836342,0.043634079835748144,0.043089788901674586,0.043491486839556115,0.04358351520147946,0.043484926685958124
4.0600000000000005,0.04326659991284062,0.04367701985790729,0.04315093545246149,0.04338077059977021,0.04364304182241285,0.043547380023580246,0.04361414836703529,0.04386148143569381,0.043704763031568075,0.04357578287365172,0.04377324875079793,0.043069650768551675,0.04314942993134865,0.043831819861757396,0.043414278307335304,0.043569091375106776,0.04323090905148765,0.04323758559187781,0.04364923757586997,0.043085541749396605,0.04350522654081065,0.04357767828525909,0.04348437883347888
4.08,0.04329417175653808,0.0436731226864857,0.04313597584869203,0.043403140007889224,0.043626439384255665,0.043553337529467794,0.043601626435506635,0.04386464961439078,0.043720793041422866,0.04358871990489284,0.04377481543601577,0.04306972756110944,0.04312914424791392,0.043822338939714336,0.0434020056233691,0.04356253198339727,0.043245685706700225,0.043231449071018835,0.043656884338229146,0.04308216490771142,0.04351620936353513,0.043571648304994576,0.04347341830674939
4.1,0.04331673434097028,0.0436689924038914,0.04312689864658301,0.04341684153992392,0.04361213687302741,0.04356133828589478,0.04359711345528981,0.04386838627418432,0.043736333471920734,0.04360054450727942,0.04377734700789156,0.04306678139956244,0.043107237495192886,0.04382030938992256,0.04339048755472781,0.04355942100316426,0.043257420222556096,0.043231915900322784,0.043663277195334194,0.04307438367973012,0.04352423925320775,0.043565955155248824,0.043455904944173514
4.12,0.04333902050023543,0.043662489590518695,0.04312448205723592,0.04342135936584057,0.04359100849275336,0.043569877514650475,0.04359897661686951,0.0438707518482536,0.04374937551550328,0.04361184948731682,0.04377822060037849,0.043066567846119445,0.04308293530832852,0.04382596155764081,0.04338262038282282,0.04355745014525925,0.043270275190944445,0.043227441546826416,0.04366866659745373,0.043059587850361784,0.043530766393910375,0.04357022125866056,0.04344009433211595
4.14,0.04335911644596156,0.043654864288029,0.043117651838236355,0.043430615258976665,0.043573772381042535,0.04358433512121033,0.0435968241064146,0.043873099119370096,0.043761684257456517,0.04362545005821404,0.04377890060331128,0.043069935623488396,0.043058195772051965,0.04383058497582169,0.04337491038989055,0.043554519616547785,0.04327998821021495,0.043219202455241426,0.043673462478081015,0.043050983040303546,0.04353257960787593,0.043575087840900764,0.04342423651135906
4.16,0.04337995682895216,0.0436434744601426,0.04310486974461575,0.043437945739310105,0.043562451953740755,0.0435935766710291,0.04359043348306236,0.04387542433072937,0.043767957786268276,0.043643372472359346,0.04377992419506984,0.04307587962002032,0.043034880202065806,0.04383639921157,0.04336791003861414,0.04355364027988927,0.04329324543729008,0.04321094360371848,0.043683554225702616,0.043040717707685985,0.04353222407121751,0.04357548567386302,0.04341573226308311
4.18,0.043395188703974484,0.0436252578340072,0.04309611152696965,0.04345341182310253,0.043549667452076876,0.04360764802365059,0.043581009840559154,0.043876902040841846,0.043775678858979615,0.0436638972584996,0.04378539690906569,0.0430761801720703,0.04301901416047143,0.04384108014710305,0.04336476265339102,0.043553379300234576,0.043309621198593495,0.04320334299605236,0.04369688696748746,0.04302856798347913,0.04351664592127745,0.043574562522022194,0.04340578570609001
4.2,0.04340838187498265,0.043605855217662894,0.04308559806906074,0.04345942414812619,0.04353474628312298,0.04362187798412975,0.043573023788467086,0.043877532123367396,0.04378334194235437,0.04368201424829729,0.0437893788070243,0.043082457292912796,0.04300319522936882,0.043844651075027635,0.043360595587858285,0.043551747109761625,0.04332946076641079,0.04319722076232611,0.04371184403038802,0.04301578281278545,0.043508822774629724,0.04357111328699765,0.043401934784937375
4.22,0.043411890497447106,0.04359186504529468,0.04308360039165247,0.043471037193648775,0.043522002861824276,0.04363676706659356,0.043566713617022565,0.04387837115177388,0.043784032447517565,0.04369890350717961,0.043796833528710055,0.04309042837797116,0.042985470256861405,0.0438481893369643,0.04335391906627425,0.0435449070458316,0.0433456531749332,0.043191185756150656,0.043723162661324734,0.043012213266211824,0.043495884266834775,0.04356392949988686,0.04340303998209073
4.24,0.043411184329979875,0.043582102713453634,0.04307631979312774,0.04348436292743047,0.04351622706472912,0.04364266753112134,0.04356230026647403,0.043877897825864536,0.043785417695839136,0.043713167502901176,0.04380197797396358,0.04309897488147859,0.042967109270618545,0.04385019444728372,0.04335018267351678,0.043541511045069606,0.04336107927751916,0.04318936211351705,0.04373543457118627,0.04300303624946305,0.0434802863610974,0.04355671018296866,0.04341249330139669
4.26,0.043408932800551824,0.043575074890898846,0.0430714489362897,0.04349277071098238,0.043513340033487516,0.04364252558404502,0.04355138099145966,0.04387664079051415,0.04379154249011241,0.043725440441054225,0.043806182410554194,0.04310815447645398,0.04294564807698018,0.04385121280344239,0.04335255206784011,0.04354107317067062,0.043374908589564616,0.04318520337885797,0.04374571583049719,0.043003550308863235,0.043463773847569595,0.04355337890093036,0.043419548468379913
4.28,0.04340545154503488,0.0435693573749239,0.04306614278401535,0.04350727745416409,0.043509305854857794,0.04364089674812071,0.043540973815100005,0.04387558186756022,0.043794649522521156,0.04373679991960764,0.043806938107089036,0.04312429907126157,0.042921516409251154,0.04385224233434527,0.04334907718694867,0.04354667596250049,0.043388379411643155,0.043176896485360425,0.043755258431230855,0.04300212970970402,0.043450756868346124,0.043552761405638615,0.04342663173077481
4.3,0.04340635844095018,0.043562558675144795,0.043062149084536,0.04351988193934017,0.043513009918024384,0.0436425397158774,0.04352978225040043,0.0438746916071101,0.04379892874252305,0.04374730787415143,0.04381168558520206,0.043135028709380074,0.04289327871848366,0.043853268958773665,0.04334735507511745,0.043552994142966164,0.04340250633754324,0.043175366129159454,0.043751794174532,0.04299956694513732,0.04344002217795443,0.043554678637371294,0.04342524616032131
4.32,0.043410012543912545,0.04356839413364422,0.04305748855443699,0.04353130707996219,0.043513179014539216,0.04364590986593863,0.04352117929933462,0.043873111060003474,0.043803567684317556,0.043756191436671685,0.04381528075327575,0.0431354025964548,0.04286529876910771,0.043853448204189086,0.04335054315074885,0.04355077064572194,0.043416961903406555,0.04317393349096411,0.04374608206871318,0.043004172977315014,0.043433328832466575,0.043556199498487755,0.04341823643638748
4.34,0.04342163017768249,0.04357564098969871,0.04304781035844655,0.043537747815016556,0.04352403815922918,0.043641048821787876,0.043512891145298,0.04387198115080341,0.04380815004334898,0.04376466526389378,0.04381890100497426,0.04313715275609408,0.04283699494216731,0.04385393339499677,0.04335514746827971,0.04355297448836152,0.0434266401414848,0.043172823345680705,0.043742240862079444,0.04300609556454613,0.04341964436521912,0.04356074470335429,0.04341110303755624
4.36,0.04342598231502737,0.043575102044496564,0.043047318957413226,0.04353346303751837,0.043528297035152035,0.04365012782733365,0.04349945293142993,0.043871213558881926,0.043812625156054295,0.04377271195577948,0.043822493098122126,0.0431348846234256,0.042814588171975934,0.043854648137577126,0.043361481758492054,0.0435592880631589,0.043434524911011706,0.04317203533437745,0.0437395254356507,0.04301342464584067,0.043417668072405075,0.04355427473443889,0.043404868194436806
4.38,0.04343821589371279,0.043571258626935824,0.04304123655877763,0.04352980010180138,0.04353089543939485,0.04365913495420831,0.04348983870579841,0.04387212445654744,0.043818346173802744,0.04378170985558907,0.043827403955770165,0.043137231095887595,0.04279738156320208,0.043856919059784276,0.043358966949668606,0.04355467630042526,0.043443757523989456,0.04317289061447022,0.04373641808061916,0.043018954157268356,0.04342161392814948,0.043545530118460414,0.0433956958857363
4.4,0.043443022810541486,0.043578307822783956,0.04303924259640189,0.04352952653727349,0.04352960807082142,0.04366400447886971,0.04348200629263301,0.04387243496292466,0.043823072479780595,0.04378944441380332,0.04383138651635577,0.0431388377219955,0.0427781023077152,0.043858478099612686,0.04336215809579351,0.043551643348309174,0.0434462670806849,0.04316982873093682,0.04372855348215491,0.04302063503391855,0.043430626287486784,0.04354229390641204,0.0433905189227906
4.42,0.043448996985010334,0.043584844297451304,0.04303263945430629,0.04352525288341698,0.04353872479940897,0.04366785191820263,0.04346790329296356,0.043873672634462166,0.04382836238043759,0.043797494885232005,0.043835993907159844,0.0431332621739608,0.04276311057659301,0.043860861507837794,0.04336438515095443,0.043550805368780074,0.04345276541691479,0.043161991853722215,0.04372303652811474,0.043020318528862636,0.04344299634745151,0.04353667420447599,0.04338805490428057
4.44,0.043452113708748186,0.043596166355613274,0.043028481257038,0.04352069786470557,0.043543959354098556,0.043671574800236763,0.04345580934513086,0.04387393256398414,0.04383234271695685,0.043804009739546935,0.04383934762204502,0.04313415329749546,0.04274670531006069,0.04386217335388865,0.04335712836956287,0.043552053423246695,0.043464244864039644,0.04314989868987463,0.04371723834221282,0.0430186153639061,0.04345915656815573,0.04352763325336221,0.043392563836090525
4.46,0.043457924446584195,0.04360855828230733,0.04302415355896949,0.04351552363063961,0.043545447423175405,0.04367838382543453,0.043443272553647654,0.043874011711591575,0.04383583692914583,0.04380983045578819,0.04384226664088819,0.04314219777362815,0.04273033653489521,0.04386321808480005,0.04334894563531063,0.04354877740779202,0.04347996021908993,0.043139213420415885,0.04371259368049331,0.04301658538342872,0.0434678758175396,0.04351850531019018,0.04339658127424414
4.48,0.04345998106237942,0.04360985612531016,0.04301532368949784,0.043518361985849824,0.043556446286173695,0.04368598541744953,0.04342767708176664,0.0438738699906034,0.0438388300229555,0.04381495913419843,0.043844731743332234,0.04315401020726592,0.04272107568957973,0.04386396270864008,0.04334257516810924,0.0435393381997811,0.043495784035276756,0.043126191049408825,0.043709830290097,0.04301582652538546,0.043484547097782544,0.04349739311059104,0.04340344337856569
4.5,0.04346917019095267,0.04361153816305903,0.04300457193724897,0.043514975263731666,0.043562177105618285,0.0436922467243719,0.043415437146181096,0.04387349608157164,0.043841333684547214,0.0438194231334518,0.04384675074074404,0.043162678191771726,0.042710516564414464,0.04386440241062025,0.04333244136099771,0.04352892500937517,0.04351732790188894,0.04311246051478643,0.04371113526392444,0.04301222392342833,0.04349582151239441,0.0434852740045825,0.04341567317033724
4.5200000000000005,0.04347514252588381,0.04361009146453601,0.042998772644692373,0.04350842810069839,0.04356450182318446,0.04370079157427629,0.04340647211379851,0.043875228710063295,0.043845706173521994,0.04382559402066028,0.04385067860264149,0.04316722316998182,0.04269325751002689,0.043866881439405786,0.043319368811436276,0.04352158894675645,0.04353019220773854,0.04309661909932849,0.0437120753245243,0.0430101926203517,0.043517342141297405,0.04347831618930519,0.04342553478589022
4.54,0.043482149354792714,0.043606618776952634,0.04299559035419723,0.043496573080455916,0.04356898452723948,0.04371451595398837,0.04339834002831821,0.04387642898440567,0.04384932987194523,0.04383055409504226,0.04385389412799153,0.04316560315551322,0.042684317021142726,0.043868766918310195,0.04330781147963675,0.04352015590937119,0.04354249409154081,0.04307933117337864,0.04370518521442141,0.043009120436999386,0.04354150258307611,0.043465886836236096,0.04343684602504439
4.5600000000000005,0.04349143521582499,0.04360551973234421,0.04299015864180191,0.04348461308411655,0.04356812769259317,0.043729275127340796,0.043392722410790945,0.043877898406407274,0.04385302357735071,0.043831164554439424,0.04385721320123923,0.04316749406614629,0.042677235870225455,0.04387086523937558,0.043297752434552764,0.04351922820972167,0.043548236206495256,0.043061966423458525,0.04370470916977357,0.0430047283069195,0.043567281221615836,0.043447103129748525,0.04345224807771769
4.58,0.043501598216857854,0.04359979780185591,0.042987982984253784,0.04346109398380205,0.04357100472357749,0.043742898968872464,0.04338705765083322,0.043879323550941075,0.04385649039735043,0.043830378214433224,0.043860336145416325,0.04317531273800485,0.042683497376217065,0.043872228265756756,0.04328780711247358,0.04351219280807881,0.04356172982335701,0.04304811214010541,0.043702189366914106,0.043009271796102866,0.04358505957433485,0.04342421720385564,0.043460419156605354
4.6000000000000005,0.04351626039281833,0.043594895174351396,0.042993957771574186,0.04343275267595405,0.04357810367125466,0.04375476742901491,0.04338030196272507,0.04387999273481684,0.04385903398531982,0.043832828062503576,0.04386256403078733,0.04317209527624082,0.04268999681597221,0.043873305059976116,0.04327575786483566,0.04350652060310743,0.043571769770474604,0.04303886667119846,0.043707252923694886,0.043010400273860196,0.04360912400786998,0.0433918199640915,0.04346763287755809
4.62,0.04353673818370906,0.04358547683635742,0.042997116791710616,0.04340916647703833,0.043573764260145434,0.0437555800530909,0.04337182847519037,0.043880559124100875,0.043861320927343427,0.04382592571805852,0.04386456118312665,0.04317353249499891,0.04269538182320599,0.04386977541279115,0.043273593729669,0.043509988291219846,0.043578758739483255,0.0430327398718207,0.043719505849826416,0.04301199418705637,0.04362715444666243,0.04337187901040714,0.043473658112987326
4.64,0.04355513226272016,0.04358316133233559,0.042997614992147666,0.04338732360031226,0.04356555893505558,0.043751655653875995,0.04337169440320101,0.04387963938939291,0.04386198108052236,0.04382265232285941,0.04386495523855604,0.04317508235745174,0.04270339379923491,0.043857026782917446,0.04328304451690127,0.04351548786936114,0.04358586256618289,0.043038304215568104,0.04373108662058086,0.04300840507207412,0.04363882899321503,0.04335272317911712,0.043469384816416615
4.66,0.04357688502091814,0.043579994240987886,0.043002871999127217,0.0433639235086623,0.043559867203932644,0.043749913662682896,0.04337122740127984,0.04387736607958755,0.04386115844222716,0.043818561988130084,0.04386388826619931,0.04318759689458644,0.04271278800540696,0.0438460669939294,0.04328939310620161,0.043515059348879226,0.04358574193061916,0.043043641335288506,0.0437410172693228,0.04300742781126298,0.043648109633233644,0.04333318476142455,0.043464315096109735
4.68,0.043598124097625576,0.04358247287927488,0.04301526502576045,0.04334327588136984,0.043558146197857674,0.043747843974048996,0.04337180749665525,0.04387391133187795,0.04385903565385292,0.043807990117468686,0.0438615411382472,0.043194606707051116,0.042722768009446,0.04383021253393548,0.043288252312528704,0.04351401875019349,0.043582232633712546,0.043049699080543014,0.04374876779889443,0.04300672502391622,0.043656982588546105,0.04332005960828646,0.043466261158907046
4.7,0.043618465533856884,0.043582307132873935,0.04301954411551018,0.04331503445607256,0.043552135194754114,0.04374851022612623,0.043371110120828796,0.043871593226114454,0.043857939780336044,0.04380675358208989,0.04386023940629383,0.04320414034993624,0.04272883284909896,0.04382060723683056,0.043297087357227475,0.04351101771470471,0.04358258603329114,0.04305556660796889,0.043756100678503065,0.04300480159760405,0.04365813325053291,0.04330966118738853,0.043467832362056584
4.72,0.043633683289960916,0.04358347242543851,0.04302205441979511,0.043292491266068045,0.04354986036450351,0.043750779710105325,0.04336226786961586,0.04386961946752452,0.04385708778760927,0.04380799569226872,0.04385919847650756,0.043217622857184425,0.042740594248209716,0.043812333335031546,0.04330542470230246,0.043500716529329374,0.04357858905762457,0.04306750772630698,0.04375983681645638,0.04299994313157036,0.04366255115020251,0.04330216000476374,0.04346420967162063
4.74,0.043647675196056335,0.04358494125343734,0.04302526046365156,0.04327225085790333,0.043549426470718286,0.043753699504532166,0.04335185045749295,0.04386709326124493,0.04385559137038171,0.043801119695380135,0.043857528613713684,0.04322851276937437,0.042748934996387766,0.043800981091621734,0.04330813360529005,0.043498705533624824,0.04357221408039591,0.043077888525838444,0.04376633198424135,0.04299792037843928,0.04367024237149453,0.043294920788447586,0.043468776730331615
4.76,0.04366356597164549,0.04358711667842663,0.043021277197674415,0.04325552312320681,0.04355025797345581,0.043760878145695487,0.043343943322283626,0.04386495421228855,0.04385439744448996,0.04379731531333334,0.04385617550239959,0.04323852718498679,0.04275886704792012,0.043780906222939085,0.043312051283435064,0.04349501061796725,0.043566736819161164,0.04307741963533887,0.04377247260060695,0.042999471635594574,0.04368218873752672,0.04328856028950373,0.04347238304012013
4.78,0.04367671547829203,0.04358301787076573,0.04302191197598923,0.04323875350467395,0.04354856028922955,0.043766028468199,0.04333937617188645,0.04386154935010231,0.04385186036200754,0.04379947045443811,0.04385349226130161,0.04324508309495993,0.042769505346737,0.04376170511898065,0.04331025659508297,0.04349299437357647,0.043572897865328114,0.04307390927802693,0.04377666984420969,0.0430100868982411,0.04369380742919568,0.04328381999232117,0.04346852797645495
4.8,0.043688862285843975,0.04358228597253912,0.04302934910441956,0.04321981259621547,0.04355271263150101,0.0437708337814275,0.04333445969392178,0.04385850288261007,0.04384961032570825,0.043801526848921475,0.04385110808349148,0.04324768167331903,0.042776996544045445,0.04374160623003252,0.04330377770229709,0.043488533865162556,0.04357412483396957,0.04307376452677995,0.04378060044031521,0.043016598998165,0.04370454928478412,0.0432834330989072,0.043469268595622515
4.82,0.043701031716885504,0.04358678600556306,0.04303328929963111,0.04320636004208253,0.04355309748036459,0.04377626694412125,0.04332398284046145,0.043856731558095545,0.04384856977533859,0.043796420012301204,0.04384994445011258,0.04325059225829967,0.04278979746261496,0.04372547478112114,0.04329250139458951,0.04349034053384612,0.04356797190115191,0.04306747638309653,0.043785230996753445,0.04302897470835422,0.043714593431837014,0.04328350615500704,0.04347105986837138
4.84,0.04371216015492844,0.04358524578615252,0.043033504609702324,0.04320395859830968,0.043557694323630554,0.04378121262343206,0.04331428480316066,0.04385506473269342,0.04384757367740635,0.043789293924713216,0.0438488353827274,0.04325316501224892,0.042803343590654935,0.04370680343768357,0.04328016529133822,0.043490750365271925,0.04356577163973296,0.043062376299632374,0.043787348557967475,0.0430418334126046,0.043723022422849596,0.0432836183809399,0.04347297297221888
4.86,0.04372216878600624,0.04358828946892795,0.043033290147253656,0.04320161467693721,0.043559419401352495,0.04378554629138598,0.043303287120016166,0.043853328986971606,0.04384645357169617,0.043774166687018036,0.043847611585848385,0.043255566244121905,0.04280931089744059,0.0436844493202998,0.04327421816075048,0.04349208013705989,0.04357581218602633,0.043056732827437875,0.04379117795427153,0.0430537932497229,0.0437304293960722,0.04328123741281378,0.043480015490568825
4.88,0.04373200184463307,0.04359064440583998,0.04304259226499059,0.04319209058325646,0.04355512628466668,0.0437901716349271,0.04328587291079496,0.04385238464195781,0.043846074177979144,0.043759665556779626,0.04384713703837399,0.04325816735942049,0.04281499838958228,0.043657753318701295,0.043271479153071286,0.04349919930681572,0.04359210181153749,0.043050968594676935,0.04379534054536458,0.043060040341552565,0.043739583682263924,0.043278971376901086,0.04348763477591303
4.9,0.043742443588909996,0.04359627622333337,0.04305773173613441,0.04319490897792534,0.043546610230603126,0.043795835310045265,0.04326359409251684,0.043852938137914854,0.04384714601572773,0.0437561314103171,0.043848121572722526,0.04325650291384511,0.042809678536561244,0.043626494997778716,0.04326803841539923,0.04350105855220716,0.04360012792239094,0.04304606551490132,0.04380057964594981,0.0430638982948636,0.04374940265406106,0.0432818564028119,0.04349455885307923
4.92,0.0437508951186617,0.043595350863998884,0.043075871782898206,0.043200913037148785,0.043548768725747304,0.04379989997291876,0.04323992544675088,0.04385231101526606,0.04384699479586756,0.04374416133823772,0.04384789019738923,0.0432563314182999,0.04280437545623039,0.043595066589168466,0.0432630526352526,0.04350766192507493,0.04360139221946903,0.04304688109055611,0.04380425449614082,0.04306753302270182,0.043757282400551885,0.043288044376087104,0.0435051420755818
4.94,0.043759084427800174,0.04359567475436342,0.04308751634487567,0.043202981622152394,0.04354765629915628,0.04380406330108326,0.043218135104157236,0.04385216852796563,0.04384728906118024,0.04373487402081788,0.04384811090122428,0.043255451326782594,0.04280052805033982,0.04356533695912194,0.04325645866765261,0.04350958563500649,0.04360680838085767,0.043051858503541526,0.043808060079589844,0.043069754908168736,0.0437649469642186,0.043299683981131425,0.04351397217881229
4.96,0.04376593453218433,0.04359236643874479,0.0430902114437954,0.04320371709821632,0.04355348246937959,0.04380721754929915,0.04320425752704243,0.04385137003155895,0.04384592458276528,0.043738799886301104,0.043847645814788234,0.04325072433926928,0.04279731988047415,0.04353409086849117,0.04325939386268441,0.043510042273766425,0.04360614033973475,0.043051539399896414,0.04380474392101053,0.04307596474388397,0.04377131535152534,0.04330956525143868,0.04352823239374936
4.98,0.04377170016964609,0.04358984754566278,0.043080680852070785,0.04320228308428935,0.043555563793895,0.04380959056282214,0.04319860220105859,0.043850114609498995,0.043845116665786735,0.04374547304558768,0.04384669644756275,0.04324475234157059,0.04280586505159289,0.04350240219928752,0.04326058458895871,0.04351396482629861,0.043607334560649906,0.04305043009629973,0.04379852525609383,0.043080020183471714,0.04377663879513156,0.04332316294636076,0.043540650176403316
5.0,0.04377585522066878,0.04358282442466685,0.043070131001012514,0.04319853583765629,0.04355640685698479,0.043810630891505116,0.04319731730725464,0.043847823720348116,0.04384323662502322,0.04375112394174589,0.043844686543232855,0.043246331953185675,0.042813987285445124,0.043481715573057286,0.04325610946795662,0.04351372587322417,0.04361923941416647,0.04305188838115726,0.043795890493551023,0.04308586919671786,0.04378038787393179,0.04332989007946019,0.04354639203804754
5.0200000000000005,0.0437799833924623,0.043577219572219,0.043054226494271854,0.04319233893208411,0.04355718777894808,0.04381190061140144,0.043193038357085496,0.043846036305482915,0.043841826255115575,0.04375535522260506,0.043843156994561504,0.04325558746388266,0.042829842410667396,0.04345656968635101,0.043253090398076365,0.04351106309377233,0.043630896905961274,0.04304731138563111,0.043788169609878365,0.04309273741647995,0.043784143475735796,0.04334490253235909,0.04355341570496756
5.04,0.04378332609793717,0.04356881742288866,0.043039445362244654,0.04318765240035855,0.04356315704769506,0.043812619522333396,0.04318743942204485,0.04384394904937318,0.04384008509141446,0.04376040512806421,0.04384130643577484,0.04326629440427973,0.042842830518123855,0.043439907608431104,0.04324237531410352,0.04350996045426605,0.043646495450845244,0.04304555595389987,0.04377591400661909,0.043101675040201654,0.04378714419640892,0.0433524040996695,0.04356123997302254
5.0600000000000005,0.04378654185236882,0.04356748818583263,0.043029594969196075,0.043180980554681024,0.04356381103692134,0.04380553439322404,0.043187519096650064,0.043842181406803016,0.04383863507832374,0.043760041000532116,0.04383975602434192,0.0432751682148344,0.042861314394645265,0.043431065510629516,0.04323810421637921,0.04350032107220645,0.04365953135517397,0.043045470551822305,0.04376415366712499,0.04310784023871169,0.043790046091154985,0.043360341219543935,0.04356455986889862
5.08,0.04379062982063804,0.04356782274640892,0.04301945870773123,0.04317830348993738,0.04356383329119688,0.043804828341466345,0.04319428520429468,0.043841696954371095,0.043838442060751714,0.043762542252956574,0.043839470888189326,0.04327248119819466,0.042877119070179326,0.043422228156542265,0.04322725434520562,0.043485801618440095,0.043670863222144,0.04304982439018914,0.04374720882191132,0.04311194656925843,0.04379384608346662,0.04337326519965504,0.04356684756687129
5.1000000000000005,0.04379480568505123,0.04356335006762827,0.04301537904906185,0.04317553152881177,0.04356426492297906,0.043806635205292134,0.04319340995397941,0.04384167661011626,0.043838689172526236,0.04376902608506548,0.04383963346076425,0.04327490008411404,0.04289523883064214,0.04341044011249689,0.04320864583368615,0.043477630527456367,0.04367963044915481,0.04305875031187101,0.04372934437084734,0.0431119839370233,0.043797757666159384,0.04338993531809469,0.04356334081717787
5.12,0.04379832579789961,0.04356526084112502,0.04300621341996912,0.04317470525207329,0.043566322185643935,0.04380678045777345,0.04319629078771789,0.043841345011536456,0.043838603072568254,0.04377466468778238,0.043839469762043434,0.04327424059345744,0.04291342957843682,0.04340074472835393,0.04319130365737116,0.043473050814419795,0.043685656907543495,0.0430642340564549,0.04370771864382971,0.043114246164267435,0.04380103519409282,0.04340825318066295,0.043558105204976744
5.14,0.04380229915479241,0.04356040621932118,0.04300094710170257,0.04317241819770824,0.043570168269616495,0.04380743627974406,0.04320043271544351,0.043841783848369655,0.043835052627045595,0.043780582075290154,0.04384006267205439,0.04326478944461192,0.04293254693859027,0.043396477271055924,0.043182714934303534,0.04347588308289795,0.043687937986047705,0.04306906902553455,0.04368048938870122,0.04311155558381869,0.043793531549999334,0.043431034645553375,0.0435623809877975
5.16,0.04380589286638194,0.043555347459170515,0.04300421947914797,0.04316662182419282,0.04357760211561339,0.043804994153353975,0.04320563804179395,0.04384213339711506,0.043835585645574576,0.043785960117363756,0.04384055363702326,0.04326273383589287,0.04294507297746149,0.04339484840077684,0.043176311494096314,0.04347407766261682,0.043687759933429916,0.04307689637727117,0.04365676613128445,0.043103279329379095,0.04378875992856327,0.043444708065928504,0.0435642371265681
5.18,0.043810832177984385,0.04355564794672125,0.04300571623333146,0.043160895741795345,0.043583395940557566,0.043796934095026316,0.04320603138725504,0.04384409634040232,0.04383165642289405,0.043792536469081565,0.0438426463231092,0.04325952066325407,0.04295387533723332,0.04339828224516596,0.043163702814783586,0.04347423637522543,0.04369382469261973,0.043079569476102794,0.04362808289989887,0.04310378581191345,0.04378292944291406,0.043459711236936274,0.043572089925793984
5.2,0.043815778560627947,0.04355843794520904,0.04299915460085474,0.04316155479055988,0.04359632685114616,0.04378716636597441,0.043205717112697224,0.043846311086005604,0.04383151456536948,0.043798985286552426,0.043844980143436116,0.04325083948363606,0.04296369076354346,0.04340345614277347,0.043155221495908565,0.04345939455779257,0.043691843271195935,0.04307817627164239,0.04360820637733167,0.043103998470130064,0.04377387508229108,0.043477460021208454,0.043587910754113515
5.22,0.04382008143132582,0.04356484775051178,0.042993773945414746,0.04316945503188126,0.04361356913125301,0.043785294123067156,0.043202996707974464,0.043848106488608964,0.04382938866601276,0.0438046672963299,0.04384688484902006,0.04324431170441429,0.04296844680508618,0.04340733121788448,0.04315143044777994,0.0434426818359484,0.043690669279597666,0.043072048782636534,0.043586339394249364,0.043100326476471336,0.04376470659729298,0.04349552773484751,0.04359711430239144
5.24,0.0438244007346168,0.04357571470636714,0.042986850079601485,0.043180542058387034,0.04362652206558125,0.04378512151818509,0.04321157221981876,0.043849084810348535,0.043827545469090075,0.04381025235821771,0.04384900314288817,0.04323826370127357,0.04298104545106327,0.043412937306502426,0.043140094195821224,0.04342221863161446,0.04368497059989573,0.0430667366877083,0.043563857497159485,0.043086828280635106,0.043757986893149296,0.043514710952258964,0.04360374063981604
5.26,0.04383109246200029,0.0435774356779472,0.04297870971673401,0.04319847823835551,0.04364504098433658,0.04378537031126903,0.04322150377491058,0.04384754494020596,0.043822033458420694,0.04381729543354761,0.043853676005696396,0.04323141644776183,0.04299526415802999,0.04341303698453914,0.043131033236793216,0.04340006419018109,0.04367561262806017,0.04306416236329723,0.04354640160899997,0.04307249659563379,0.04374770423419489,0.04353143325733949,0.04361319329174544
5.28,0.043836058534792596,0.04357548240786253,0.042971427415073024,0.04322033194630023,0.0436652789565889,0.04378260461910056,0.043229123959601747,0.04384760498183424,0.04381920133087261,0.043815568517679045,0.04385678832482274,0.043230961719173344,0.04301762600008391,0.0434102881215179,0.043124471607729725,0.04338387320211018,0.04366279990929251,0.043060293591940114,0.0435286535302055,0.043059047449419637,0.04373665655255349,0.04354547225084348,0.043620385070602175
5.3,0.04384015602564448,0.04356612663797125,0.04296531755732241,0.04324330613031687,0.0436833964124106,0.04378577564751835,0.04324026316517533,0.04384718566219484,0.043811964875032805,0.043812136146199186,0.04385918402595765,0.04323315083683359,0.04303294651071461,0.04341027462578313,0.04311991667092051,0.04336870397226613,0.04364941603643272,0.04305409279446923,0.04350672629032903,0.04305380435810695,0.0437268226618766,0.04356708174538596,0.04362225121113752
5.32,0.04384459471888592,0.04355802199936189,0.0429575573338797,0.04325569278711484,0.043700701893001175,0.043791937280951196,0.04325301975918088,0.04385006685073086,0.0438084251097984,0.04380897082530873,0.04386206090599569,0.043235373792985546,0.04304740177455131,0.043406660907963995,0.04311466518848439,0.043356178548232475,0.04363063493149886,0.0430493789386985,0.043484821322289535,0.04305458603964818,0.04372269185939205,0.04358373656290071,0.043622820669145246
5.34,0.04384833572049535,0.04355579566912343,0.04295465991279207,0.043262723596169346,0.043716254583647904,0.04380000075853232,0.0432649310661035,0.04384489892729008,0.04380665768620103,0.04379970470458178,0.04386436816572439,0.04324170364761205,0.04306269868242044,0.04340023862658118,0.04310997122756171,0.04334021745125574,0.043619070568030785,0.043048243597151724,0.04346410969160866,0.04305314297748848,0.043719278461427834,0.04360507672957718,0.04361791754862317
5.36,0.04385342194569788,0.04354777602468542,0.04295404229482703,0.04327419386651011,0.04373217834694615,0.04380555514247069,0.043281755467035006,0.04383180767725454,0.04380142752748586,0.043795053792687055,0.04386813889470933,0.04324639731315705,0.04307400548123839,0.043402772879192225,0.04310444713615154,0.0433113089023647,0.04361037922695383,0.04304617107907987,0.043447928782562775,0.043061373490332504,0.04372169541751001,0.043616082991644,0.043612086319503994
5.38,0.043855417726653356,0.04353873236806501,0.042954576935662236,0.0432898039102524,0.043744129206297167,0.043811481174454485,0.04330426830086385,0.04381636304186863,0.04380233712093248,0.04379305523472835,0.04386892629532423,0.04325874247180253,0.04309317346814269,0.04339387683403114,0.04309812635381922,0.043279264704963315,0.04359914163618247,0.043039823772440866,0.04343218024565388,0.04307008558467096,0.04372505499062253,0.04362145725477565,0.04360998136779259
5.4,0.043858041816124446,0.0435283224648261,0.04294517176214812,0.04330500563786902,0.04375588913673381,0.0438176357114521,0.04332145704870311,0.04379710036767311,0.043798424334841844,0.04380079875436726,0.0438704414462035,0.043268892909617294,0.04311312745127779,0.04338963403424065,0.043089418163751086,0.04325418079908865,0.04359470096165465,0.043038902082742234,0.04341760464917206,0.04307311409063605,0.04372521692551085,0.0436239592163604,0.04361296023500573
5.42,0.04385939156722872,0.04351641970381748,0.04294136176419419,0.043316954459027036,0.04376562701777689,0.04382005498216132,0.043342771676855074,0.04378087868541909,0.043799098964071005,0.04380684894253279,0.04387077301835332,0.04326674142398207,0.0431254621803393,0.043400631676527635,0.04307499046865989,0.04322582455649054,0.04358941541252121,0.04303880968769092,0.043408105787943005,0.04307022538974239,0.04372499253201757,0.04363560264320428,0.04361901745944437
5.44,0.04386127579330354,0.04350877294162946,0.042939681869405624,0.04333093162303139,0.043775209327526404,0.04381813679728285,0.04335664707354979,0.04376907722926196,0.04379885211521404,0.043813046926032585,0.04387172282557145,0.043271734542408895,0.043143344189496974,0.04340970935595468,0.043057438333170654,0.043198746973820444,0.043587632701686294,0.04303384806350031,0.04339653467779448,0.04307221710151357,0.04372173084426492,0.0436425612226254,0.0436211474719542
5.46,0.04386202604483759,0.04351091582742435,0.04294188639088063,0.04334327797685931,0.04378302741265427,0.04381462541436579,0.04337210075591035,0.04376037173357506,0.04379667673309983,0.04381775776320485,0.0438716151600881,0.04327730067663083,0.0431622875987956,0.04341016723702607,0.04303342995706574,0.04317704643579558,0.043587476300809884,0.043023244056131796,0.0433955400294568,0.043073506843454096,0.043717883439445555,0.043642222480738804,0.043625613731748954
5.48,0.04386351682934324,0.043514541796828954,0.042939445879589436,0.04335541104255829,0.04379100428965092,0.043810282281035826,0.0433830563296596,0.043750217012241584,0.043799993287915076,0.04382216268993008,0.04387231864123541,0.04328336943880652,0.04318375338394843,0.04341020042849359,0.04301502516299654,0.043155871017549814,0.04358396493507149,0.04300595155045514,0.043395492686943184,0.043079955685865284,0.04371342820303759,0.04363984209080492,0.043631195336039354
5.5,0.04386502327550604,0.04351357122748282,0.04293547179839477,0.0433716766268776,0.04379846408559842,0.04380207759490506,0.043398793846322066,0.0437451376188818,0.04379744187010212,0.04382706435101731,0.043873102450111535,0.043289530006307204,0.04319976321793973,0.04341034837919528,0.04299215054755699,0.04314107877660978,0.043576786873665584,0.04299151348150727,0.04339900043986392,0.043082959074123746,0.043715681549844676,0.04363651605748001,0.04363684685070625
5.5200000000000005,0.043861371729591196,0.04351096163228883,0.04294187897928473,0.04337828979135549,0.0438063056118346,0.04379006466202105,0.0434114434344633,0.04374163559980949,0.04379755206165682,0.04383255836355227,0.043874817649169826,0.04329716128335251,0.043222264753754666,0.04341018840930326,0.0429690378954421,0.04312627852877468,0.0435650106085646,0.042971712796303886,0.0434028981285966,0.04308453962997406,0.0437249063436948,0.04363726900636526,0.04364185310084608
5.54,0.043856639985397405,0.043508490791951966,0.04294491909486072,0.0433792067801452,0.04381291869107972,0.04378104960064898,0.043420239633110515,0.04373524942171925,0.04378932719071912,0.043837016291688166,0.04387580641158726,0.043298138301731605,0.043244945398208084,0.04340710138289772,0.04294640501943029,0.0431248094058832,0.04355637608306219,0.0429438061327661,0.043410606039853215,0.04309134383219913,0.043737754008821426,0.04364487201577212,0.04365297848646642
5.5600000000000005,0.04385194251122771,0.04350124400347636,0.04294753735122314,0.04337122845943499,0.043816956226151574,0.043769660266369234,0.043430903661593946,0.043737378976781,0.043776156055707685,0.0438390745710882,0.043874678665703375,0.043301577151590234,0.043264768284291925,0.04339838464367864,0.04293132411294034,0.04312070263362849,0.04355502429382403,0.04292219137363656,0.0434197091892837,0.04309705927470292,0.0437479651927182,0.04365438039570916,0.04367015270523867
5.58,0.04384631611785632,0.04349826453492553,0.0429559489135249,0.043368767725059446,0.04382114719068177,0.04376217532066103,0.04343454624564821,0.043742126991558515,0.043767112319824296,0.04384144907076891,0.04387412918592034,0.0433110056120224,0.0432861824712542,0.043397742433094244,0.0429028120387686,0.04312046080374723,0.04354988794257098,0.0428929029765424,0.04342506261360506,0.04310175584825925,0.043752798286885476,0.043663747776292436,0.043683657580528466
5.6000000000000005,0.04384107734180089,0.043501963655352235,0.04296698937080003,0.04336446159915218,0.04382538265531234,0.043744149674768265,0.04343024307278267,0.0437506001243025,0.04375263844692665,0.04384401741264802,0.04387401394562597,0.04332685473606195,0.04330473605017956,0.04340374742743604,0.042868566634519434,0.043121250694222346,0.04354333260267203,0.04286584385022786,0.043429321862418754,0.04311108824431775,0.04376102815943097,0.04367572230089974,0.043692970138141635
5.62,0.04383054282382129,0.043503715818574755,0.0429795285549398,0.04336190479067964,0.04382991999757674,0.04373026636794145,0.04342779398875517,0.04375258202808675,0.043732226298647404,0.04384009417475066,0.043874558510023726,0.04334426012702344,0.043317955451599874,0.04340633186431802,0.042847991994491554,0.043123235494697224,0.043542501465360865,0.04284205621382453,0.043434207037342645,0.04311871539918618,0.04376775174785931,0.043685478716754975,0.0437063811337439
5.64,0.043821984130845135,0.043503096288842566,0.042998503539401225,0.043360386272375574,0.04383281388018656,0.043723732543804676,0.04341873774464371,0.04375925123280445,0.04371230965815662,0.0438283525454185,0.04387378624606609,0.0433633504110631,0.04334246122453678,0.04341036050921479,0.04283308090291428,0.04312407434711154,0.04354677890407098,0.04281707122089338,0.04343181603006256,0.04312436602839231,0.04376448905233514,0.04369294042294769,0.04371625686391221
5.66,0.043816798578821634,0.04350715456174129,0.04301713984037659,0.043361281971190144,0.04383398399466518,0.04370958055168643,0.043423587142420755,0.04376500553633198,0.04369039618562758,0.04381454286521691,0.043871590038457337,0.04337637148889686,0.043358270470562725,0.04341389829608866,0.042814582741105355,0.043130200680603116,0.04355194189280957,0.04279578343805579,0.04343153467963061,0.043124049104450744,0.04376646695272262,0.04370560265164604,0.04372023633689206
5.68,0.043815910520419034,0.04350831510851567,0.04303382930873562,0.043367735337071195,0.04383402790527716,0.04370274424024508,0.04342374475667285,0.04376886992006929,0.04367320933541056,0.04379349404290873,0.04386854339558764,0.04339006769511465,0.04337318426133452,0.04342702536372616,0.04280164219915579,0.04312898354461218,0.04355733577517611,0.04277333290316764,0.043419654400684134,0.04313295611509989,0.0437611622273849,0.0437161972441868,0.04372803439944459
5.7,0.043812836643246575,0.04350948449387435,0.043046941195410894,0.04336465218598493,0.043835063290121594,0.04369843879512207,0.043428894776096176,0.04376618803034202,0.04365393733469286,0.04377786199999671,0.04386674293508098,0.04340332414545771,0.04338859091661866,0.043445890482922585,0.04278974953786529,0.04313333720005404,0.04356081544941561,0.042758816227688796,0.04340031762405252,0.0431445746355572,0.043759091189184904,0.04372691377594421,0.04372753713526948
5.72,0.04380998243795543,0.04351741180929074,0.04306827594385858,0.04336304586077921,0.043836591030008185,0.04368684819284355,0.04343821370068177,0.04376465782416208,0.0436241782145625,0.04376191657995876,0.043865668210007834,0.04342087278826827,0.04340063873812503,0.04346201006903336,0.04277234324599017,0.04313264141618906,0.0435640478314799,0.04274576775979132,0.04338313370236512,0.04315128585310071,0.04376469991698652,0.043733741980740426,0.043732026893821545
5.74,0.04380801985899217,0.04352043733163265,0.0430837489549927,0.043360035477052514,0.04383801211918047,0.043687089192488635,0.04344777455431686,0.043771388398655756,0.043592111726648265,0.0437445032108,0.04386470063672573,0.04343257244034446,0.043408603549170297,0.04347573375138464,0.04275988643186543,0.043130549947614,0.04356609113809388,0.042738132745226795,0.043369483137001764,0.04315885183815282,0.04377202679215594,0.0437293718645329,0.04374087490297135
5.76,0.04381045785343501,0.043521540670345624,0.04309520895458003,0.043362285608763027,0.04384032261872407,0.04369138724493723,0.043460264296032225,0.04377578644639744,0.043560209247771126,0.043729978681937884,0.04386481926235201,0.04344460280501064,0.04341588234537306,0.04349058486440563,0.042749217142306645,0.04313026097205383,0.043567168044092844,0.042729062886043515,0.0433443362769217,0.043167866883974754,0.04377965740410817,0.043720668405675005,0.043748431084758545
5.78,0.0438174057207513,0.04352489095442966,0.04311043611317846,0.043362527605681066,0.04384481923881845,0.04369459874235274,0.043476653504564845,0.04378050131235252,0.043523035121335825,0.04371252640205896,0.04386730524117538,0.04346227502962359,0.043425043073850964,0.04351053326815857,0.04273739511455363,0.04313357211618163,0.04355708363655932,0.04272193314378827,0.043319272118295706,0.04317541912762738,0.04378497620166321,0.04370775854957398,0.043750038663424536
5.8,0.04382515732597087,0.04352698398627223,0.043126069798366785,0.04336193658251033,0.04385032157981132,0.04370145156617809,0.04349158335842632,0.043785832302770285,0.0434919172220655,0.0436915952565235,0.0438709626179218,0.04347653727386851,0.043428856423147526,0.0435292629769846,0.04271871946868662,0.043130632509105524,0.04355661961381721,0.04272678396860599,0.04329305447398257,0.0431853412070533,0.043786776527245164,0.04369178658607144,0.043751817374614574
5.82,0.04382569858638025,0.04353675305040392,0.04313344963502489,0.04336335967511252,0.04385632040958735,0.043704745674841006,0.043502545839604834,0.04379345275271509,0.04346518612818246,0.04367276328801119,0.04387526827132034,0.04348262036211724,0.04342848948144659,0.0435466897484907,0.04270589606933957,0.043126876390009956,0.04355173949197418,0.04274179536112889,0.043265578632333046,0.043195316264281795,0.04378863154517415,0.04368359427107425,0.0437532290714456
5.84,0.043818754054555764,0.04354266032105916,0.0431467022570264,0.04336739840391882,0.04386324894515406,0.04370378451529185,0.04350939773265366,0.043800420162208885,0.043441018092247076,0.043661271632761005,0.0438806430849286,0.04347868531419277,0.04343151504375259,0.04356181784595878,0.042695245374405034,0.04312635641968176,0.043557988336068484,0.04275511625960072,0.04323731596142526,0.043205392603281614,0.0437916047344667,0.043671740913359146,0.043751921992001876
5.86,0.04381750367569291,0.04353601392412632,0.0431601608483613,0.04337759188174097,0.043869640155072276,0.04370302715795242,0.043515196950588184,0.04380350850958108,0.043419470074143374,0.04365501172471374,0.043885607989082795,0.04347458094042492,0.043429552838368336,0.04358330645108499,0.04268701498349911,0.04312882464859359,0.043557455883478396,0.04276693912763551,0.0432164037416157,0.04321382236074643,0.04379302956042273,0.0436549966337355,0.04375133993933938
5.88,0.04381949985943333,0.04353536006119975,0.043173128582157085,0.04338971080727486,0.04387645488365804,0.04370633857596803,0.043522756669734285,0.04381025849561402,0.04340960769589905,0.04364573331686839,0.043891113684437794,0.043470817610048305,0.043430180018669974,0.043600421785675594,0.04267539456225316,0.04313350504527671,0.043546624730124904,0.042775033900182224,0.04319769537753452,0.04322214061255652,0.043782526676689,0.04363703749661351,0.043748659552130795
5.9,0.04382623354884784,0.04352448928580327,0.04317459788449103,0.04340147907381834,0.043881319298297035,0.04371052050869435,0.043531757946133814,0.04381648606814003,0.04339505063447254,0.04364250938764911,0.043894775952824115,0.04347223411435624,0.04343532654315237,0.04361456738495213,0.042661230694050686,0.043139262410101936,0.04353273493432368,0.0427821482067551,0.04318249933575351,0.043231484213666,0.04377666240784137,0.04362517508561758,0.04374745508025802
5.92,0.04382348699358794,0.0435151875535681,0.04317934401501347,0.043408694666499804,0.04388455680323257,0.04370686678154498,0.04354106685448439,0.04381877840296351,0.04338861576065142,0.043644757855179614,0.043896909552059965,0.04347594028967287,0.04343990772603241,0.043635780646883233,0.04265427602066043,0.043143558804144916,0.04351946042169581,0.0427864144054908,0.04316831219782529,0.04324685886892578,0.043767985798150354,0.04361644942066898,0.043736790161063334
5.94,0.04382750404221038,0.04351624364228917,0.04318496273159998,0.04340998914054593,0.04388680164664074,0.04370605171225173,0.04354569508708667,0.04382071112235287,0.043379705932605865,0.04364717308549548,0.04389814085991641,0.04348600441705274,0.04344115045840421,0.043658437423085,0.04265382091247081,0.04313630222565536,0.043508045690987394,0.042796096216339084,0.04315523136346172,0.04325901475649392,0.04376370279830872,0.043599993997591575,0.04371922073715425
5.96,0.0438270121131086,0.043516040569936874,0.04318689111344349,0.04341747029274412,0.04388813608341419,0.043702953998843753,0.043545355126144776,0.043817040207549784,0.04337400911728091,0.04365128831500488,0.0438993861025168,0.043484546436414175,0.04343742308916253,0.043679349611116365,0.042652594831310446,0.04313657120493569,0.043492477926826395,0.042813362406640514,0.04315151072386698,0.043272786778865584,0.043762250769022126,0.0435937595477283,0.04369778363412266
5.98,0.043828311047908776,0.04351744985757225,0.04318984990815299,0.043428535654420876,0.04388695911099234,0.04370457694626558,0.04354536609835191,0.04381058268603316,0.04336518798054061,0.04364921260291709,0.04390286454612651,0.04347595278992385,0.04343669971797329,0.04370087064162057,0.04265144255093248,0.043138806320438934,0.043482596852722294,0.0428327202817731,0.04315349758448734,0.04328223195877339,0.043757189625789276,0.04358003448825981,0.04367906074802366
6.0,0.04383105390306937,0.043517752337563866,0.04318907192343917,0.04343372981523521,0.04388719866271716,0.04370409459190473,0.04355238497110113,0.04380987102852905,0.04334770768164544,0.043641709252908764,0.043904905639104506,0.04346742623693779,0.04342424115137039,0.043719479728438836,0.042659051672704604,0.04314367517105476,0.04348057427357529,0.04284798986077321,0.04315807253732214,0.04328683984286594,0.0437587175394474,0.04357354909466459,0.04366090308362661
6.0200000000000005,0.04382971124460424,0.0435218612114927,0.043185741314650264,0.04344225688855419,0.04388739921493919,0.04370293457761809,0.04355918900814363,0.043803482147059696,0.043329757019880795,0.04364019228736013,0.043904953890765874,0.04345788900308153,0.0434163394853379,0.04373520814947718,0.042670448750162314,0.0431537414620258,0.04348042152401744,0.04286652545106045,0.043152557477280876,0.04329000774870455,0.04376064782470334,0.043568548510924926,0.043640185808154826
6.04,0.043821479487295346,0.04352487701647312,0.0431875998050116,0.04344675256003405,0.04388922093829699,0.04370143735143705,0.04355815879502577,0.04378926607858503,0.04331148088167619,0.04364260725828369,0.043905335193891726,0.043442857722363865,0.04340683096734767,0.04374951766195608,0.04268647754791381,0.04315319374766695,0.04348744835267437,0.042892542704073985,0.04315123621390678,0.043289197732234844,0.04375219465103907,0.04357493146994599,0.043635355862865974
6.0600000000000005,0.043807311510033836,0.04353216931267559,0.04319546768116389,0.043451160323138165,0.04389074061601758,0.04370628732363256,0.04355345599349843,0.043772845237004206,0.04329667103456624,0.04363892474174873,0.04390553259129028,0.04343218004126445,0.043405772186234294,0.043755671108673524,0.04269950419107549,0.04315275461562808,0.043494956455502866,0.042912620644278685,0.04315650836705356,0.04328347885079598,0.043742401123448564,0.04358246073337337,0.043631125317901684
6.08,0.04379553049621632,0.04353345393376127,0.04320312786528696,0.04345242279943787,0.043891921765615016,0.04370622195192854,0.043543025035922174,0.04376144744852482,0.043285619194019964,0.04364020544053177,0.04390549989618672,0.043427819563960204,0.04341064851928944,0.04375961539502743,0.04271358581752661,0.04315158122856234,0.043500539082856185,0.04293320905644922,0.043156126911051584,0.0432802702337267,0.04372931318550681,0.043590433638461226,0.043628381540150904
6.1000000000000005,0.04378444501623327,0.04353468551974848,0.043214433521842795,0.04345606156049589,0.04389297764882943,0.04370240832664744,0.043532443928865905,0.04375391640873465,0.043279139731114,0.04365127944747417,0.04389960089540079,0.04342147353851907,0.04341694389360921,0.04375926239012439,0.04272733641222343,0.04315503763910355,0.04350840247053277,0.04294762081127405,0.04315325497728208,0.04328294030216411,0.0437120204377359,0.04359776934570909,0.043616545776335836
6.12,0.04377308777009843,0.04353169383105025,0.043230363712935,0.04345897579442232,0.04389335882878253,0.04369425583527806,0.04351917241442741,0.04374769482303562,0.04327852366421405,0.04365905164294401,0.04388961805295546,0.0434161320701118,0.0434244250174459,0.04375919950310529,0.04273930754978116,0.043149883141592904,0.043515948781398556,0.04295493760615083,0.0431532776889547,0.04329268569305796,0.0436987624365641,0.04361794684640778,0.04360169729528593
6.140000000000001,0.04376277040652286,0.0435359836535287,0.04324249832898364,0.043458968626195485,0.043893203113070364,0.04368453203258409,0.04351375047826324,0.04374546363217371,0.04327874012607047,0.04367609699884097,0.04388633836839757,0.043405727634335735,0.04343001093308342,0.04375876106198924,0.04274915713775558,0.04315038835268714,0.04351079841497946,0.04295468943347085,0.043144907973672965,0.04329646063462229,0.043691751180824544,0.04363848943431608,0.04359051204363157
6.16,0.04375629309226351,0.04353322972128112,0.04325193745150611,0.043464496634042546,0.04389279038004264,0.04366989990518222,0.04350717151837751,0.04374495535181671,0.043279306457241894,0.04369350653593196,0.0438840520737039,0.043397588211899776,0.043435310073269784,0.04376318024838027,0.042763955750363014,0.04315406261998948,0.043501434134103505,0.042953552731884004,0.0431318077736492,0.043296691839399645,0.043689935852889925,0.04365898618143728,0.043575855461344126
6.18,0.0437480104731293,0.04352679947368391,0.04325920789014644,0.043475604950663264,0.043886388802760905,0.04365581002223621,0.04349967841332125,0.04374495210268052,0.04328333999164687,0.04370957774233415,0.04387760532706954,0.043386536332476,0.04344989434874684,0.043757077608279966,0.042775286217058596,0.04316378689615367,0.0434975893458364,0.04295250748659582,0.04311671254921609,0.04330800822612487,0.04368887423147927,0.04367789110254399,0.043558860465815884
6.2,0.04373429173320952,0.04351041275165499,0.04326576312860111,0.04349227985619712,0.043881582985274156,0.04364552656297954,0.0434951175282352,0.04374710037623405,0.043292957212679076,0.0437243961701851,0.04386778384297456,0.04337988421679547,0.043468180383163205,0.04375062030736752,0.042784705226916624,0.043179194544642675,0.04349296404056694,0.042944402296750714,0.04310302440464584,0.04331989085558739,0.04368087357848238,0.043695310586261304,0.04354373741059568
6.22,0.04372179316884696,0.04349836463937475,0.04326592054651261,0.04351015908487592,0.04387338844147694,0.043634751644199096,0.04348857158761641,0.04375721963231573,0.043297522735647104,0.043737827118352036,0.04386798836022748,0.043375559197868625,0.043482880724312854,0.04374927150943188,0.042790141083479026,0.0431873904206037,0.04348599206698834,0.042935135449535346,0.04309540286112443,0.043330631281837534,0.04366784970885559,0.043711129182289366,0.04353510955422817
6.24,0.04371605848317521,0.04348887922533964,0.0432718625117404,0.04352047839730251,0.04385684805676336,0.04362159699952603,0.04348243418721907,0.04376785995578058,0.04330209255854609,0.043750059420571155,0.04386953540874078,0.043370375918744423,0.043493331535611954,0.04375466888420206,0.042794259239627104,0.043196905849294774,0.043473478121984085,0.04292885439936276,0.0430972164444485,0.04334379004062012,0.0436495435889688,0.04372555318317501,0.043524317589255616
6.26,0.04370610600367594,0.043482453493018096,0.043273209695073166,0.04353053837134743,0.04384883503766939,0.04360858456145432,0.043478588697774635,0.04377368970062093,0.04330531977244669,0.043760153497182167,0.04386981856820093,0.04336539833694487,0.04350790385734233,0.043757881556342394,0.042799300836880716,0.043203374649370956,0.043456248113802144,0.0429248528313115,0.04310536139712096,0.04336338108043844,0.04363149857334791,0.04373591695953355,0.043511584409100655
6.28,0.04369855649149781,0.04347927526414179,0.0432691639921013,0.04354209758826118,0.043843478176041596,0.04359649629926801,0.04347494331340087,0.04378197878427087,0.04331276770322749,0.04376955408432715,0.04387021418506212,0.043361261287574795,0.04351825890693904,0.04375173473960117,0.04281190929900348,0.04320213720261401,0.04343983910752647,0.042924093977502305,0.04311423999279209,0.04338359664842859,0.04361450250033646,0.04374306394145145,0.04349683651462998
6.3,0.04369030950966776,0.04348627360318053,0.04327030158198833,0.043559654009203565,0.04383572765264253,0.04357557585861692,0.043462533017593896,0.0437879324444146,0.043321763875760054,0.04377652840961765,0.043868919477140056,0.04335899408497995,0.04352569676619879,0.04375640527769705,0.04281920836688887,0.04320760881349367,0.0434275526215756,0.04292465804230271,0.04312416704053265,0.04340894676553905,0.0435919278988735,0.04374703634048034,0.043472278541611946
6.32,0.043681676270815976,0.04349587643221993,0.04327503832749458,0.04358429301984345,0.04382975876910804,0.043554718942921275,0.043449774234858546,0.04378491671811586,0.04332378235733819,0.04378403397962414,0.0438688374376951,0.04335472485811147,0.04353216110911279,0.04376030624044385,0.04282608099136769,0.04321401258996072,0.043407519503139015,0.04293189652941141,0.04313413993430804,0.0434308624355209,0.04357457241615121,0.04374793405765593,0.043453082844782026
6.34,0.04367238131384681,0.04350736034416303,0.043274124020159864,0.04359976280137645,0.04382637213071523,0.04353523076099469,0.04343831478644289,0.04377569107834412,0.04333135880859102,0.04379035254412675,0.04386819051033085,0.04335558669586029,0.04353376938821178,0.043766428707149876,0.042826428071063266,0.04322678707531129,0.04338757679221223,0.042942309320247306,0.04314440145379188,0.043452459244405814,0.0435555189550225,0.043749685746115784,0.043439909451516136
6.36,0.04365626384388681,0.043523027135885815,0.043272974099098936,0.04361418366571169,0.04382164596986638,0.04351249094569053,0.04342802406096661,0.04377491076900893,0.04333848608351738,0.043796518596255725,0.0438679637922259,0.04334914320361409,0.043534660958170726,0.04377178779556586,0.04282298751233037,0.04324576914716998,0.043364447671941586,0.04295285365025258,0.04315635461816989,0.04347090905621108,0.043541911299493495,0.04375313592138414,0.043429550203581725
6.38,0.043642073905932256,0.043550614105680424,0.043276747651122854,0.043634059590519414,0.04382366261391164,0.0434872891186019,0.04341332500920463,0.04377639891839823,0.04334510839769331,0.04379948898503305,0.04386721750459511,0.043344362028757674,0.043526225240569864,0.043778883590930066,0.042823098917488346,0.043258997136859795,0.04334238980023273,0.04295754344434526,0.04317362526903282,0.043489341320288026,0.04352113251593486,0.04375191978605307,0.04341649514881442
6.4,0.04363186804898489,0.04357381513321713,0.043275519562998306,0.04365368942022011,0.043827723000047114,0.043464562576940945,0.04339716037252316,0.04378044205200805,0.043351906799797474,0.04380292188997639,0.04386770133693753,0.043337317630787846,0.04351454525921741,0.04378662105171732,0.04281973739243029,0.043276141348980356,0.043319968581449854,0.04295887637278555,0.04319594217973175,0.04350634620574095,0.04350301095574161,0.043748575802748456,0.04340560702501752
6.42,0.043617548662813914,0.04359920327068318,0.04327992330517789,0.043672519964262385,0.043832265573562054,0.04345170055542742,0.04338597018513228,0.04377935849704281,0.04336150530980612,0.04380161529294157,0.043868961731807474,0.043340045678007436,0.04350498103724613,0.04379453805117314,0.04281574350428899,0.043281608549527895,0.04330105863492058,0.04296073230442063,0.043215903123358906,0.04351677633191093,0.0434803152945325,0.043742822000994906,0.043394903140960915
6.44,0.04360917643101281,0.04361903037817682,0.04328090773981108,0.04369097651620188,0.043837611115408695,0.04344367360798791,0.043376358867167134,0.0437759076001073,0.04336772851718596,0.04379331817411056,0.04387129546191647,0.04333999924457804,0.0435031096213108,0.0438029800532542,0.0428121250258608,0.04329697122249037,0.043280018577563445,0.042962514154868764,0.043241784206592596,0.04352310517605755,0.043452843969274096,0.04373574838298706,0.043382815956075654
6.46,0.04359474668124114,0.043627818976754176,0.043278900339953616,0.043708335917902005,0.043842936870266344,0.04344139251161373,0.04336085816018339,0.04378202601898176,0.04337681736655931,0.04378487689331149,0.043873856892854744,0.04333636322759649,0.043509923747605324,0.04381114782475731,0.042808900705629704,0.04331686560890556,0.04325763538680904,0.04296791633288548,0.043266366404167256,0.043530878349685546,0.04342662781850419,0.0437229455590272,0.04337186240480523
6.48,0.043583179906349134,0.04363586969057356,0.04328221236454834,0.04372083965294088,0.04384794499994954,0.043440962194263744,0.043349748256893,0.04378779601627564,0.04338403858588746,0.04377222911663188,0.04387632763165047,0.04333101478488859,0.0435141448898402,0.0438187646599861,0.04280883194211042,0.04333328935067863,0.04322877364755002,0.04297203975991378,0.04329108168913181,0.04354491380963021,0.043409916846890016,0.0437109502125791,0.04335512999083738
6.5,0.04357176124727956,0.04364621257292998,0.04328373071489042,0.043732625125194324,0.04385336601415636,0.04344315384294333,0.04334080367122483,0.04379127690326961,0.04338615404375195,0.04375509573839242,0.043879419970438246,0.043324600488623445,0.04352028276297774,0.043826579798215956,0.04280789858522363,0.04334057695509814,0.043204754932479675,0.042983041033739094,0.04332159500680109,0.04355543727927826,0.043390659143959724,0.04370434024591271,0.04333663392321956
6.5200000000000005,0.04356179655298695,0.04364858803504634,0.04328522262144625,0.04374428874887292,0.043855982616585076,0.04344493853471115,0.04332831095310974,0.04379184118843106,0.043387091138896106,0.043739146773850775,0.043879897668727984,0.0433163902459246,0.043528415687026485,0.043831395419769555,0.04281229736035735,0.04334239268302351,0.043188569960931594,0.04299905511328206,0.04335729699530152,0.04356537495211754,0.04338024861917169,0.04368835130190133,0.043323106828528656
6.54,0.043550198876236366,0.04365723202166792,0.04329244923370637,0.04374650945509242,0.043857501791931076,0.043446686357738455,0.04331167112422594,0.04379636794326251,0.043379991803175706,0.04372263338488806,0.043879453091885665,0.0433078259542006,0.04353906086673397,0.04383493353955535,0.04281458092663105,0.043349750362213876,0.04317673515028715,0.04301266029124051,0.04338538061892315,0.043577925344270046,0.0433704829695043,0.04367762696269788,0.0433123419299316
6.5600000000000005,0.04353257950751917,0.04365313631462863,0.04330094238122258,0.04374346267905976,0.04385709927751877,0.04344800535351093,0.04329635328002067,0.04380098765126446,0.043371669554466884,0.04370530892236723,0.0438772472506249,0.043308372945755305,0.04354393720163768,0.04383638503540741,0.042823804957490275,0.043362253420097766,0.04315883915741397,0.043022807532851516,0.043418831273479376,0.043589391427444855,0.04336458652632638,0.04367616258124812,0.043307835768643534
6.58,0.043518119352121146,0.043657546317099255,0.04330913079607408,0.043743913627421305,0.04385678730719244,0.043446141579865365,0.04328327051149114,0.04380256923384785,0.04335837744377923,0.04368853942875298,0.043875280123250544,0.0433041109410747,0.04355370253411133,0.04383777474115761,0.04282756810558869,0.04337362909249759,0.04314609568410669,0.04303782244791565,0.04345452304268508,0.04359661638230117,0.043352098916808156,0.04366592238053261,0.043310460010325236
6.6000000000000005,0.043499264569395214,0.04366364157912794,0.04332083429952273,0.043742400191008265,0.043856067370113376,0.04344790213287271,0.043273244881296934,0.04380630380634063,0.043349798003615374,0.04367568307763209,0.04387304083254898,0.04330092840377054,0.043556382944574736,0.04383861685990537,0.04282632542522806,0.04338332321461949,0.04313404188760334,0.0430508724271762,0.043486852786388044,0.04359724083074633,0.043345750185898514,0.04365325408858013,0.04331823020203504
6.62,0.043487343583446095,0.04366294593353199,0.043334443802004345,0.043735352515434894,0.04385519266624611,0.04345100949100776,0.04325995222898502,0.04380559457054398,0.04334563269494867,0.04366183509534165,0.04387077152783606,0.04331064810130686,0.043563645823212954,0.04383917595284801,0.04282730407338027,0.04338354142492233,0.04311994609616927,0.043053100087183084,0.04351631408336,0.04360009935979089,0.04333912069135725,0.04364810791376192,0.04332892228338056
6.640000000000001,0.0434823922951488,0.043658920456155145,0.043355412418626046,0.0437238105880155,0.043854339201378045,0.04344960068161808,0.043248581858813515,0.0437984324027499,0.04334120858440238,0.04365650799653082,0.04386863803104593,0.043316953327416904,0.043573687910020024,0.043839638495848536,0.04282663195553265,0.04338141710123888,0.04310508493761571,0.04305353082008184,0.04354330446326152,0.043603479894014134,0.043335584597865635,0.04364368059101336,0.04333916139160651
6.66,0.04347625001693914,0.043654432479868346,0.043371517086054204,0.04370955951785259,0.043852381272273845,0.04344567093265118,0.043239359975427355,0.043796874473340124,0.04334046185763186,0.04364586230409424,0.04386550489189496,0.043316345304701846,0.043581753073220326,0.043837360791321583,0.04283023105391578,0.04338089226165136,0.04309695230122154,0.0430555577042234,0.04356691024514769,0.04360385436612533,0.04333679345482343,0.043646776887993614,0.04334869774762632
6.68,0.04347558162102277,0.04364433653388783,0.04338202494003931,0.04369320091162943,0.04384959918085184,0.04344903563067183,0.04323908092155509,0.04378842937671619,0.04333258495725031,0.043644091368993554,0.043861643909469956,0.043318840050873664,0.04359165678707406,0.04383581353161736,0.04283004342247374,0.04338530552846168,0.04310032674975244,0.043053155118967956,0.04358759668844987,0.043602864246555094,0.04333727549711967,0.04364062692393052,0.04335688610263588
6.7,0.04347384755792496,0.043639301525078646,0.043397197978246274,0.04367408575590591,0.043847444523012376,0.043450658545623896,0.04324482427507841,0.04377635467269306,0.043327570025269574,0.0436381152580782,0.04385849915663481,0.043321836877204145,0.0436020822313188,0.043834792075093755,0.04282470276951821,0.04339516757734749,0.04310243230292288,0.043055762978574,0.043606979033626855,0.043608444279556166,0.04332492029396015,0.04363630326233888,0.043358677044992605
6.72,0.04347251835183318,0.043635556150354055,0.043410945921911234,0.043653821258276736,0.043843946673094894,0.043454239882110855,0.04325056699603198,0.04376535780211508,0.043326238761244494,0.04363077023456816,0.04385409224723259,0.043324753893689255,0.04361876134303378,0.04383233467827299,0.042822422274937946,0.04340291640792935,0.043094534173424785,0.0430589732277443,0.043623255464915245,0.04360661032747803,0.04332100077028744,0.04363713401157496,0.043359249147938574
6.74,0.04347270915359186,0.04363900412362958,0.043412662909807255,0.04362926568671267,0.04384195968709983,0.04345279284700254,0.04325294191390654,0.043757903501026846,0.04332421115949928,0.04362009317181854,0.04385127121655247,0.04332287874247453,0.04363149003135289,0.04383130228808812,0.04282080251397674,0.043413067036677834,0.04309101501823261,0.04306443458528147,0.043639411003603384,0.043599390082257605,0.043316805224103666,0.04364347255258886,0.043371115550714934
6.76,0.04348324037160068,0.043646784015872186,0.04341416745215169,0.04360588007231316,0.04384108435183149,0.043443136448527216,0.04325237869560821,0.043751914162748935,0.043313509579489665,0.04360567581626766,0.04384963058638419,0.043327583454312445,0.04363817206987068,0.04383130286189055,0.04281669190294628,0.043423592284172655,0.0430817167293295,0.04307145290147896,0.04365518271598263,0.0435876841856891,0.043315218138484456,0.043645999614550186,0.043398001588497534
6.78,0.04349462208530865,0.04364639283681378,0.043403606057411476,0.04358719628456384,0.043835722357803676,0.04343438687767974,0.04325446849850252,0.04375353140292237,0.04330368178742162,0.043593383577975306,0.04384774367928364,0.04334295981477812,0.04364328450451589,0.04383092241788704,0.04281471038344863,0.04343043166759218,0.043076380753069056,0.043072324532913986,0.04366927861903177,0.04357719832876983,0.043318412123290156,0.04364605580726647,0.043423305601750374
6.8,0.04350216880026417,0.04363988385647264,0.04339405326265599,0.04357518991509665,0.04382289379382733,0.043431942177660464,0.043261561047845405,0.04375239902406102,0.04330238523261963,0.04358595240358123,0.04384710050485567,0.04336552972076201,0.04364488532597825,0.04382933128743636,0.04281391251601625,0.04342900039075306,0.04306695202120961,0.04306460467980361,0.04368330046707948,0.04356433189325156,0.04332875634663629,0.04364732452959663,0.043446540802536515
6.82,0.043509234515759866,0.043635301269177765,0.04338413555124801,0.04356342649332666,0.04381456996100304,0.04343214129240375,0.04327236101714971,0.043753812699682634,0.04330187431444255,0.043579406784335,0.043845496760137874,0.0433832493075462,0.04364501261913707,0.043815931671592236,0.04281742936575263,0.0434322164460527,0.04305523662265384,0.043058816494761315,0.04369339559712377,0.043545581899310896,0.04334133809086008,0.04364678558154386,0.04347324564499862
6.84,0.043520210042400496,0.043636371958859436,0.04338086438484467,0.04354676472439968,0.0438069862051577,0.043431375405687145,0.04328231963934218,0.04375425306127227,0.043300253545371724,0.04357322183079333,0.0438444805336862,0.043395609799795044,0.043638853027506086,0.04380151344123261,0.04282346448286924,0.04343749937430994,0.04303907632859085,0.04305588441499247,0.043704879766366576,0.04353311307189187,0.04335174654421935,0.043648516837912585,0.04349274157849857
6.86,0.04353585539157988,0.04363586356807069,0.04338315066472067,0.04352770835604076,0.04379726561691355,0.04343083331866482,0.043292547322681126,0.04375568806497758,0.04329657288918321,0.04355978283786133,0.04384489954063531,0.0434142740185312,0.043628452351938886,0.043791726808658865,0.04283476877462986,0.04344331678564223,0.04302369533701857,0.04305089442858158,0.04371676787691342,0.043518725512612856,0.04336425269628996,0.04364585176379477,0.04350710607405882
6.88,0.043535367221078765,0.04363320600102361,0.043392274506908135,0.04350933694322018,0.04379017455061214,0.043426030614649426,0.043302334208083666,0.04376078931847638,0.0432902932629538,0.04355587284505795,0.04384547707980515,0.043442011691757626,0.04362641605042667,0.043779701908862975,0.042843448921150176,0.04344372019499294,0.04300291124923697,0.04304880042956353,0.04372787174127272,0.043505431506696904,0.043374769124671246,0.04363706317275721,0.04352669745674173
6.9,0.043541613234421905,0.04362486941016412,0.04340418059576798,0.043488913705578586,0.04378175951472198,0.04341873733169745,0.0433241307596049,0.04375563888504963,0.043296331984790964,0.04355308101146444,0.043845352095928006,0.043475037895269034,0.04361383553828218,0.04376943512375507,0.04284420449709894,0.043439950828533816,0.042987158492962536,0.04304729518361983,0.04373740993230744,0.04349416798546444,0.043382199017826716,0.043629833951336204,0.04354486302435394
6.92,0.04353524157956144,0.04361402532285056,0.043406924179290915,0.043464251248677865,0.04378220388940568,0.04341294261214037,0.0433454237562241,0.04375452761385485,0.04330658207196835,0.04354980712100398,0.04384584601234212,0.04350595437638716,0.04360739079465129,0.043760232433528765,0.04284795138984931,0.04343775848262226,0.04297860764324964,0.04304742558286152,0.04374677166273244,0.04348697013764258,0.04338155811752781,0.04362241048387932,0.04355919348774772
6.94,0.04354201287929917,0.04359801632607422,0.04340905384512091,0.043439741115289504,0.0437876452285865,0.04340855988955144,0.04336209087206877,0.04374144056036533,0.043320739875631564,0.04354751768077503,0.04384605861504406,0.04353409194000782,0.04359759283076733,0.04374625117449368,0.04286216825570312,0.04343546123733812,0.042968051147629624,0.04304807814074793,0.04375512405779239,0.04348325084156852,0.043372941798519,0.04362098047925331,0.04357313120837267
6.96,0.043556016419067416,0.043589068037500574,0.04340933528326734,0.043416953542306604,0.043792317239376766,0.04339230198114116,0.04337878608043794,0.04371821754805877,0.04333037423498664,0.043538029030707616,0.04384593107954552,0.043559597201855975,0.04359096194208097,0.04373082681319551,0.042880055297956764,0.04343223378743583,0.04296103748930945,0.043054986672503806,0.04376246817636578,0.04347579771914534,0.043367414531402006,0.0436313510607934,0.04358593883155889
6.98,0.04356897687370992,0.04357691371872237,0.04340592713453011,0.04339886226646662,0.043794820446850465,0.04337772857770904,0.043404977378753706,0.0436952833757195,0.04334332062116483,0.04352107596041362,0.04384402709081089,0.0435812305977985,0.04358894411405085,0.04371245985911141,0.04289557109273926,0.043434409595436846,0.04296020327284363,0.043059234721585966,0.04376742505395359,0.04346560449057662,0.04336332086714406,0.04364082051635883,0.04359886237354954
7.0,0.04357937257383371,0.04356527586509752,0.04339840552753892,0.04338171217847095,0.043795162926167495,0.04336689357057127,0.0434360423822611,0.043670238022713616,0.043356569254720305,0.04350691443172632,0.04384032264096697,0.04359438669995386,0.0435990656869143,0.043696040200837304,0.04290708265887278,0.04343297631256281,0.04296015174874434,0.04306406348982456,0.04377002062767957,0.04345765424733626,0.043363988548518854,0.043648967958228084,0.04360869244645916
7.0200000000000005,0.04359581936180597,0.043561553016705584,0.04338500097664291,0.04336317568005761,0.0437969149587755,0.04335253405799471,0.04346731894420918,0.04364991121807935,0.04337064170736342,0.043490340305280546,0.04383836193881999,0.043600896086123934,0.04360015321137274,0.04367707567913871,0.042931427449050284,0.04342260673467739,0.04296310055324629,0.04306872506538483,0.04377383969471926,0.04344973323125938,0.043361901824131535,0.04365319344958761,0.043625774855573396
7.04,0.0436120334730819,0.04355323734291362,0.043366035246913986,0.0433583464782983,0.043796588159559516,0.04333843533177686,0.04349410272452646,0.043626378925616695,0.04337675673664194,0.043473830537316994,0.04383462596109683,0.04360676606134435,0.043606005569143354,0.04366709040205543,0.04295638867411832,0.04341607101759708,0.042970853934971076,0.04307754759453753,0.04377541092749942,0.04343751607223578,0.04335844865099025,0.043658005169094995,0.04363952500866916
7.0600000000000005,0.04362793823494561,0.04354205992678407,0.04334757187366034,0.04334901418501479,0.04379731654320424,0.04333063583819081,0.043519705217062235,0.0436005370305611,0.04338553032584003,0.04344947258714364,0.0438322264043258,0.04361018954454176,0.04361673290486817,0.04366128376376342,0.042980189701483734,0.04341570237401902,0.04297669581735516,0.043086526710700866,0.04377788076615408,0.04341831101130637,0.04335355294128754,0.04366775722271483,0.04365316907507259
7.08,0.043642440689170475,0.043524278976743,0.04331938292594896,0.04334312051952884,0.043797890273179665,0.04332565237777281,0.04354310814901818,0.0435716958268132,0.04339347548137808,0.04342684300012685,0.04382992934267419,0.0436168815257818,0.04362034309865491,0.04366105263962253,0.042999462533842535,0.0434156990372437,0.04298162659558161,0.04310363524056973,0.04377951603363198,0.0434023100538171,0.04335707380649724,0.04367898518620808,0.04366559668619433
7.1000000000000005,0.0436569442572472,0.04350929242122713,0.043295400941543855,0.04334195322139465,0.043799614438385266,0.04331945787783163,0.04356577777657269,0.04354620842724772,0.04340448065347348,0.04340566201912605,0.043829019598118656,0.04362115856696802,0.04362242594340961,0.04366005703137547,0.04302104806919037,0.04342022225894065,0.042983343219668506,0.04311320044237117,0.043772904192189634,0.04338451088019703,0.04336275673757244,0.04368636441019023,0.04367819661575869
7.12,0.04367184816965925,0.04349556976535047,0.04327842662951692,0.0433396705272713,0.043802794309291265,0.04332140879936347,0.04358817337081246,0.04352937580670411,0.043411872380126365,0.0433819221091108,0.04382978307542049,0.043621027439939085,0.04361394934915571,0.043655379387125444,0.04304218122871615,0.043425150902385454,0.04298183899787481,0.04311734862614877,0.04376241694177235,0.043368391590965345,0.043372072709085455,0.04369804378637615,0.04369135409782838
7.140000000000001,0.04368549126067116,0.04348080643665342,0.043258969017649786,0.04334818970981924,0.04380438364727574,0.043324034606163846,0.04360869257185784,0.04352737849556654,0.043412899040238206,0.0433670649626894,0.04383044761368885,0.043608329454617255,0.043610218135830686,0.043657767483407856,0.04306050564484131,0.043428040726502255,0.0429758135669915,0.04312038564062572,0.04375124475245459,0.04335181390711473,0.04337747301347383,0.0437066560537799,0.04370339425808642
7.16,0.04369244481681987,0.04347019350493674,0.043245462423511474,0.04335749612299181,0.04380718516625689,0.04333049040649274,0.04362757511309107,0.04352421305293346,0.04340980176808795,0.04334719530678017,0.04383110731182828,0.04360127358629845,0.04360288830058317,0.04365385424671478,0.04308280807496939,0.04342644592785037,0.04297280498574274,0.043120555905801945,0.043744031663855765,0.04333742598285315,0.0433827633039173,0.0437174883917562,0.043714494635926145
7.18,0.04369610815730632,0.04345897506245469,0.04323999172498319,0.043371995419119444,0.04381220559616181,0.043331786068150024,0.043647345882606825,0.043527457705190745,0.04340383562739476,0.043325622751493494,0.043834163153642615,0.04358903234730819,0.043587174979618115,0.0436457484543456,0.043107737427212967,0.043425858209840865,0.04296997765576316,0.04312257504014875,0.04372753969319487,0.04332320756977819,0.04339465916749217,0.04372987510134626,0.04372712720544679
7.2,0.04369835190154428,0.04344846476525562,0.04323743413690523,0.04339369620138056,0.04380984966298148,0.04333177665332685,0.0436670432740578,0.04352863458659085,0.043393399588809056,0.043309157017753334,0.04383852440615095,0.043582159107132076,0.0435721083703865,0.04363192472095078,0.04313588120292298,0.04342645570638219,0.042963824582190176,0.04312168649272159,0.043713170839165504,0.043307469411177885,0.04340591462348451,0.04374279753265357,0.04374027521607597
7.22,0.04370025007476378,0.04343295856397673,0.0432346062059395,0.04341629509063341,0.04380802462630202,0.043332715933623006,0.043686351463884054,0.04352869090321224,0.043394821696492225,0.04330063414194442,0.043843759849968494,0.04356921789981181,0.04355611912458646,0.04360712719118299,0.04316161142878723,0.04343384547351656,0.0429638200451703,0.043120291992707845,0.04368423856956458,0.04329386808057002,0.04342296362515299,0.04375421445436474,0.04375357356384458
7.24,0.043696046110883846,0.043426249793161315,0.0432323575316695,0.04343724564414571,0.043806505442579975,0.04333680016373046,0.04370311535430381,0.04352873000727951,0.04339754779617525,0.043290918105140824,0.04384760271327556,0.04355545731931631,0.04354251612240349,0.043589041641229516,0.043189519883406476,0.04344460280814276,0.04296612443264198,0.04311447342066922,0.04364926064648059,0.04328066270466704,0.043441985055252375,0.043758417843473535,0.04376481945997084
7.26,0.043694161833078685,0.04342245433038788,0.043229224136837816,0.04345700447627552,0.043807149602623566,0.043350952409523406,0.04371932043985197,0.043528127429120995,0.043397794857275185,0.043278959837010585,0.04385194988666986,0.04353737968156845,0.04353431082361998,0.043570923973367585,0.04320230896919945,0.04345835223708047,0.04296739324747258,0.04311276302602393,0.04361396751453305,0.04327436398124821,0.043459310940632816,0.04375586580639738,0.04377596056020057
7.28,0.04369864351783276,0.04341970309472948,0.04321395770509962,0.04347443932328517,0.04380663889746822,0.04336476204105251,0.04373368610480933,0.04353335815483002,0.04339109573336599,0.0432811383039144,0.04385542938646756,0.04351390399110341,0.04352985701119156,0.04355789461934754,0.04320932879880208,0.04347598450773713,0.04297015505332494,0.043110602393177946,0.04358279053775608,0.04326649387647298,0.04345812682057294,0.04376633289802565,0.04378567722963264
7.3,0.043695455286081,0.04342186976619978,0.04319346948533505,0.0434865173311727,0.04379787517462821,0.04337270081990489,0.04374490794571122,0.04353126132927163,0.04339179823160259,0.04329110735478141,0.04385665357495014,0.043489172068333116,0.04352868448745728,0.04353449821204511,0.04322373490444126,0.04350069074169137,0.04298321330564985,0.043118122917456446,0.043555441002439535,0.04326381375610001,0.04345216110260722,0.04377422168297487,0.043792629519165516
7.32,0.04369366966374136,0.043425895723336314,0.04317971425825882,0.043496731251107784,0.04378956382264247,0.043380354552411855,0.043754909180865297,0.043537008783490073,0.0433918654145423,0.04328897964270741,0.04385747747158976,0.043463515306756066,0.043522874524064434,0.043509569687818515,0.04324485459570687,0.043522618914825964,0.04299417698817507,0.04312254037945889,0.04353512593042515,0.043265662634846214,0.043450756108137985,0.04377342364266494,0.043798711522426446
7.34,0.04369191855588486,0.04343107304987421,0.04316342685608048,0.04350092736151257,0.043789408364089726,0.04338500002964988,0.04376341578175079,0.04353776276918021,0.043399856727474234,0.04328715565979516,0.04385755899335782,0.04343235672045235,0.04351898077787857,0.043484274467783746,0.043266123466683994,0.04355020610929228,0.043012000380064884,0.04311668607114778,0.04351353860807395,0.04326589386557334,0.043461530064012106,0.043767285172536974,0.04380362014785018
7.36,0.043684644571858514,0.04343550810442194,0.04314635913739659,0.04350501717197304,0.04377839190303151,0.04338742154066781,0.04377145246264916,0.04354027074804211,0.04340397278563606,0.04328321707302729,0.0438578630926963,0.043406041361334184,0.043524139955296304,0.04346131447562798,0.04328093410135071,0.04357575505850504,0.04302863643675757,0.04310921549245033,0.04349609076845722,0.04327435517259466,0.04347519020591894,0.043765853792204164,0.04380835458810241
7.38,0.04369266268718149,0.043437645271891506,0.04313296887323591,0.043494347526389254,0.043768202134728776,0.04339012677983215,0.04377883381856081,0.04354162826313979,0.04340868096270889,0.043280028141054264,0.04385814700187744,0.0433788659925019,0.043532886447319154,0.04342715675254221,0.04329014159660581,0.04359921026899288,0.04304582625766395,0.04310261696557876,0.043482568154448564,0.0432799036144215,0.04349642126163979,0.04376842628656392,0.0438127049411212
7.4,0.04369850583484962,0.043437322457858085,0.04312202961096539,0.04348396458428915,0.04376390752864296,0.04340242163902402,0.04378530288610625,0.04353637916258872,0.04342158893164459,0.04328116082671071,0.04385810107170467,0.04335705058570489,0.0435406448812389,0.043392232264809684,0.043296591838401226,0.043620434096927875,0.04306280132976311,0.043092042161325055,0.04347596345768896,0.043279497019858955,0.04350965930750035,0.04376600677863196,0.04381639174376481
7.42,0.043701039300067135,0.04343841730366729,0.043116088125457495,0.04347768758652267,0.04375577559691311,0.04341479303002459,0.043789546702276964,0.04353081758092479,0.043435668096694156,0.04327529918903856,0.04385636246498943,0.043339743014386325,0.04354897466768861,0.04336330188004609,0.043301245755658975,0.0436382265312331,0.04308736136396692,0.04307001793873332,0.04346848493908916,0.04328425755089907,0.0435266460370729,0.04376216461066211,0.04381808073398725
7.44,0.04370125578258652,0.04343454419077138,0.04311927377540406,0.04346988546927449,0.04374551373678317,0.04343161782040399,0.0437950473828471,0.04352764159401025,0.04344315812062858,0.04327285511880405,0.04385481836582065,0.0433274022244153,0.04355576026203397,0.043341874496220595,0.04330835166091929,0.04365615733708222,0.043101858112473634,0.04304247407711565,0.043462091059548964,0.043293620992161386,0.04353786274873451,0.04375569817220527,0.04382123749975457
7.46,0.043696962835574414,0.04342433761994061,0.043122120343555434,0.04346143492790771,0.04373625200701943,0.04344206182093879,0.04380184915521294,0.04353310070012477,0.043451309956415586,0.04327449286389512,0.04384744978876078,0.043321841040547114,0.043559150270087596,0.04331471641820199,0.04331750496460343,0.04367436306587832,0.043114013085652006,0.04302075621707903,0.04345649960242013,0.04330661327022622,0.043541936426648976,0.04375534476013251,0.043825888859177056
7.48,0.043693201605759534,0.043410609997418005,0.04312831602731584,0.04345892483082495,0.04372998389711233,0.043449577819249956,0.043808609739258264,0.043548267566227046,0.04346300394171098,0.043276494399608276,0.04383694729832982,0.043314466556645205,0.043567364247937106,0.04328578825006412,0.04332525167502736,0.043690893689385724,0.043121022958910564,0.04299972453889365,0.04345068809726723,0.043319738686395826,0.043542068951328644,0.043748379368813976,0.043830675856515816
7.5,0.04368890976129499,0.043407793017497774,0.04313714633807755,0.043452755567958405,0.043717394760464996,0.04346188095369897,0.04381455015941339,0.04356412155887676,0.043467125333775336,0.043287430774458326,0.043821401883702635,0.043310145102334156,0.043574944487494424,0.043253742622981664,0.043324365559574335,0.0437064988936923,0.04313929144853651,0.042986987755076034,0.04343635971727623,0.04333143074468855,0.043542608226182465,0.04373831074007156,0.04383480459287265
7.5200000000000005,0.043691852440481245,0.04340398642412951,0.043130267408176506,0.04344648306884379,0.04370678247729481,0.04347450760805419,0.043818704510905415,0.04357299548548244,0.04346729796741048,0.04329261843555849,0.04381190110838834,0.043309372512447035,0.04359531360617269,0.043232459222409224,0.04331711774093967,0.04371952746482613,0.04314918734926314,0.04298042785173063,0.04342280881678507,0.04334934247980689,0.04354829236406511,0.04372145820330873,0.043837295453520414
7.54,0.04369820627499844,0.04339008725963547,0.04312808437200272,0.043436582303212165,0.04369882394415437,0.04348250999742205,0.04382353548684034,0.04357674972752871,0.0434730295448477,0.04330288303244753,0.043801175362174205,0.043307596561034896,0.04360992896619865,0.0432157354235759,0.04332309140384237,0.043732501708976274,0.04315579068180031,0.04297560874767105,0.04340854148390615,0.04336429655435776,0.04355230710090749,0.04370637241798925,0.04383656164447606
7.5600000000000005,0.0437021148501981,0.043373640494751536,0.043124688783773533,0.043414935477848325,0.043689461349494425,0.043485102924352016,0.043828705815038095,0.04357489926104632,0.043479349238197476,0.043314695102602004,0.043800730776476116,0.04329942061341704,0.043624848856335635,0.04320520695476046,0.04333281978307882,0.04374514527146131,0.04316509902839619,0.04297984562282597,0.043385005691242484,0.04338381781313569,0.0435587585503725,0.04369104512464665,0.04384066261654952
7.58,0.04371115060248163,0.0433637328112548,0.043119136882940674,0.043395124447815236,0.04367707173126755,0.04347874027903923,0.043834304253913305,0.04356925846306811,0.04349560438475379,0.04332847793509931,0.0437951251137107,0.0432841095471162,0.04363804927889459,0.043192202053879095,0.04335107403325434,0.04375760195270929,0.043173240895788896,0.042981119805736843,0.043362333795871004,0.04341165018556661,0.04356668699873761,0.043670186873717806,0.04384401767338326
7.6000000000000005,0.043718215724579734,0.043347718510447324,0.0431117843435627,0.043376257515204714,0.04365639586071191,0.043480353079041696,0.04384011728707254,0.04356918703984025,0.043519544477749424,0.043333267341417646,0.04379377278659357,0.043274431933091134,0.043651433372347,0.0431833428087546,0.043374153310640144,0.04376970925451964,0.0431746272667274,0.04298461866547618,0.04334907373708671,0.043432711477035146,0.04357017273191945,0.0436446512988023,0.043844460177378676
7.62,0.04372005926894941,0.043330275292198045,0.04311567484398079,0.04336189260654743,0.04363786492803881,0.04348621350932896,0.04384784554637675,0.04357015359684101,0.04354351869529923,0.04332844823363054,0.04379146554214536,0.04326779162458351,0.04366722122779836,0.043172988842053374,0.04339617717223896,0.04378321174211463,0.043179588974288204,0.042981541219420855,0.04333255975178036,0.043446141722078765,0.04357918129715046,0.04361696467777076,0.043843219685385515
7.640000000000001,0.043723128780192626,0.04331588803728979,0.043120108586953976,0.043346027519832506,0.04361705864315722,0.0434838734116929,0.04385381488519502,0.043568918399894074,0.043564363761240586,0.04332970104761675,0.043789519349841405,0.043266768699976865,0.0436796391503281,0.04317404465008437,0.043414525086926656,0.043794483281605213,0.043197429984328316,0.042977466669428664,0.04332388183891312,0.04345228815447455,0.043578451082599966,0.043591243936686314,0.043837375041741004
7.66,0.0437299573508739,0.043306563222947896,0.04313242948296139,0.0433320547137535,0.043601481879566896,0.04347925758088979,0.04385708803513235,0.04356867518937394,0.0435839869454567,0.043326961891411754,0.04379343980660342,0.0432652046013739,0.04369143469957452,0.04317341287317524,0.04342799479525582,0.04380262640895059,0.04320860898530893,0.04297570692015475,0.04331475932565066,0.043464644052791074,0.04357736867229977,0.043554515516920196,0.04383182704957294
7.68,0.04373577866495485,0.04329499108000319,0.0431425055627309,0.04332879184349238,0.04358426707050801,0.04347462961884705,0.043860682141359936,0.043566214712668916,0.04360056818008839,0.04331601747804134,0.043790378139361465,0.04326569428688369,0.04370745257290443,0.043169579552805704,0.04345430104127146,0.04381069008956526,0.04322327638311937,0.04297515324049946,0.04330347888333058,0.043472642224935694,0.04358023243408703,0.0435179428031142,0.04382473199542661
7.7,0.04373744104778133,0.04328242774352651,0.04315490487274947,0.04332513532158217,0.043567779017372875,0.043476177460595476,0.043864351253516114,0.04355764452689058,0.043611944333432545,0.04330006707625039,0.043792227436691776,0.043276279445953,0.04372061928856444,0.04316989056357824,0.04346711030917249,0.043818461578578716,0.0432376480801546,0.0429782702372464,0.043282725723828554,0.043485749084679,0.043587818541201105,0.04348209250335541,0.043823234553298736
7.72,0.04374703833018963,0.043267012537027465,0.04316668984194035,0.04332650053103221,0.04355150232589003,0.04347449954645717,0.043867921438789925,0.0435563549596423,0.043618180935742164,0.043273767659567884,0.043791513449969025,0.043279826062292866,0.04373452665201023,0.04316732982586928,0.04347579427106121,0.04382579730315153,0.043255135826440506,0.04298302656337551,0.04326802346719332,0.04349166901991209,0.04360442380473849,0.04345358067988294,0.04381988496782375
7.74,0.043750991693049066,0.043251994434244205,0.04318756496496051,0.04332530769037014,0.04353618149193709,0.04347551434867163,0.043871472400654164,0.04355680034758203,0.0436370536535349,0.04324842215762783,0.043796169912093376,0.04328632048620714,0.043747902925387695,0.04316243648000187,0.04348497487050478,0.04383280457663312,0.04326642638896009,0.042983876030927445,0.0432437022375142,0.04348897548772713,0.04362267229222446,0.0434306816465603,0.043811753482626885
7.76,0.04375212020883705,0.04324476681668616,0.04321021380570884,0.04332158638119594,0.04351284914541094,0.043473488698725304,0.04387433153974012,0.04355031690103466,0.04365576781368985,0.043229777455932344,0.04380422822826397,0.04329603937245178,0.04376090205236541,0.04315799997807611,0.043497769308196634,0.04383883675879083,0.043268743389625636,0.04298132839851319,0.04322854801183185,0.043490634199071294,0.04364337634616397,0.043407223173389305,0.043799152016298755
7.78,0.04374990327442617,0.04324782705920915,0.043235764493555935,0.04332534163028379,0.04349750642917393,0.043462392727135646,0.043876462973354353,0.043548039688979495,0.04366149587252549,0.04320624257464862,0.04381211299286713,0.04330854490682543,0.04376967963865846,0.04315691274931736,0.043508684703449964,0.043843881224883564,0.04327269250766529,0.042982153647126146,0.04320961629447921,0.04349259950152724,0.04365985574457367,0.04339275361388532,0.04377953575144868
7.8,0.04374753986288112,0.043254727915781055,0.043261580460994715,0.04332692881135389,0.04347807892254867,0.04345243623420119,0.043879174079558096,0.043542022390074896,0.043679718023349426,0.04319243141064445,0.04382010016655246,0.043313636400788565,0.04377881848254618,0.043147890724161204,0.043515706586514546,0.04384926577863757,0.043279221818189675,0.04298433738187179,0.043193021594098116,0.04348496565063513,0.04367513192890122,0.04338286502055229,0.043760400355163855
7.82,0.04374237075916892,0.043266614522687666,0.043286626857764014,0.04332961247784649,0.043461644930647844,0.043440920431136766,0.04388015469054795,0.04353425714650707,0.043695240142358496,0.04318115477207585,0.0438239054594492,0.04331644013753671,0.043782755579513964,0.04314381016799546,0.043520350842340204,0.043852701414855824,0.04328393262214862,0.04298749142614051,0.04318412990815007,0.04348181477096633,0.04368528711439165,0.04337613192758437,0.043742651898185984
7.84,0.043740549363436715,0.043277223945615804,0.04331355171035383,0.043323986294796134,0.04344891602313861,0.04343164620195234,0.04388193877398584,0.043524627644457074,0.04371219953173845,0.043177500336729395,0.04383030572533075,0.04332484476875126,0.043778216765357265,0.043136739309351614,0.043525082707621995,0.04385673849494444,0.04329202316660072,0.042996105343400426,0.043172131216525564,0.04347046616742404,0.04369790536216994,0.043362932503626335,0.043724368642691296
7.86,0.043742750225522015,0.043282193229269794,0.0433402996627095,0.04333292794750671,0.04342467422562661,0.04341416032301168,0.04388578873484769,0.04350762578051322,0.043729971558196114,0.043175697721062646,0.04383582767290336,0.04333648223864454,0.04377027584983492,0.04313251129071098,0.043530936812856684,0.04386265539055397,0.04330942501196789,0.04299276103141373,0.04315589686792876,0.043458822477193654,0.04371476231835237,0.04335120469544856,0.04371234893392487
7.88,0.043738539277843026,0.043286477517307256,0.04335819492564195,0.04333850579240148,0.04339971409433748,0.04339644316584004,0.043889996613169065,0.043496489129455716,0.043737498081768356,0.04317188526703171,0.043843850353407474,0.04333919585190949,0.043766612449397176,0.04313768717344735,0.043546077882285476,0.04386876034702279,0.043329027829934585,0.0429930279711167,0.04313845136448229,0.04344268067839038,0.043732995426802625,0.04334545441920219,0.0437024343878054
7.9,0.04373768904360783,0.043286271994883815,0.043376953345142834,0.04335468412660047,0.043378143714021954,0.04338379036598402,0.04389335313779996,0.04348598430858106,0.043748052747943536,0.043168167187081996,0.043850991647032794,0.04334083967480432,0.0437625538138345,0.04314453087381453,0.043552815552072195,0.04387385860244798,0.04333887708859466,0.04298897479040076,0.043125919995180916,0.0434339421491535,0.043749228687821655,0.043334960494625464,0.04368941665856947
7.92,0.04373666696338625,0.04328612288749036,0.04339007516974121,0.043374980424908095,0.04335453377362287,0.04337064135615846,0.043896457343617655,0.043477923841282594,0.04376249018960569,0.04315914385580826,0.04385757018681635,0.04333404277002643,0.04375426260106777,0.043140751250744555,0.04355905329789459,0.04387856167849181,0.043350144469475,0.04299377001877855,0.04311613610196047,0.043436451738076205,0.04375567985735576,0.04332738760370462,0.04368715261998633
7.94,0.0437318465320693,0.04328736749078009,0.04339368996194415,0.04339602435760022,0.04333570172277336,0.04335441338471862,0.0438999204145951,0.043473876234906464,0.04377473883702742,0.04315627316432757,0.043864222140791574,0.04333020773497917,0.04374621449381296,0.04313420287746016,0.04357072678076917,0.04388349225666052,0.043362663943314235,0.042994186802611314,0.04310281281616097,0.04344477239480407,0.043761922785824504,0.04331989013679741,0.04368083273527162
7.96,0.04373038018356421,0.04328835741058529,0.04339005651564982,0.043410809942581216,0.043316866911039864,0.04334378674231608,0.043903005063051635,0.043471139451989396,0.04378808906028547,0.04315463606111644,0.04387023424316853,0.04332927412195762,0.04373869068784424,0.04313804437782284,0.04357607789165679,0.043887924104021286,0.04337151037993506,0.04299037087722747,0.04309115181213182,0.04345138237731201,0.04376724199513915,0.043313675916696444,0.04367729387290737
7.98,0.04373106490240111,0.043297474815008175,0.04339195255869763,0.043434727221456075,0.043290055133023635,0.043335907185338966,0.04390501172562474,0.0434585636907984,0.04379952144660531,0.04314602415702861,0.043874928857704255,0.04333104803183952,0.04373273671534888,0.043144278583510366,0.04358276601578207,0.043891167747956726,0.043380914047776525,0.042990041248212735,0.04307993715795627,0.04345250632050904,0.0437718453010245,0.04330387388880491,0.04367365324759148
8.0,0.043726936156263815,0.043301541699827036,0.043392492830763706,0.04345890259947734,0.04326583055511683,0.04332367736589191,0.043908337984912595,0.043446140997106975,0.043811497032672994,0.04313049829338467,0.043880721662322514,0.0433348643999182,0.04372537377407816,0.04315426154492846,0.04359280559620781,0.04389562909843873,0.04338281600518782,0.042990954784173314,0.043077232007557975,0.04345903743143288,0.04378372953818558,0.043294400268070736,0.04366231837407985
8.02,0.043726329813510496,0.04331352978549357,0.043383213881549185,0.04347588208779472,0.04324122766266729,0.04330855842550703,0.043911252161088515,0.043443285033749696,0.04382235164480187,0.043112980147566565,0.0438859002280538,0.043346441688938635,0.0437169946962216,0.04316422109948145,0.043600297896125,0.04389958533478388,0.04338870636024806,0.04299709127070293,0.04307728449114645,0.04345839620584668,0.04379002135312574,0.04328420557379099,0.04365224315780581
8.040000000000001,0.04373456776633666,0.04332884298040659,0.04337274615924316,0.04348994227422576,0.04322133661264474,0.04328856055911374,0.04391328612599279,0.043438116481471466,0.04383167616447092,0.04309153316535958,0.04389001325463176,0.04335514149508835,0.043716463837141985,0.043173382395116755,0.0436085178822576,0.043902576072940534,0.04338520667305547,0.042998797315908985,0.043076953272996134,0.043460804266488844,0.043794005120583325,0.043284226627888917,0.04364330349663602
8.06,0.04373772231426203,0.0433450771520881,0.043361516529949067,0.043498578443298866,0.04320823258497595,0.043265194040945955,0.04391511013868218,0.04344207139423971,0.043840192921622806,0.043072560805410234,0.0438937458502689,0.043358281156509214,0.043716411142127605,0.043176068051620484,0.04361334743519041,0.04390527840546885,0.043387041357357665,0.042998159136099466,0.04308231986012446,0.04346460441030796,0.04379182086205974,0.04329282399723163,0.04363384201015883
8.08,0.04374032169517125,0.043360799060668226,0.043346951717434315,0.04350480265289868,0.043190395277032986,0.04324141239493345,0.04391372507790989,0.043449368243300306,0.04384495653173019,0.043068139879387166,0.04389411421792319,0.04336365810082384,0.04371516828618077,0.04317913658307137,0.043617689806765524,0.0439047002632405,0.04339069559024317,0.042996261950434135,0.04308290171536581,0.0434723968802227,0.04379526638282519,0.043306867892662054,0.0436202697997752
8.1,0.04373608952624907,0.04337164006732576,0.04333981200903739,0.043504072997446824,0.04318072140060597,0.04322474872792835,0.04391392306463712,0.04345802702944787,0.04385079643804879,0.04306939022537096,0.04389592112182709,0.0433598440014238,0.043715735941557046,0.04318178942325271,0.043619678748023694,0.04390563866519418,0.043405818578503494,0.04298367232966163,0.043076803969261744,0.043478970930479824,0.043796433509607366,0.043317177766376294,0.04361329352873307
8.120000000000001,0.04372871070473158,0.04338245555518976,0.04333575217843209,0.043507622854940135,0.04317430826308488,0.04319861093051525,0.04391264506562634,0.04346654225849027,0.04385469940962598,0.04307106095164027,0.04389612059026966,0.04336159294596225,0.04371809300463155,0.04318641908461674,0.043614944976383664,0.04390504058893822,0.04341965541887702,0.04297614173615836,0.04307223750121308,0.04348792962682493,0.04379320690463824,0.04333033702375571,0.04360587242545393
8.14,0.04372082723878348,0.043393012056505566,0.0433319395921616,0.04350836309300281,0.043176833625253805,0.04317922918107487,0.04391138070671029,0.04347895654479987,0.043858190915754734,0.0430765967030782,0.04389621247063292,0.04335983196346564,0.04372007766479391,0.04318168626426679,0.0436059940142436,0.043904400364208604,0.04343972598602509,0.04297757357822353,0.043073325146820184,0.04349079661915562,0.04378318002534941,0.043335407699833225,0.04359645854585626
8.16,0.04371386725120646,0.043403321795538616,0.04333632717949312,0.04350470394250515,0.04317698495511155,0.04315118342315295,0.04390881113432926,0.043487432143082934,0.04385998843948614,0.04308562526020103,0.04389488827153906,0.043359422062978145,0.043722016242119965,0.04317744338830814,0.04359252157715009,0.04390240390606727,0.04346200742020231,0.042982477287220495,0.04307693384276022,0.04350290473999573,0.04376682625363512,0.043340441249787504,0.04359146823412876
8.18,0.04370685504328083,0.043415407049600924,0.043334421793079815,0.04349758974355873,0.043179399969547894,0.043116217500125516,0.043907676567008225,0.043493619242752767,0.04386286116275593,0.04309979287258943,0.04389489647106519,0.0433643892245903,0.043724021364050666,0.043185997324995964,0.04358053200542744,0.04390179523404165,0.04347374930205614,0.042981375270189644,0.04308094506779986,0.04351435222725215,0.04375016563544833,0.04334685609715919,0.04358708383162352
8.2,0.043707566115651034,0.04342592025151503,0.0433390987412984,0.04348679730108696,0.04318030277481614,0.04308816962856925,0.043907397913370394,0.0435098462819371,0.043866260172878035,0.043108893450667686,0.04389566658395044,0.04336987954945712,0.04372971019425645,0.04319334124772455,0.04357550742233287,0.043901999217244254,0.043475976440665594,0.042969842157119846,0.04308617360380968,0.043520138162865526,0.043733517640341314,0.04334843934229887,0.04357955580614326
8.22,0.04371264594146599,0.043431695197622626,0.04334540430551665,0.0434773301896833,0.043182690102185416,0.04306159808295881,0.043906560607869155,0.04352964612126056,0.04386879923301247,0.04311166386190156,0.04389579212320052,0.04337537558197839,0.043741219027952534,0.04319408183464722,0.04357366194607738,0.0439016050078358,0.04346756545459511,0.042960803457366845,0.043089401826004334,0.04352270440007885,0.04372345917410349,0.04334515210733524,0.04358114441534776
8.24,0.0437108445457179,0.04343975962908885,0.04335276676079767,0.04346902390910995,0.043184125673271255,0.0430433396711854,0.043905493892013946,0.04354220823963402,0.04387083200413146,0.043107798580830796,0.043895609294070534,0.04338324415371099,0.043746025929585194,0.04320314964078842,0.04357350568855017,0.04390094505200484,0.043467420714059866,0.04294913764945465,0.0430964502977767,0.04351570116245248,0.043706569076390665,0.04334727684517352,0.04358877159020074
8.26,0.04371309709750212,0.04343901003841781,0.04336150884600237,0.04346231014402552,0.04319232669340607,0.04303103486769638,0.04390424462794837,0.04356205814134679,0.04387242801415419,0.04309965285152039,0.04389517142234738,0.04338606279063674,0.043745217399785895,0.04321133929637803,0.04357037455904426,0.04390006918642967,0.043466874079436696,0.042937545310127966,0.0431066130877206,0.04351540474206391,0.04368766697889747,0.04334592891444751,0.04359406091066377
8.28,0.043709831129937614,0.0434287060992526,0.043370258451623636,0.04344522700783135,0.04320396464432829,0.04302625413060409,0.043902600349587165,0.04358285530798248,0.04387339578218999,0.0430881929767542,0.04389427202633453,0.043389709239319466,0.04374938678024758,0.04322808916052419,0.04356654951362286,0.04389876769900924,0.043468439386253686,0.04292194938698744,0.043119655861140194,0.04352185709337795,0.043668721804134225,0.04334257704431195,0.043598739124645285
8.3,0.04371051555422614,0.04341418846695633,0.04337429096475422,0.04344022571475999,0.0432204281362393,0.04302854039880917,0.043900438717581355,0.04359745494153412,0.04387363215391964,0.043076222099331964,0.043892794237715214,0.04339787468878361,0.04374991568417458,0.04323774929572355,0.04355619328056435,0.04389692076813485,0.043465345347901384,0.04291050177670847,0.04313469259747017,0.04353296116372483,0.04364858677239117,0.04333340531433764,0.04360712192425808
8.32,0.04370787964787376,0.04340618662193773,0.043377879349966814,0.043434835311183195,0.04323160969142581,0.04303093242245317,0.04389835637178199,0.043609940245698156,0.043873750965442895,0.043066602311895755,0.04388970112202887,0.04339943333147624,0.043751043684389104,0.04324325452606428,0.04355331101634379,0.043895127290400876,0.04347045034331889,0.04289918396504457,0.04314432143103143,0.04354602105254302,0.04363121442337659,0.04332547513488131,0.04361348973944174
8.34,0.04370744616218038,0.0433854529356782,0.04338018283490947,0.04343007488665104,0.04324250855159643,0.043026780142118054,0.04389773987593323,0.04362318453937089,0.04387515421789485,0.04305794935684666,0.043883059349916625,0.04340204889996184,0.043760067293122366,0.04324955393762363,0.043548830417320335,0.04389477585547176,0.043473530632091244,0.04288495115379576,0.04315383295575053,0.04355706018222852,0.04361889195520883,0.04332294899715212,0.04362397486717723
8.36,0.04370341486780721,0.043359802933550094,0.04338533982960735,0.04342515846987847,0.043247159986042914,0.04302380080916187,0.04389805137878117,0.04363770752021956,0.04387731926252013,0.043042029697169686,0.0438755090069562,0.04340893394764746,0.04377167719973611,0.04325160078078592,0.04354969519710592,0.04389533060718785,0.0434847795349013,0.04287475452193471,0.043161648495992605,0.043574619361467434,0.04360638587191967,0.043312289917731436,0.04363299080189516
8.38,0.04369610328530945,0.043342149277023,0.04339903593609812,0.04341621018512602,0.043253274349649755,0.043025592980132754,0.04389856713405508,0.04365117188509488,0.04387953634495307,0.0430304079567617,0.043870350223869856,0.04341343493762068,0.04378256352308433,0.043247979771721914,0.043552722428756,0.0438960696355009,0.043493268987543174,0.04285845664220209,0.043165152132418165,0.043591388806324016,0.04359307772887855,0.0432983104204404,0.043645175427436
8.4,0.04369272251280696,0.04332161704252869,0.043409496017909575,0.04341124835374957,0.04325656516925295,0.04302496659260432,0.043899160776696464,0.04366278747421157,0.043881691651931766,0.04302421015518711,0.04386793648231656,0.043420079924432316,0.04379267640853171,0.043246643341102065,0.04355249339016203,0.04389686822258278,0.043502766127473856,0.042842185668430115,0.0431609857900996,0.04360108078938715,0.04358987672325001,0.043286436510202614,0.043655504875150145
8.42,0.04368990286693642,0.04330117002095251,0.043413558485412104,0.04340538177216526,0.043257207643253366,0.04302126693942577,0.043900356338136534,0.04367353502358093,0.04388432049005336,0.043026404761453224,0.043867901879693125,0.043425278021672065,0.04380260861613426,0.043247345183733875,0.04355214395876632,0.043898251879556906,0.043517736868774824,0.04282211998439222,0.04316105823784627,0.043611472121614245,0.04358655150740595,0.043275670064059475,0.04365875733498089
8.44,0.04368902720275415,0.04328925396103287,0.043424384777411354,0.0434056365800772,0.04325544649430582,0.0430192356861455,0.0438993019258036,0.043679127103908325,0.04388458248091029,0.04302685514818778,0.043861716660596996,0.043427630370319645,0.043802861000622244,0.04325589438229425,0.0435587348048439,0.04389737022490868,0.04353220480452872,0.04280604990263763,0.04315542872731837,0.04361741200297848,0.04358351099173296,0.04326644273726226,0.04366189202941902
8.46,0.0436816603196003,0.04327200652450146,0.04343854854794055,0.04340626204181747,0.04325743128294128,0.043013228351737806,0.04389184807124226,0.043681256031601216,0.04388578590635274,0.04303952331089981,0.04385827532712826,0.04343137801506558,0.043804920454895854,0.04326272014408172,0.04356514670261645,0.043897524145722254,0.04354610523215052,0.042794880264814684,0.04313913472080013,0.04362199931038489,0.04358259327731019,0.0432608129062939,0.04366695911010051
8.48,0.04367587303554462,0.04325730625321799,0.04345282727544598,0.043410063295192286,0.043248865009182444,0.04300713956980758,0.04388856708658048,0.04368578126894183,0.04388662968900564,0.04305349952341646,0.0438441134287582,0.043436707996126804,0.04380150017607745,0.04327303679071512,0.04357357051079422,0.043897404493730564,0.04355884871592831,0.0427782557352559,0.04312491647381442,0.0436291035940633,0.04358108002506224,0.04325890177665385,0.04367600827668438
8.5,0.043666190656958495,0.04323875671849643,0.043474262845870075,0.04341546718977164,0.043241652917027584,0.043004232173445955,0.043878855603075986,0.04369006419303165,0.04388750165398366,0.04306500122047479,0.04383215019956768,0.0434413926126471,0.043803230780290914,0.04327893979352917,0.04358362207930795,0.04389739212145142,0.04357623222507809,0.04275467389063536,0.043110108993551575,0.04363735996886453,0.043585920549090135,0.04325267406198474,0.043684317551865054
8.52,0.043653451185636294,0.04322163826101529,0.04350218675699801,0.043423454684527046,0.04324485535297115,0.04300778961096082,0.04385772610529201,0.04369640219737826,0.04388856198774282,0.043076083932327834,0.04381898214916651,0.04345050756431308,0.04380678430670698,0.04327326810173978,0.0435972682533512,0.043897640753306495,0.04359436303066778,0.04273902326566761,0.04309313137956354,0.04364050845790975,0.04358180700798785,0.04324551457723863,0.0436890510775314
8.540000000000001,0.04363236821492055,0.04321170158542444,0.04352377335806556,0.043430634824337976,0.04324010610776746,0.04301402541959672,0.04384210773028795,0.043704430418862635,0.04388630600578856,0.04309630416144645,0.043808231192059906,0.04346659316727937,0.04380878481680945,0.04326716985398384,0.04360750193457482,0.04389712687831005,0.04361109806106045,0.04272675075019025,0.04308218542554989,0.04364756147283145,0.043579216982755804,0.04322746379856851,0.043688557839528006
8.56,0.04361935194026933,0.043204541575607755,0.043542260429423524,0.04343978474457454,0.04323854889152694,0.04301613104876192,0.04383060047840279,0.04370458306249448,0.043887117553950826,0.04311355506380261,0.04379538646334955,0.04348164867994399,0.04380171968431639,0.04326366331399644,0.04360439173024935,0.04389705028853506,0.043624932992730694,0.042714760024041065,0.04307963544827198,0.04365307415504908,0.04357976440463251,0.0432228387105486,0.04368465931552065
8.58,0.043599799341090394,0.04320326991920686,0.04355070163546228,0.04345552420017582,0.043244018261328995,0.043023299121185556,0.04382750840460473,0.043708563929781445,0.04388659217664453,0.04313537896788225,0.04377961150553659,0.04349513682913573,0.04379709657749382,0.04325829366798276,0.0436016973129689,0.043895709404527354,0.04362090285678632,0.04270769180041661,0.04306993671741487,0.04366034007257476,0.04358465567373998,0.043215441992823816,0.04367882963123559
8.6,0.043584483144575366,0.04319814787122504,0.04355150717982096,0.043471525381616624,0.043251334814647546,0.04303285299989415,0.04382497950720709,0.043705517485688294,0.04388662965445871,0.04315341391938184,0.043774228734014924,0.04351164953776062,0.04379397968795271,0.04324293014942721,0.04360056663291042,0.04389499843024291,0.04362221396087591,0.04269161616346023,0.04306603136982031,0.043668359475913264,0.04358761638319281,0.043213327085968756,0.043672090429944625
8.620000000000001,0.04356998974701251,0.04320007415928026,0.043550667631877885,0.043484754998688695,0.04325867528280961,0.04304907995968018,0.0438231511977376,0.043693491085422136,0.04388646539686751,0.04316853121873759,0.04377139960482322,0.043528448675875145,0.04378570158919361,0.043224920650507176,0.04360359019361749,0.043894147127761726,0.043621149174575,0.04267193646834775,0.043065386747312154,0.04368191305989731,0.043588278950990905,0.04321672948618547,0.043661517592799105
8.64,0.04357035454113294,0.04319728651256645,0.04354348633812968,0.04349358655081684,0.04326730297377066,0.043062329323413494,0.04382065710125194,0.04368826262187135,0.04388702986602285,0.04317952482221088,0.043760616549543496,0.04354166227886513,0.043776491679683296,0.043210883805234364,0.04361613993239097,0.04389408107073403,0.04361501302863114,0.0426568487598399,0.04306101427762805,0.04368948028509763,0.04358759891725504,0.04322358395924997,0.04365676480466001
8.66,0.04357476789882544,0.0431918607899193,0.04352919743525514,0.04349811339631916,0.04327118758012211,0.04306752311695932,0.04381991432581155,0.04368749740825725,0.04388693893384932,0.04319208909892959,0.043757555554042905,0.043556860701565635,0.04376884703464666,0.04320352450420699,0.04363250606758651,0.043893411276939596,0.043609703681292994,0.04263016758881762,0.043060903721162336,0.04369302769956874,0.043584867140564795,0.04324136105430678,0.04364817399105023
8.68,0.043570895197911366,0.04318277750716603,0.04351818392944379,0.04350071657862523,0.04327163778171056,0.04307237847210744,0.043816870103091786,0.043682563206181316,0.04388672301139295,0.04320898088006753,0.04376194746564247,0.04356785888243573,0.04375613148744111,0.04319839837968182,0.04364805140536094,0.043892663995999406,0.04361215910003323,0.04260578973677345,0.04306464229690789,0.04369744344632742,0.04358507797640573,0.04326113075065859,0.043636978408634224
8.700000000000001,0.04356894820709087,0.04317088862595144,0.043517252036362204,0.043500139379921955,0.0432731738306091,0.04307868743341812,0.04381076354000961,0.0436807026365164,0.043884289652975986,0.04322682719097219,0.043763587981721204,0.04357818224103092,0.04373687858136383,0.043194849649861145,0.04366328188959172,0.04388974262417896,0.043617458542753444,0.042584801279902315,0.043070933437034054,0.043697154820449426,0.04357796746301562,0.043283014844992695,0.043630474110276804
8.72,0.04356117277141753,0.043159333553683524,0.043520557730397286,0.043496239502264236,0.04327945489951335,0.04308235750048946,0.04379492628043281,0.043673667056410785,0.04388336055463149,0.0432471497206307,0.04376548854293609,0.04358843602161559,0.043725689437473625,0.043190640379856864,0.0436741029369147,0.04388836574834387,0.04362581010635958,0.04257028358231608,0.043075489056475305,0.04369119221247334,0.043575755002275715,0.04330217641074748,0.04362835099234041
8.74,0.04355529466688624,0.04314333962531301,0.04352541301525563,0.043493940912277027,0.04328655149534765,0.04308456176693827,0.04378617532201508,0.04366610867248477,0.043882028804171413,0.043261015427022785,0.043768145843875214,0.043594518621136266,0.04372219107284924,0.043178915271283785,0.04367898685326328,0.043886622940054715,0.04362885305858971,0.04256021570765685,0.04308036325601847,0.043686222511184515,0.04357554350798148,0.04332858673320856,0.04362640491518603
8.76,0.04355096365038923,0.043119869062166936,0.04352611704228146,0.0434917469747286,0.04328700645780932,0.04308598506165293,0.043777048471902794,0.043655162447796776,0.043878973024916675,0.04328534578905164,0.043774447213389626,0.04360434301400152,0.043718993017975265,0.04316088463259885,0.04369261393627419,0.04388318968542689,0.04364545371936798,0.04254870664460197,0.043085363990544474,0.04368215690708949,0.04357310168127584,0.043349745589692394,0.04362278198506487
8.78,0.043549755617361,0.043096649555461976,0.04352674412422314,0.0434877416263986,0.04328455113610809,0.04308163494211984,0.04377218769898125,0.043645490677550365,0.0438777330253265,0.04330385299991183,0.04377829635439187,0.04361102853607178,0.04371965820253244,0.04314414800285502,0.04369831807762486,0.0438816033635979,0.043659664676411185,0.042537331798349426,0.04309216225512282,0.04368908400489355,0.04356611946666403,0.043371961819695916,0.04362428203834653
8.8,0.043550159064898376,0.043076182038461884,0.04353035149709366,0.043481900634626605,0.04328641932495509,0.043083203561134494,0.043758590558357936,0.04363483753015544,0.04387662801412112,0.04331747743485165,0.04377706760495189,0.043610381420637244,0.043720095505969,0.04313717305277308,0.04371194862828424,0.0438801804769325,0.043669406762489024,0.04252241263879182,0.043096076479495364,0.043697857817178665,0.04355938476762604,0.04339062262694238,0.04363164255927253
8.82,0.04353964118113365,0.043055551432132244,0.04353538559534369,0.0434842002228308,0.04328516621561878,0.04308057358007871,0.04374389599606762,0.04363152158541218,0.043873772528512864,0.04333527592788601,0.04377816250836801,0.0436078897475996,0.043727449352008126,0.0431318941032728,0.04372262479856245,0.0438770330865174,0.04367549603253714,0.042510867186680505,0.043108839475844915,0.04370566740140653,0.043549279369279756,0.04340212975875073,0.04363768291415546
8.84,0.04353028720745362,0.043038892258617345,0.04354609730392584,0.0434785447079096,0.04328766676468168,0.04307466780818488,0.04372810870980374,0.04362795735156708,0.04387167511543373,0.04335007039492896,0.04377987604122322,0.04360876039916386,0.0437373736682177,0.04312531026145356,0.043732945494052794,0.043874667790068066,0.04368200937786588,0.04250395855395759,0.043121865119060486,0.04370799666640162,0.04354584292858636,0.04341356051441313,0.04363186556302943
8.86,0.043520314502494606,0.04302309551431856,0.04355411985180101,0.043471459662921624,0.043287846161739425,0.0430655336942969,0.043721237413223334,0.04362214503466688,0.04386908627111395,0.0433618087695364,0.04378483056891203,0.043609270130918504,0.04374582072797817,0.04313340782493469,0.0437417564285618,0.04387183302978169,0.04369203974175072,0.04249974858018501,0.04312879248331356,0.043717036451031255,0.04354228772539859,0.04341034587581445,0.043626183555306834
8.88,0.0435135726247341,0.04300703932660099,0.043557479995081846,0.04346381826326053,0.04329051435991735,0.04306091924715175,0.04371213007798127,0.043624567032883796,0.043866292772929576,0.04337903178903588,0.04377633161944394,0.0436159638309509,0.043753157361012235,0.04313342747326754,0.04374942707129031,0.043867028038226695,0.043700654143079956,0.04249644338201851,0.043134630334942144,0.04372658792979038,0.04353697420263279,0.043416432777663085,0.04361757634610413
8.9,0.043509205612127656,0.04299687871162306,0.04355330914440686,0.04345249441258936,0.043295482499068054,0.04306240331775051,0.04370236579182835,0.043630595578361006,0.04386455511716387,0.043397054963776854,0.04377180614123934,0.043616033716806585,0.04376071537239134,0.04313430503454269,0.04375729157849616,0.04385531040873803,0.043706184861102164,0.042500353955333275,0.04314472159617756,0.04372971646909457,0.04352556546045556,0.04342619839848424,0.043607451858443044
8.92,0.04351077587938239,0.04299244612103833,0.04355158705251799,0.04344455263908859,0.043297487245814156,0.043061383424291166,0.043694615289189956,0.04363878446992271,0.043862957983122,0.04341069497764482,0.04377219991819718,0.04362618666855533,0.04376765014043784,0.043133333493159134,0.04376450765958274,0.0438267565632262,0.04370887922435793,0.04250133264986187,0.04314845723304488,0.04372775500880814,0.04351144197937781,0.0434391700819668,0.043607044297411676
8.94,0.043510175067129106,0.042991403209054625,0.04355194569461629,0.04343577771335137,0.0432893356505584,0.043066037393255555,0.04368551750025794,0.04364572400534479,0.0438612701282157,0.04342603709753609,0.04377796954208075,0.04364395402193153,0.0437710765986505,0.043133287956077564,0.04377090934691445,0.04380683086895916,0.04370154376454009,0.04249993293544618,0.04315083923910547,0.0437311536772444,0.043497600388291785,0.043447207149417105,0.043604471052021185
8.96,0.04351213313242151,0.042994028315027744,0.04355107227134379,0.043426498939965155,0.043292824099364684,0.04307344416450525,0.04367238539499314,0.04365280201982005,0.04385793068224669,0.043444349552431594,0.043779199063694575,0.043658479315263204,0.04376666119786362,0.04312920198263837,0.04377499812073345,0.04379200786259212,0.04369069704505129,0.04250421079256978,0.04314817702103561,0.0437334427642208,0.04347563228668164,0.043462628897987854,0.04360719507754811
8.98,0.043511601059990836,0.04300508704750455,0.043541562316560416,0.04342211348577577,0.04329545941160745,0.04307112260365538,0.04365787880384024,0.04365969056858926,0.04385510465146014,0.043462667564490534,0.04378112002889704,0.043672048433625356,0.04375621117536869,0.04312894782244982,0.043778989249116364,0.04376876056589544,0.0436760684758065,0.0425143478287611,0.043148900667683565,0.0437408497943258,0.0434534736379856,0.04349191255551251,0.043606082251097536
9.0,0.04350525312950635,0.04301076862527053,0.04352841389844319,0.04342883801444384,0.04330112412111194,0.043066308907473115,0.04364385955980264,0.043669980447724674,0.043852030149367914,0.04348778342359489,0.043779232001417236,0.043684023221090655,0.043748149408908504,0.043129266493438165,0.04378217229316601,0.043743199200492335,0.04366434432470825,0.042520629423588994,0.04314414872800399,0.043747168332517634,0.04343557384329929,0.04351669144752666,0.04361104100510339
9.02,0.04349445002826758,0.04300446196471684,0.04351195867508419,0.043435285589288636,0.043302732495614484,0.043064247349366334,0.04363589176196183,0.04367859224546221,0.04384963753812878,0.04350346817426398,0.04378279910318942,0.04369544116872315,0.043746019249811814,0.04313285911551755,0.04378552215960691,0.04372804778198047,0.04366295224559808,0.042527415906489945,0.04313676217999359,0.04375339560564783,0.04342139506079422,0.04353686152273799,0.04360980307775424
9.040000000000001,0.04348001079306891,0.04299969794804198,0.04350093548038511,0.04344912814085692,0.04329941215821555,0.0430624529742547,0.04363382904278433,0.043685378692621485,0.04384794309710669,0.04351122448854247,0.04378659823481633,0.04370642040802152,0.04375205668720409,0.04313114851885155,0.04378909747826946,0.043713569430299595,0.04366078879716608,0.04253575514310673,0.043123571955806565,0.04375881268050721,0.04340603028775301,0.04355678399951714,0.04360935356280264
9.06,0.043469616715229316,0.04299246206809113,0.043491852392017936,0.04344843224605303,0.04329093337694707,0.04307087396945664,0.04363170953318556,0.043693633008815846,0.04384736491801612,0.04352338437745279,0.04379106084708852,0.04371747134214663,0.04375594180736469,0.04312752288043037,0.043793354724283716,0.043700838674351074,0.04366049255484972,0.04253635199080656,0.043110721450240426,0.04376257772589615,0.04339687436096085,0.04357303185411433,0.04361349718220147
9.08,0.04345460126924409,0.04299433814812799,0.043487296866528004,0.04345108902223043,0.04328546058869109,0.043081250003478115,0.04363039384832833,0.04370103419027204,0.04384587243911513,0.04353280606985908,0.043794196084399474,0.04372665501147039,0.04376196353133284,0.04312531257530353,0.04379630142438041,0.04369220760154748,0.04366060097139503,0.042532657681352566,0.04309201029397796,0.04376410686569128,0.04339090032281506,0.04357678921363061,0.04362215597682907
9.1,0.04344055446544146,0.04299225297984315,0.04347720576590774,0.0434508822402398,0.043278122519847424,0.043092916134395365,0.04363411986814284,0.043705118077933466,0.043843569361282565,0.04355173958848854,0.043796141373395235,0.04373415292226698,0.043766558692015456,0.04311911141260693,0.04379807363118827,0.04368900249661903,0.043661683796198954,0.042524702888222445,0.04307791082359084,0.043760402263148195,0.04338634438876738,0.04358118944858867,0.043638244861869215
9.120000000000001,0.04343391058956398,0.04299021958574225,0.043469314375973324,0.04345269156632094,0.04326759450556361,0.04310657598706449,0.04364237834019311,0.04371528548962952,0.043843084878253176,0.043560033827599764,0.04379634597322056,0.04373468618791656,0.043772402709517856,0.04310784262349965,0.04380132784767721,0.04368203222726498,0.04366204126492556,0.04251942433724394,0.043074284406928995,0.04374907482472686,0.04337873372899411,0.04358608140591306,0.04365463331626646
9.14,0.043421771719431276,0.04298722629645628,0.043452900492449036,0.043458405868547614,0.043260429811339214,0.0431236015180851,0.043652494096118294,0.04372390031829403,0.043841193675172765,0.04356475630987128,0.043798297045328505,0.04374170613921685,0.043776322090639225,0.04310690979432369,0.043802869373763424,0.04367523684563475,0.0436641720177805,0.042515715308549834,0.043074646144704944,0.04373464740927894,0.043369166421626804,0.04358539711223508,0.043668234191152434
9.16,0.043406410650036566,0.04298243541189179,0.04344242474941032,0.04345808010682856,0.043251733453857084,0.04314587466384415,0.04366420005499948,0.04373243478559249,0.0438400873278322,0.04357383644942556,0.043800716545213836,0.04374676530219179,0.04378054780078657,0.043114181073216185,0.04380491305551137,0.04366147307530675,0.04365684072694988,0.042512886463187606,0.04308222333836105,0.043712187683843495,0.043360091563812195,0.04358831163567733,0.04368134408222361
9.18,0.04338688114161344,0.042978772617484055,0.04343870405697243,0.04346137017057595,0.04325147133800165,0.04316855344616372,0.04367672890699214,0.043739353841000105,0.04383815592162622,0.04357928083812254,0.04380202193762879,0.04375026640804634,0.04378351133052587,0.04311582743113378,0.043805873439322476,0.043646508385019454,0.04364913276497441,0.04250972007932618,0.0430936977943775,0.043686631262984894,0.04334866296247054,0.04359641045701976,0.043692463468618034
9.200000000000001,0.04337285040576015,0.042977155330716096,0.04343365899062238,0.0434661096788843,0.04324751346864041,0.04318968061426336,0.04368259564162747,0.04374629241395842,0.04383697287746081,0.04357781583579127,0.043803809138435165,0.04375630795848424,0.04378682011936628,0.043118009062292205,0.043807344043333425,0.04363460426794995,0.043642145709500715,0.04252203129203201,0.04311148233811067,0.04364802877132941,0.043332183374441204,0.04360333219595358,0.04370325647104648
9.22,0.04335797820248937,0.042979923705292335,0.043432313237028355,0.04346909448951517,0.04324452577105776,0.04320270749135088,0.043680287945424105,0.04375271565402632,0.04383594220907627,0.0435718026538425,0.043805504520018725,0.04376190792362484,0.04378991199351223,0.0431181282671387,0.043808748856734143,0.04362712558257895,0.04364601562024805,0.04253044400400518,0.043129994346988894,0.04361371969594334,0.04331954307979827,0.043608447496855975,0.043713217253449725
9.24,0.043335410008961,0.04298173170614753,0.043430228290450186,0.043478585045691485,0.0432436396560219,0.0432157578671704,0.04367583730554165,0.0437578807186338,0.04383426479977816,0.04356947696054761,0.043804753949754645,0.04376631724549103,0.043792018959870144,0.04312149175181598,0.0438093071497752,0.04361341292547627,0.04364819567308537,0.042536250541823695,0.043152648573318075,0.0435849974658651,0.0433094560841967,0.04361670764025029,0.04372162968033353
9.26,0.04331098903879525,0.04298152243055582,0.043433077745038885,0.04348944410334654,0.04323944205192256,0.04322769681405913,0.043667921471091095,0.04376204636010739,0.04383368354432824,0.04356081626474029,0.0438017053072381,0.04377132093710129,0.04379491009988573,0.043134627115218094,0.04381077728757225,0.04359420947831537,0.043652683447476824,0.04253799969395215,0.04317830358214268,0.043552525320146265,0.043306756896079546,0.04362723454594791,0.04373030646493839
9.28,0.04328297760754994,0.04298084566844513,0.04343276826200437,0.04349852531371518,0.043233678829184385,0.0432367493059585,0.043667787459756816,0.04376453740689,0.04383373880790317,0.043545712272042625,0.04380273416124843,0.043776501324418626,0.04379815186751371,0.04315051493850953,0.043812715047815774,0.043572376593579605,0.043662566367164486,0.042542587635967535,0.04319600595210069,0.04352837954478948,0.04330621404323188,0.04363507406032515,0.043738857529884705
9.3,0.043263296872468576,0.04297978225960128,0.04342612474615817,0.043505858381469684,0.04323225019202106,0.043251901092353225,0.043665900430746155,0.04375873642061885,0.04383364964253193,0.043527017896290335,0.04380169293109659,0.043777716200426815,0.04380098743511344,0.043165914093760666,0.043814353732145254,0.04356073014645898,0.043668734602984455,0.0425481875445387,0.043218664752982396,0.0435094411306533,0.04329881853149094,0.043643674727684795,0.04374656623640444
9.32,0.04324043985776509,0.0429824634972468,0.04343029428522336,0.043518547169046976,0.04323459237184151,0.043261837116464204,0.04365556219907579,0.04375792096811482,0.04383336726705201,0.04351114427501259,0.043796491461624815,0.04377602706670954,0.04380338955890735,0.04318363225995195,0.04381565728307739,0.04354871545011056,0.043670882096764674,0.04255298083637383,0.04323528993654455,0.04348992419922595,0.04329208362351488,0.04365531599441738,0.04375344122593408
9.34,0.043218497428046704,0.042976546164954686,0.04344039155452147,0.04353400887432788,0.04322968088898042,0.043273626896388126,0.04363997357306942,0.04375596071914282,0.04383363637850649,0.04349892637272371,0.04379261618820568,0.04377535886722829,0.04380612219966309,0.04321122588900608,0.04381738177812009,0.04354178048379804,0.04367978577375315,0.04255355948148523,0.043246802475655995,0.04346824806335173,0.043279962359597565,0.043665629033351014,0.043760278556122224
9.36,0.043200494562675204,0.042964786904019586,0.04345798381273673,0.04354475134569722,0.043219282069466694,0.04327867345230535,0.04363224002545013,0.043757446609555446,0.04383456849859726,0.04349293974455161,0.04378471048641521,0.04377031186050297,0.0438093150046958,0.04324196777408287,0.043819649447076045,0.04353436809606431,0.0436933589305783,0.04255606375079651,0.043254415509985614,0.04345316275183541,0.043262981486460156,0.04367355621905508,0.04376297165739646
9.38,0.04318560358430853,0.04295326390071557,0.04347970608449209,0.04355245335860937,0.04320182026892078,0.043291438681014996,0.043631295020685384,0.04375199160832481,0.043834675953283095,0.04348500896423701,0.04378867553354744,0.04376146224220611,0.04381149779214463,0.04327036961670525,0.04382098294979056,0.0435362544696893,0.043705070991110005,0.04255316053859413,0.043258248689465095,0.043442308293140636,0.043238561880621834,0.04368689566691705,0.04375925391147636
9.4,0.04316908119967871,0.04294565877333624,0.04350235887604114,0.04355667464715772,0.043185564087108205,0.043305930309781984,0.04362811066090036,0.043744223400195154,0.04383547781090594,0.0434747097292467,0.04379201970467382,0.04376097702157125,0.04381420409034681,0.04329553120999022,0.043822909897162685,0.04353471683028539,0.043716521879420434,0.04254751757334519,0.0432644624994335,0.04343860918320742,0.04321223625614347,0.043699839936204896,0.04375266442386261
9.42,0.04315111655794472,0.04293996293831884,0.04351756045704837,0.04355483242408564,0.04316940235981047,0.04331122047647458,0.043630126444143505,0.043746189929018985,0.04383799748933486,0.0434598236953377,0.04378643233036222,0.04376331105675418,0.043818470935914566,0.0433207598950003,0.043826461752630635,0.04353802191203646,0.043728811165092446,0.042542004865571144,0.043280482541266714,0.04344401078586412,0.0431870159952439,0.04370798387655647,0.043738000116189224
9.44,0.04314001747547683,0.04293185637693718,0.04352919225054328,0.04354814969617044,0.043154324341430995,0.043309471663100264,0.043631450333000116,0.043751820601542944,0.0438407336243927,0.04345085482700046,0.043783659551534,0.04376861666088993,0.043822810573757046,0.04333709240725002,0.04383014519188138,0.04354429279406737,0.04373843620955281,0.042534321023384905,0.04328988894865616,0.04344811081851778,0.04317450511343103,0.043710659376231906,0.04372959014125055
9.46,0.04312736102058135,0.042924533216862924,0.04355087299595823,0.04353685139752071,0.04313099321408471,0.043306321970709806,0.04362695780459632,0.04375309417421573,0.043842665696359515,0.04344048349598097,0.04378331380673591,0.04376710930560645,0.04382621468771766,0.043356069872717735,0.043832946904715814,0.043553258416125715,0.04374860408375876,0.042531449618600045,0.04330389533966823,0.0434595537999568,0.043160044156499024,0.04370513043652657,0.04373227458450107
9.48,0.04311999583488222,0.04292394007843651,0.0435715178818383,0.04352692326270278,0.043110295432894775,0.043302199246284374,0.04362494941734502,0.04375119746860688,0.043843766521343856,0.04343670016008709,0.043777097835295174,0.04376966005442595,0.04382866688572117,0.0433742367799117,0.04383443742831778,0.04355881985466434,0.043757431628008464,0.0425378059084481,0.043311443437940016,0.04346605444491018,0.043147609061811594,0.04368996140362586,0.04373528997249796
9.5,0.043116140905449886,0.04292641020122617,0.04359462492499874,0.04351933435481307,0.04308914052162814,0.04329466171231176,0.043621160561217925,0.04375012552138614,0.043845951407666874,0.04343263973528735,0.04376889321906337,0.043768878807804626,0.04383209176486873,0.0433853130314602,0.04382690132758465,0.04356263509877677,0.04376670639722125,0.04255102232108813,0.0433252427699185,0.04347163690810195,0.043138043544362153,0.0436797237327483,0.043732721231015195
9.52,0.04311154029464266,0.04292257261355569,0.043614567511834706,0.04351226621385667,0.04305959825473931,0.04328813595451902,0.04360893178469296,0.04374656205604404,0.04384655754233023,0.043424726850967044,0.0437630744362358,0.04377556385232152,0.04383383646924601,0.04340024614840421,0.04382526384273832,0.043573932554385054,0.0437665020290053,0.042569591076466545,0.043338444889202465,0.043479046732912405,0.04313285953849885,0.043671129283177144,0.04373505007022409
9.540000000000001,0.04311087537188486,0.04292599227901915,0.04363548899676517,0.043502854684905994,0.04302506828383409,0.04328476825576903,0.043600018360695846,0.043739963014378325,0.043848427424152854,0.043413931867463826,0.04376008129780817,0.04378326391401144,0.04383675103749325,0.043419224330878574,0.043818208958664784,0.0435874522644464,0.043774946270351923,0.04258480601162031,0.043346485372619835,0.04348575518875121,0.04312712144277972,0.04365347901966608,0.04373503635203907
9.56,0.04310940243975562,0.04292397051570893,0.04365373744104636,0.0434914584018501,0.04299360820372822,0.04328172633802924,0.04358814083593768,0.04373198063731024,0.04384918455539024,0.043419259618785955,0.04376490983446447,0.04378937374447225,0.04383846729732377,0.04343167906261572,0.04381655577155678,0.043598785130563325,0.04378173933357077,0.04260200563006845,0.043353280386451455,0.043501310841895895,0.043121511493403764,0.0436322573275136,0.04372565515855722
9.58,0.04310694012572239,0.04293211770113568,0.043658653797541545,0.04347976371532656,0.04296101420236541,0.043288260792487196,0.04357849613407815,0.04372654286458393,0.04384918130206997,0.043434822596600864,0.0437638814287921,0.043794284379920445,0.04383934454392037,0.04344295171755259,0.043819233207763146,0.04360829234935743,0.043787277190844034,0.04261346614953077,0.043365273306081,0.04351070640479835,0.043109842319595096,0.04361186877838491,0.04371778499154795
9.6,0.04310366794629248,0.04293766160374887,0.04366089469041899,0.04345823721713325,0.042930607977143063,0.043295062930001675,0.043576604010931705,0.04371875160594037,0.04384910966260964,0.0434585056060353,0.04375872952030045,0.04379872299677424,0.04384008107910477,0.0434568650417944,0.0438216220629199,0.04362229022771596,0.04379229150880344,0.04261833299692325,0.04336867700646507,0.0435178471996838,0.043107836178368546,0.04359936213612906,0.04370823879476167
9.620000000000001,0.04310486623951677,0.042939925398667075,0.04366108545366504,0.04344187419404962,0.04290176525539781,0.0433007968503296,0.043574851828325344,0.04371171473450576,0.043847198294326296,0.043482092403648656,0.04375224939692401,0.04380095327483614,0.043838911835731964,0.043473299686980195,0.043816721524544654,0.04363019593547808,0.043795050437614634,0.042624162306580254,0.0433777442976915,0.04352820742068475,0.04310864115971839,0.04358671932589531,0.043700972744887955
9.64,0.04310513104597501,0.042938712923849036,0.043653606491905826,0.04343199692452314,0.04288134180989298,0.04330336404826972,0.043575427162880244,0.04370001063701198,0.04384644813215674,0.0435061668605629,0.043744831093247526,0.04380250066099766,0.043838842623663325,0.043486593307396806,0.04381133294938797,0.04364565263652047,0.04379858559080461,0.04263363159601601,0.0433859895664529,0.043540177733593914,0.04309623093909443,0.04357566916909348,0.04369775609670332
9.66,0.04310390540191896,0.04294324810910137,0.04364207481992105,0.04342926458367192,0.04287203267854453,0.04330535674211797,0.043576861396716696,0.04368713628475746,0.0438454146929001,0.04352621290934571,0.04373948072403688,0.04379953698298751,0.043838434231495034,0.04349183422449124,0.0438062322643187,0.04365062270971979,0.04380069359759965,0.04264604634252047,0.0433926969428277,0.043551773380848854,0.04308853879105101,0.04355994737396621,0.04370265481514083
9.68,0.043105931301146,0.04294554738463312,0.04363012418315454,0.04342944167586708,0.042863530677847476,0.04330637199588151,0.043580291374982136,0.04368092107037163,0.043844510152325794,0.04354562630307534,0.043731130711194964,0.04379440634366634,0.04383810336304499,0.0434952024700597,0.0438058267059541,0.04365907437709195,0.04380090002840326,0.04265326428074606,0.04339828251046698,0.0435664997503315,0.04307818186527163,0.043545523695436066,0.04370130777904756
9.700000000000001,0.043104760754243035,0.042944183921623656,0.04362646253427425,0.043429983383892305,0.042861579312039814,0.04331383708338102,0.043590296051385376,0.04366845082242283,0.04384243919373233,0.04356271169885316,0.04372135381706034,0.04379257619368456,0.043836559097145955,0.043491715264359763,0.04379946607236582,0.04367224781999495,0.043792529994145006,0.04266208974476475,0.043410965990414975,0.043578061070605086,0.0430618767611501,0.04353944210491218,0.04369641131354871
9.72,0.04309679220990964,0.04294428720629949,0.04362615902886042,0.04343365361477229,0.04286455958559862,0.043318969443405596,0.04359228591472589,0.0436568792530292,0.043841873174505344,0.04357832561521988,0.043718644365722974,0.04379610794488323,0.0438364763076859,0.043484625935827616,0.043780180158080065,0.04368566822712287,0.04378675512129979,0.042661526712411135,0.04342325844651101,0.04358610212649776,0.04305329837790916,0.043533350746527234,0.043700220483194836
9.74,0.04308475873261565,0.042949892703892656,0.04363186869052534,0.04343693529692222,0.042865050558618695,0.04332315425213718,0.04359556989448761,0.04364288338726415,0.04384134390480069,0.0435839874425828,0.043719470907624985,0.043799339697797715,0.04383639055674752,0.043473686139258894,0.043762473051484646,0.04369797600303513,0.04378486399444649,0.042658545183731675,0.043431836662243276,0.04359089105531873,0.043044201717133045,0.0435355566865957,0.04370932348073538
9.76,0.04306677513618887,0.04295781831708793,0.043635518306206995,0.04344589596100789,0.04286690544732219,0.04332108090726267,0.04359958510730837,0.043630604283494176,0.043840471967673746,0.04358778559664569,0.043713370706908714,0.04380192003906832,0.04383592572971024,0.043462744707503824,0.04374381387340099,0.04370888731205141,0.04378084737406553,0.042658957793125,0.04344069906828465,0.04359162479030593,0.04304113731067681,0.04354832811134178,0.043719302153358154
9.78,0.043058916304646186,0.042963558198734556,0.04364604821973141,0.043460613609785086,0.042866077020413486,0.04331199107089669,0.043595190236819896,0.043622696098065086,0.04383947408647567,0.04359311673535193,0.04370210086736422,0.04380409085689093,0.04383530151749071,0.04346015527632142,0.043729692778258694,0.04371870476965714,0.04377123493717579,0.04266132315798644,0.04345049984201238,0.04358702214827867,0.04303776460488571,0.04355616407894077,0.043728263583817054
9.8,0.043051609275557616,0.04297460059681896,0.043655184800364635,0.04347847375635259,0.04286590147222801,0.04330205548700482,0.04359606716017946,0.04361884100151772,0.04383083472473231,0.04360019259135946,0.043687360445328005,0.043805548066433005,0.04383419307895792,0.04345726041152565,0.04371718256656276,0.0437234019150036,0.043763213280378896,0.04266766994931286,0.043454646770053604,0.04357441221294002,0.04304086115101156,0.043564535171022746,0.043735954115353796
9.82,0.04304719925828743,0.04298412548119271,0.0436547625121122,0.043498135301374335,0.04286332845817398,0.043292868232620234,0.04359740772966894,0.04361715345265975,0.043830583645424706,0.043597538084697636,0.04367483022657953,0.04380737539765513,0.04383366596322421,0.043461788417226366,0.0437080650496698,0.04372136758444337,0.043752703660334846,0.042673551124024316,0.04345446407582975,0.04356408727639217,0.04305290532049382,0.04356859209904806,0.04374350164886664
9.84,0.04305259982254661,0.04299101267176332,0.043663110132118474,0.04352081491627192,0.0428617634736061,0.04328787857169559,0.04360086542148086,0.04360984818830369,0.043823194582050536,0.04359443296987236,0.04366530656439063,0.043808219744166,0.0438323489254005,0.043467855205379935,0.04369291386421948,0.043720664563171724,0.04374340962265983,0.042682076801125436,0.043448558979308695,0.04355372707980049,0.0430570948342389,0.04357270592041871,0.043749597146010226
9.86,0.043057649895223135,0.04299358672766035,0.04367585453202779,0.043545257486788336,0.04286374193972292,0.04328899869799755,0.04360723183708279,0.04358767231619812,0.04382227390377314,0.0435956458153405,0.043651651880094525,0.0438090346003562,0.04383118010788099,0.04346798299962503,0.043673662755667586,0.04372401954067912,0.04373401948965444,0.04269021146029118,0.04344168220919639,0.043543743358417014,0.043057965709034474,0.04358170133795934,0.04375523139932898
9.88,0.043067105892638964,0.042993762114908324,0.04368833870109221,0.0435684759526456,0.042862215701833066,0.0432904550935445,0.043614843722708435,0.04356800701798989,0.04382272327534537,0.043597730120626794,0.04363316651002165,0.0438105721635636,0.04383089744269071,0.04347100879800562,0.04365583153099717,0.04372769631680136,0.043715672248746854,0.0427002510190193,0.043436249213695474,0.04353386175779685,0.043059560705558345,0.043590383435586695,0.043761191264183194
9.9,0.043074897609381074,0.04299965243941855,0.04369638756155017,0.043590297813637977,0.04286717113991373,0.043289725917209344,0.043616421228176654,0.04354994026098284,0.043821202680230056,0.043593680436001814,0.043612080738562015,0.0438124977715139,0.04383115265317741,0.043475956867390836,0.0436425382089017,0.043725410774797434,0.043696070577857175,0.04271303019609589,0.043432108704587864,0.043533433133243545,0.04305344726627569,0.043605720866239976,0.043767175154854204
9.92,0.043070074994113666,0.04300637445980563,0.043702728374382466,0.04361030115035964,0.04287792326517463,0.04329980462338723,0.04362314713870039,0.0435329351370856,0.043816064196464964,0.04358856810930573,0.04359422412480545,0.04381423987636879,0.043831361629391045,0.04347710087161601,0.04362624025674896,0.043720487126703345,0.04367880813609614,0.04272288745451846,0.04342667270565334,0.043528339369803756,0.04305804369570778,0.043621031260260866,0.04377264204354588
9.94,0.043062366996170116,0.04301513298343396,0.04370576185923215,0.04362930683746282,0.04289195809968254,0.04331162046617581,0.043631604688443966,0.043524632493413845,0.04381116907423712,0.04359341594865087,0.04357287006297432,0.04381648788141451,0.043832202736889515,0.04346824555698104,0.04361097610493433,0.04371040629363506,0.04366336122277825,0.04272833176374478,0.04341377686504669,0.04352367239894435,0.043067798899630395,0.04363659261607397,0.04377830815004966
9.96,0.04306972156715768,0.04301898385202893,0.043707813364458545,0.043647969201336866,0.042909282000889844,0.04331506133631476,0.04364576123992648,0.043524326624737326,0.043807063139325954,0.04358458084334766,0.043545382013170444,0.04381977434072309,0.04383419830630378,0.043458085332235386,0.043593173063230496,0.04370638846274393,0.043654424741848226,0.04273643530962259,0.04340777021808581,0.04351251307985372,0.043076545245787586,0.043647153129127675,0.04377759358774318
9.98,0.04307241512003978,0.04302087141628425,0.04370160592077848,0.04366379152831054,0.042928528775169034,0.04331601741317632,0.0436599268743321,0.0435273101543199,0.04380229081318253,0.04357870898577489,0.0435230812014579,0.043821479089856924,0.04383471780884038,0.04344500628253299,0.04358336571034926,0.04370678942545251,0.0436481747978162,0.04273700436523614,0.043404605427246765,0.04350477598614192,0.043082587080846224,0.04366107054064906,0.04377587528220584
10.0,0.04308283084185226,0.04302375754129037,0.043694273917392654,0.04367811974696319,0.04294869970006027,0.043309237579442605,0.04367356515010504,0.04352599722662625,0.04379787711586013,0.043578194071757136,0.04350436987998617,0.04382284915808262,0.04383499997063665,0.04343824271649188,0.043575049822483364,0.04370025297039451,0.04363935737455319,0.042736992831280074,0.043407845700445806,0.043499914546561984,0.043083963935050734,0.04366261530873096,0.04378099289395235
10.02,0.043082579758487526,0.04302543722257702,0.043696916932290684,0.043691095222562454,0.042967770962886245,0.043298088055246244,0.043684121488468564,0.0435226291308718,0.04379242603393654,0.04358773718721101,0.04348424666419946,0.04382393080066342,0.04383508306195936,0.04343799308047437,0.04356001654246091,0.04369211840542624,0.04362883121472082,0.042734686444333175,0.04341166077756677,0.04350396297286626,0.04309055867210253,0.043662595093041795,0.04378551427564693
10.040000000000001,0.043088444954056275,0.043029564257918616,0.04369249198945211,0.04370280196294255,0.042990449199771526,0.04329480810799985,0.04368832770351063,0.043513039834564816,0.04378847326054543,0.04359915223576655,0.043463356169842704,0.04382472057608151,0.04383495629944721,0.04343339042980685,0.04355020345948775,0.043678975779956254,0.04361703549155395,0.042735464677467166,0.04341151536491278,0.043512377436263384,0.04309808636823444,0.043665598126506854,0.04378676631391068
10.06,0.04309874077470562,0.0430364717581141,0.043688584753118105,0.043712802886843614,0.04300671148524016,0.04328211795121657,0.043688209423122265,0.04350841541357231,0.04378237925388726,0.043604743961879716,0.04344418398461263,0.04382469983158424,0.04383409418198197,0.04342581153942831,0.04353775632370273,0.04367096425165603,0.04360808391960871,0.04274866216235627,0.04341233794367895,0.04352543122905896,0.04310936201900143,0.04366076659269117,0.043788668358938874
10.08,0.04310603375074845,0.04303670257388428,0.043689080308144085,0.043722164112010395,0.04302157817775166,0.0432639490044089,0.04369372213473087,0.043502035629741226,0.04378000498193792,0.04361157391147565,0.04343273446234159,0.043824863594455254,0.04383348576842066,0.04341607662663922,0.043522462770745236,0.04365923455527649,0.043599354634403786,0.04276674471818642,0.04341337821155695,0.0435380364680546,0.04311675218871776,0.043661101781356404,0.043788929635012255
10.1,0.04311705632160096,0.04302982733585817,0.043690669943144904,0.04373027078239356,0.043037796502655414,0.04324960604024565,0.04369404375187745,0.04349445340270099,0.043781581935398155,0.04362137560184779,0.043422200764806886,0.04382452774999875,0.04383244112943161,0.04340787242535297,0.0435118229772922,0.04364816600092662,0.043593460152807864,0.04278045444817767,0.04341389164184466,0.043546969807161426,0.04311757761222518,0.04366479414240561,0.04378913952984534
10.120000000000001,0.043125166688864305,0.04303045919916178,0.043698529432033555,0.04373800867077752,0.04305318166037415,0.04322950158969734,0.04369532698378206,0.04348348994343923,0.043780687362048376,0.0436283396709223,0.04340926220593312,0.043824517737705466,0.04383178063920099,0.04340167570657844,0.04349942397569257,0.043635205631978445,0.04359146713474551,0.04278654559131955,0.043412059461240854,0.043559849005748386,0.04312416247446622,0.04367014987189653,0.043791209362393176
10.14,0.04313082695457014,0.04303670537574402,0.04370893576493786,0.04374516986866641,0.04306762568022384,0.04320897534514689,0.043695566318273996,0.04347554621880647,0.04377825029542929,0.04363981288232648,0.043395404141122536,0.04382456801828261,0.04383123392002063,0.04339545635355968,0.043486893161449255,0.043620728471878076,0.04358412546526548,0.042786172083049016,0.043415456667929064,0.043581395015794985,0.04312831533643042,0.043671008004009054,0.043791828657083774
10.16,0.043140509152413076,0.04304013115558723,0.043717934301768624,0.04375118959557175,0.04308024543602635,0.04319540331103974,0.04369007051926118,0.04347294068900609,0.043780964988922616,0.04364431440581334,0.04338032743303989,0.04382406041397787,0.043830178311150686,0.043386322061636666,0.04347901439283699,0.0436128685921019,0.04357189149988692,0.04278459107412819,0.04341913980523117,0.043599092771699634,0.04314118633546465,0.04366923025924507,0.043788393494190295
10.18,0.043144962462753685,0.04304610918105493,0.043725775332487726,0.043756296413095495,0.04309413341920202,0.04319264621672761,0.04368499252003682,0.043462505409151614,0.04378362370678804,0.0436529395310729,0.043357736204507925,0.04382317587402265,0.04382879076450798,0.04337950383755274,0.04347318246837551,0.0436052440196795,0.0435616630077509,0.04279074564119181,0.04341865565449798,0.04361670482057887,0.043153185391395864,0.04366587264203741,0.04378155548152993
10.200000000000001,0.04314891146789922,0.04305586963384883,0.043733334780062166,0.04376134668400627,0.04310452028380542,0.04318804886353423,0.043673393266723114,0.043457099386280194,0.04378642736629944,0.043663166438315804,0.04333494863668408,0.04382272789980922,0.04382788118304164,0.04337496594245939,0.04346063128220773,0.043595610403828505,0.04355211537517678,0.04279810284209316,0.043417566665122094,0.04363323109297492,0.043175609179696546,0.043661948683661446,0.04377254264246963
10.22,0.04315049718677893,0.04306272685907116,0.0437384713293827,0.043764179280436424,0.04311370041430533,0.04318666616994451,0.04365823461642848,0.04345121843667098,0.043784195981129564,0.04367407426809275,0.04332710566003855,0.043820511948670225,0.0438252413791784,0.04336453410931096,0.043453229626314156,0.04358279645755876,0.043547122535245515,0.04280439608035684,0.04341592747969212,0.04364660107689749,0.043198175592939016,0.04366127260481854,0.04376912090673849
10.24,0.04315308773232482,0.04307297067249117,0.043742784272920145,0.04376637755269832,0.0431191499015841,0.0431863423990345,0.043653312001594405,0.043442634406700924,0.04377513120904524,0.04368368435162609,0.043325773514240475,0.04381807643758861,0.04382241683706026,0.04336063165723653,0.04344884602539368,0.04356756584320248,0.04354058775302573,0.042801648267842295,0.043413065028602656,0.043658471035912416,0.04321782807438417,0.04365922045837176,0.04377039456711922
10.26,0.04314964667506994,0.0430949937200676,0.04374661269067563,0.04376826518248689,0.04313279566472319,0.043192478053964575,0.04363722284917503,0.043423065852007114,0.04376865033309822,0.04369237434086175,0.04333086317246637,0.04381571130664864,0.043819694663981786,0.04335788453896905,0.0434416593297041,0.04355972837533796,0.043532024521098736,0.04280271992958666,0.043413987571447314,0.04366923507759874,0.04322370535302698,0.04365946448319398,0.043767216314809634
10.28,0.043148897851288545,0.04311403949064262,0.04375001010798265,0.04376988140871677,0.04314811423943368,0.043195999044485796,0.04362633794355784,0.04340847123414484,0.04376386434379146,0.04369572285124372,0.04333283613848831,0.043813424489582725,0.043817080165436964,0.043358911408238034,0.04343723066654605,0.04355310530899058,0.04352807862667912,0.04280402533748431,0.04341377092491504,0.043678997781413355,0.04322311899048762,0.04365778448741701,0.0437602971590332
10.3,0.04313699905943327,0.043126216427075405,0.04375257231193197,0.04377080871543056,0.04316449486370157,0.04319804581948212,0.04361647987094171,0.04340140672857734,0.043760219190089863,0.04370079245784953,0.04333815650531993,0.043808784756025065,0.0438141242277716,0.04335220908861104,0.043432616748606094,0.04355337385625238,0.04352510732972881,0.04280769453462611,0.043413856413265305,0.04368740247438491,0.04322526510477715,0.04366643181100093,0.043746941705117254
10.32,0.04312428919298031,0.043138739274902256,0.043755303272248414,0.04377203943370659,0.04318001404941033,0.043206705259965755,0.04360576301434871,0.04339458658170353,0.04375770093447389,0.04370051960708085,0.04334508685431676,0.04380638380224117,0.04381179153769129,0.04334815905219134,0.0434253937226151,0.043554518176421954,0.043518825383820174,0.042809685148360484,0.043410359800077424,0.043695494718249565,0.043225637138801745,0.04367082621659347,0.04374217782779888
10.34,0.04310850389586048,0.04315237238491156,0.043758637057107065,0.043768468530853276,0.04320420216768077,0.04321104383040304,0.04360223213404628,0.04338519262337006,0.0437503370157613,0.043704238469966815,0.04335766671072551,0.04380118906506186,0.04381047922045507,0.043347787206243354,0.04341661221497986,0.04355274334531495,0.04351364019634815,0.04281044371661941,0.04340148579117296,0.04370374769554308,0.043228063254574456,0.04367466756617581,0.043736245906824824
10.36,0.04309177002563785,0.04316259110209316,0.04376217438783056,0.043769388231213784,0.04323130102460637,0.043213884712160845,0.04360574767706467,0.04336502541156977,0.04374382445369875,0.04370240929513133,0.04336978201482265,0.043795201788025824,0.04380975310564312,0.043348106216330215,0.043406423995611426,0.04354855734959292,0.04350953616599464,0.042815437926890736,0.04339584459929533,0.04371179907021055,0.043225609494314504,0.04367780711595842,0.04373802483630238
10.38,0.043071445070902964,0.043175793822503666,0.043764573174025746,0.04377119363021433,0.0432578814143058,0.0432131289870792,0.04361815486117697,0.04334338762203093,0.043742366078111695,0.04370142407179373,0.043381935177126,0.043793184224397846,0.04380823822191406,0.04334699511420854,0.0433950260458766,0.04354843296610064,0.04350875859186393,0.04282527322811309,0.043384543841635904,0.043718341565495804,0.04320730389859359,0.043684160436983824,0.04373845795554531
10.4,0.04304610539787594,0.04318346546625864,0.043768263844924,0.043774339930747294,0.04328804489624327,0.04320406080462315,0.04362705142731465,0.0433162143934112,0.04374788273872582,0.04370216683021716,0.04339304229011209,0.043787985309944946,0.04380833851212068,0.04334442887390672,0.043387116221009964,0.04354961879957958,0.04351601212596902,0.04283673755607359,0.043372893550765394,0.04372583365383515,0.04319175707728604,0.043694287488612336,0.04373435281044335
10.42,0.04301900100967447,0.043184824810768296,0.04377188791342733,0.04377746442019092,0.043315251810812166,0.04320256550785495,0.04363594537909162,0.0432923286207572,0.043753182552794034,0.043698415294274894,0.0433988802913157,0.04378726459658047,0.04380866761983209,0.043349199557339305,0.04338170097559628,0.04355020206181422,0.04352102307365136,0.042847183490163816,0.043356217972358974,0.04373294635557767,0.043181282434277546,0.043699298883749335,0.04373526536809714
10.44,0.04299303946677676,0.04319195634514193,0.043774934626997684,0.043780052597697704,0.04333817395837121,0.04320335474740578,0.04364237077958992,0.04326966289250797,0.04375776734078912,0.043695076233652326,0.04339708515259989,0.043784140660382255,0.04380869007063203,0.043353703500245845,0.043372354556778785,0.04355968361653865,0.04353077661213237,0.04285315583767269,0.043342193368324226,0.04373919509317536,0.043167691426635034,0.04370794224378151,0.04373699887217089
10.46,0.04297474040674613,0.043203545442861,0.04377727356616296,0.043781970655507034,0.04335839688267252,0.04320600975914612,0.04365012507476771,0.043255481441774386,0.04376151804862618,0.0436849327049431,0.04339581568791637,0.04377797309069513,0.043808253097678995,0.04335547015946494,0.04337113544815698,0.043564460392857954,0.0435463174370233,0.04285854559126189,0.043326107427277764,0.043744473108067644,0.043145285051885314,0.04370971202904844,0.04374245749545828
10.48,0.042953420222279,0.04320969076896434,0.04377895799387285,0.04378326876794532,0.04337624928697686,0.04321741796243439,0.04365887627830468,0.04324029933263873,0.043764498299470475,0.043673626596222495,0.043391266266985896,0.04377959998553948,0.04380738959298755,0.04336205864021011,0.043372025878896006,0.043568463369932725,0.043555062036178094,0.04286152829423559,0.043308995848388473,0.04374885523150984,0.043127930215273474,0.04371351373643881,0.0437470053943149
10.5,0.04294075539153096,0.04321219989782346,0.04378076596986736,0.04378472222511087,0.04339684749281313,0.04322822271158188,0.04366536761951999,0.043227485096667656,0.0437654834999125,0.043657760748444324,0.0433803614948353,0.04377904055012307,0.04380685934919742,0.04337839638315311,0.04337156193081551,0.04356981038556175,0.043560714267663544,0.04285918260088007,0.0432958559765229,0.04375313886405274,0.04311332252628081,0.04372070385984283,0.043751441157798804
10.52,0.04292934680114961,0.043214617982918736,0.04378333428035582,0.04378551052686204,0.04341508299418416,0.04323936119004619,0.04367631146809386,0.04321000570954659,0.043765419314151,0.04365142869603286,0.04336621025997213,0.04377205234830828,0.04380728223271722,0.04338991748354591,0.04337451900564829,0.04356476833431157,0.043565793412626175,0.042857208530026066,0.043287778478108975,0.04375797870622482,0.043101441113376,0.04372821054450702,0.043756420587286717
10.540000000000001,0.04291571195394422,0.04320958793602827,0.04378548241555685,0.04378747971909602,0.043429653980491846,0.043250457917411694,0.04368725960803394,0.04319880236838526,0.043757929801643024,0.04364988064055896,0.043354616374199725,0.04376527849851862,0.04380746123545185,0.04340700439952011,0.04337831464359238,0.04356084180851315,0.043570917625479114,0.042854943213056336,0.043279455716167294,0.043762211716302506,0.043093235110738703,0.043732691602829984,0.04376078171448028
10.56,0.0428994946954903,0.04320546457514258,0.043788796824974864,0.04379062995544081,0.04343843819193167,0.04326428047186931,0.04369864767268564,0.04318315432710493,0.04375237010765234,0.043653721073213185,0.043348737462256676,0.04375712545677235,0.0438089690439515,0.04342040117493521,0.043384189002211596,0.04355268181879167,0.0435832816841917,0.042850179473545635,0.04326952557940826,0.0437657920483214,0.0430785668233178,0.04373942608053311,0.043766126456257465
10.58,0.04288859058126831,0.04319801030229976,0.0437908472442379,0.04379218530069038,0.04344914705154653,0.043280684411962506,0.043708109987472536,0.04316824122508642,0.04374502331060763,0.04365187568915996,0.043347015104212495,0.04376174999182238,0.043809360940912964,0.04342776261212616,0.04339223355062356,0.04354987027855828,0.043590436163282745,0.042843749199922336,0.04325845208716612,0.04376859465784221,0.04306781894810594,0.04374020057004862,0.04377004079104443
10.6,0.04287660436186136,0.0431948989521796,0.043791476350772546,0.04379270435958445,0.043466883837496764,0.0432920054837497,0.04371352986042999,0.043154623525296705,0.043740573639097564,0.04365222056271514,0.04334416288122155,0.04376345461619226,0.04380846739970458,0.04343485690091088,0.04340408922807437,0.04353983915896695,0.04360045305297595,0.04284030830335713,0.043254668651906934,0.043771053914835004,0.04305879943520037,0.0437319444117802,0.043772381111689976
10.620000000000001,0.0428668221664325,0.04319381381174869,0.043793282293119795,0.043794409336710576,0.04347974951176873,0.04330737924956697,0.04371451219481083,0.04313543885190649,0.04374315147333596,0.04366386002243131,0.043344498438560856,0.043765821980512945,0.043808876361023825,0.04344084272082969,0.04340777018779675,0.043525961012627915,0.04360981302661367,0.04283602888480286,0.04325327133541029,0.043774538962201875,0.043050400447915575,0.0437140006911425,0.043775757038729185
10.64,0.042854328879580655,0.04319418719036455,0.043795319750567684,0.04379635413913611,0.04348525254206067,0.04332488631109046,0.04371548710548714,0.043129946827020656,0.043739873740862786,0.04367323317144203,0.04334831329324471,0.04376903546909879,0.04380963181951256,0.04344483665437877,0.043413225304192705,0.043510888502902585,0.043621406570707885,0.04282642699304936,0.04324804372877841,0.04377811732166942,0.04304291573553569,0.043699053690021875,0.043779235259294565
10.66,0.04285217714511043,0.04319945450164202,0.04379606463722994,0.0437970139636215,0.04349384178628069,0.04334291816798472,0.04371293142387079,0.04313744130265056,0.04374199786928904,0.04367301410497965,0.04334605165264746,0.0437689944507127,0.043809199763798407,0.04345779885756542,0.04341190073066237,0.043501094979721974,0.04363061356606924,0.04281545919824753,0.04325041587834428,0.043780276837315474,0.04302371068973617,0.043676325650350525,0.04378130284216904
10.68,0.0428418749145304,0.04321220150414438,0.043796516970291535,0.04379738822493,0.04350375030551739,0.043356386574350425,0.04371768436914317,0.04314751305512416,0.04374080647380721,0.04367920125404014,0.04333899765547659,0.04376933056333933,0.043808571875802706,0.043463153956904456,0.043410231384516274,0.0434824944005298,0.04363996334874286,0.04280291583282081,0.04325521628803383,0.04378202754491706,0.0430099328170896,0.04366087151389831,0.0437829691720494
10.700000000000001,0.04283605317971804,0.043216781264917035,0.043797001500938515,0.043797801105641986,0.04351423222595683,0.043359623055746095,0.04371589205149738,0.04315721192032444,0.043745872504827435,0.04368604894367673,0.04333516301432417,0.04377205084023628,0.04380806503933605,0.04347432454436634,0.04341080283649431,0.04346544056378099,0.04364865910063992,0.04278176757492643,0.04326084938319843,0.04378370365187282,0.04299633293741989,0.04365175491835813,0.04378456784180158
10.72,0.042831600791487644,0.04321480496756422,0.04379703429552609,0.04379776813571553,0.043525625978744056,0.04336512667282075,0.04371755767824838,0.04316417683832797,0.04375011046925432,0.04369216268986316,0.04333886234802365,0.04377413573390337,0.0438071878990232,0.043483942190684216,0.04341129590669829,0.04344274235735296,0.04366089250613467,0.04276874220757352,0.04326599352803784,0.04378403351854598,0.04298680417154833,0.043633775856295326,0.04378562325862647
10.74,0.042825102997155355,0.04321182589952882,0.04379738695083788,0.04379806044036016,0.04353918688318144,0.04336478328004847,0.04371298854767858,0.04316817369496187,0.043748587105748284,0.04370113993600426,0.04334715615106574,0.04377099689458918,0.043806705526826334,0.04349796543630587,0.04341261201766384,0.04341732028662475,0.04367244139727073,0.04276587817132748,0.04326527945424191,0.043785455351555654,0.04298472651942882,0.04361931270542444,0.043786914352170185
10.76,0.042817699403077274,0.04321077873764365,0.04379584531179401,0.04379911263464636,0.04355656415286339,0.04336349325739435,0.043718622672935074,0.043169401544507296,0.04375049388851106,0.04371016123426393,0.043349493483430965,0.04376949458878433,0.04380704689533458,0.043513935092877286,0.04340685951669763,0.043392550874266106,0.043683822378247424,0.04276530868378982,0.043264583576251375,0.04378434530451394,0.04297470744610251,0.04360679630972753,0.043788883012340185
10.78,0.04280831690221636,0.0432088718385346,0.04379851251640479,0.04380151128796057,0.043570859523439885,0.043364481181082264,0.04372605606550593,0.04317300447045618,0.04375034135795808,0.04371987107627427,0.04334762531220985,0.043761411221091784,0.04380879340740305,0.043531700645298425,0.04340886687451115,0.04337497224040762,0.04369569709169934,0.04276090467188368,0.043263311664142684,0.043780846319468124,0.04296037100751217,0.04359155085482033,0.04379212246971874
10.8,0.04280563486818385,0.04321327437496314,0.04379990016653114,0.04380265239321871,0.04358389552700852,0.043364698376185215,0.043731390821403184,0.04316947732799126,0.04375568941376718,0.043727724255078676,0.043341498270798515,0.04375469307000068,0.043809335811111294,0.0435448471867455,0.04340711126523608,0.04335918172113701,0.04370553774161659,0.04276307467089755,0.04326515300317831,0.04378216851632343,0.04295032096897733,0.04356870477027092,0.043794035479376076
10.82,0.04279867603697203,0.043225242971179335,0.04380106375368094,0.04380358969891552,0.04359192665367475,0.04336490819157105,0.043730218468176506,0.04317354799516972,0.043760487902583425,0.04373482197192349,0.043336560508324455,0.04374184597506307,0.043809723622277544,0.043556491940199636,0.043408623865773675,0.043341126955564864,0.04371392890042449,0.04276816114556385,0.04327090983372885,0.043784789957069,0.04294626622524312,0.04354140617993454,0.04379568124698606
10.84,0.0427935925484016,0.04323192400462795,0.043802521969873644,0.04380484025862839,0.04359626389428549,0.043364481782244446,0.04373285512979668,0.04317977529054907,0.04376053179813203,0.043740893821925884,0.043329934133093946,0.04372473703439537,0.04381046991573969,0.04356402119071301,0.0434086606941906,0.043318538999565497,0.043722550421922086,0.04277828515772424,0.043277805485063874,0.04378758603255962,0.04294896077957402,0.04352318770108802,0.04379758195590493
10.86,0.04278888680285206,0.043236278973294906,0.04380363620742295,0.04380576390013028,0.04360268843928231,0.04337029172215255,0.043731487828312036,0.04317992133748797,0.0437525768646371,0.043745324365810065,0.04332736450620478,0.04371247798639257,0.04381093071999082,0.0435791631023115,0.04340238800940693,0.04330277076317966,0.04373023944913636,0.04279045096701836,0.04328119820819935,0.04378992821490684,0.042948422485420024,0.04350870681414312,0.04379910233230759
10.88,0.042786595331817195,0.04324006727835927,0.04380464229946047,0.04380659506506754,0.04361277788466324,0.04337753482263857,0.04372419032152788,0.04317288077953603,0.043742982294103866,0.04375112453423321,0.04332899131402889,0.04369767622347203,0.04381133709763965,0.043588419742464884,0.04339858049991002,0.04328857420264799,0.04373727981579033,0.042803504323584554,0.043290354811769106,0.043791618701710604,0.04294272832611721,0.04350106315503256,0.04380048117442511
10.9,0.04278910598732283,0.043244557986030024,0.04380607080787534,0.04380786304858518,0.04362276723563225,0.043384832156262466,0.0437195089883763,0.043160246181860276,0.04374276720591146,0.043756952410259016,0.0433342226951697,0.04367905635085288,0.043812215267710876,0.04359270651571612,0.04338758187607954,0.043272003643083236,0.043744245781301774,0.04281981337035282,0.04329033144031606,0.043794117800309416,0.04294176606899761,0.043495015438558264,0.043802251743436646
10.92,0.04278777729639999,0.04323898946924842,0.04380767744771526,0.043809322370394144,0.04362659837692828,0.04339306845052808,0.04371450799671727,0.04315402045061026,0.043736790302017,0.043762596468499594,0.04333771762472495,0.043672122532563584,0.04381331684719854,0.043595466320817865,0.04337723186678358,0.04326643380493999,0.0437509342949817,0.0428406964103356,0.043285764584310334,0.043791059105616856,0.04294030827504813,0.043493427402101645,0.04380417230151873
10.94,0.042785064019597856,0.043236845411609576,0.04381011603598334,0.04381162578305276,0.04362945422262844,0.043397214991043466,0.043708870455932455,0.043153776128424706,0.04372946995031555,0.04376873969827982,0.0433435066593698,0.043669903867116396,0.04381529200379781,0.04359844387787882,0.043370218927143336,0.043257231502751854,0.043758035892856144,0.04285059063861175,0.04327934415780038,0.04378650626429396,0.04293921463991715,0.04349363593770747,0.04380689893388727
10.96,0.04278525404181866,0.04323575013218867,0.043812219690036625,0.043813605365633175,0.043638124274861356,0.043399193444405036,0.0436986509328626,0.043157293087561936,0.043724828691701065,0.04377424367233694,0.0433446055130818,0.04367355721365219,0.043816970295243486,0.04359816560033117,0.04336655860257089,0.043247055025708685,0.043764419508895126,0.042864043287094276,0.04327318166614916,0.04378129153424163,0.042929954466076045,0.043491766983181246,0.043809266970368264
10.98,0.04278826258394941,0.043232707069357466,0.0438144017846951,0.043815673592345214,0.04365282383020359,0.04339322174725384,0.043689545468960804,0.04316118650549762,0.043714230796234786,0.04377954644773792,0.043344698422792316,0.04367777312079726,0.04381876200873295,0.04359872122580034,0.04336480881389426,0.043242268802517435,0.04377052958531188,0.042872566772704596,0.043269826811739985,0.043770925497084986,0.042921254729864175,0.04349457267764279,0.04381169170488119
11.0,0.042794469498374975,0.04323315357540081,0.04381622031102986,0.04381738760292783,0.04366038280535438,0.0433877173964196,0.04368346942207438,0.04316035720184391,0.04370047570955654,0.04377971380459349,0.043350690039329544,0.04367914375229635,0.04382022221665786,0.0435921708860491,0.04336026719846563,0.04324045362170156,0.04377595348067883,0.042882327819538914,0.043269814021326965,0.04376819759954221,0.04291967864232317,0.04349400045192325,0.04381373294259065
11.02,0.04279862825759114,0.04323458034217091,0.043818345645059625,0.043817738858162605,0.043670104206768944,0.043390278962081176,0.04366271884494537,0.043157489858392774,0.0436940565108153,0.04377669264468675,0.04335815805345858,0.04368449944184265,0.04382201871673544,0.04359216529120354,0.04335361497405807,0.04323843875977631,0.043781387513662846,0.04288355394448458,0.0432729538632811,0.04377426892817583,0.04291916917859703,0.04348851522974385,0.043810621974305575
11.040000000000001,0.04280427460674432,0.0432438982717285,0.04382022087852827,0.0438196639518704,0.043684160575989506,0.04339014561442316,0.04364266786558601,0.04315998487535999,0.0436880873667623,0.04376898049397118,0.04336039006959772,0.043688558914739065,0.043823592130515704,0.0435994058893787,0.04334082226130853,0.04323590567301275,0.04378629963088595,0.04288158294390466,0.04327531084335765,0.043779765986136004,0.042915613186687324,0.04348010048958578,0.04381056747992644
11.06,0.0428063133877067,0.0432507087749712,0.04382177849287832,0.043821267331305244,0.0436927768234904,0.043391103001347214,0.043622206126412336,0.04316277213531472,0.04368214601076764,0.04376599695085122,0.043357529665808706,0.04369253561153737,0.04382487271443294,0.043609867315283296,0.043329614162267494,0.04323476854289757,0.043790644701632284,0.042885454741259384,0.04327427148788053,0.04378464795487741,0.042914872833083824,0.04347093287798505,0.04381291835600914
11.08,0.04280416117938224,0.04325748411791599,0.04382294407135092,0.04382247491697338,0.0436916613891553,0.0433947790283328,0.043609823669838496,0.04316959823541417,0.043678239696508664,0.04375928873641661,0.04335665707569853,0.04369661621393314,0.04382578401015676,0.04362013560911815,0.04333207419383884,0.04323382659602566,0.04379436885126029,0.04289167937012115,0.04328262508980395,0.0437759416478871,0.04291065284721063,0.04345437139421171,0.043814812059445624
11.1,0.04280274172330042,0.04326973462521147,0.0438253659420727,0.043824673812881326,0.04369728116000771,0.04340264955180095,0.04360249511762801,0.043170788593016124,0.04367604029812036,0.04375256227992513,0.04335723824767945,0.04368575969689829,0.04382797257547355,0.04362429621876319,0.04332847612274473,0.04322920230285864,0.043799138220907786,0.0429005019110415,0.0432927902220391,0.04377186321880566,0.04291051139856331,0.04344086067763756,0.04380705608262331
11.120000000000001,0.042799571020921204,0.043286105704466296,0.043827494381542535,0.04382685911321372,0.04370000937949786,0.04340518787859113,0.043585038924380405,0.04318430494528981,0.04367462913821274,0.04374739935170032,0.04335461618358129,0.04366891176088632,0.04382988687078448,0.04363272219604809,0.04332237771669336,0.043228409206341495,0.043803421360492756,0.042903827410240084,0.04330001423089948,0.04377167615769441,0.04291402356199385,0.043434636377109946,0.04379887712941857
11.14,0.04279753000548663,0.04330344955192714,0.043830450407301866,0.04382986731517863,0.04370143295001152,0.04340865876828796,0.04358066020699878,0.04319201397873021,0.04365978405209025,0.04374383011791839,0.043355656465754365,0.0436569657576794,0.04383264639530981,0.043639019117317476,0.043323319419746445,0.043223428616241996,0.0438083545647737,0.042904149019411135,0.04331099635482147,0.043771321926071964,0.04291913643478748,0.043425064773730294,0.04378226380042313
11.16,0.042795534919784335,0.04331941957637024,0.043832702044332233,0.0438321668486861,0.04369791850454654,0.04341313815581525,0.043572202960700475,0.043193384856698464,0.043650841048326644,0.043736156407063055,0.04335368210289743,0.043652771349779865,0.043834717649026564,0.043645897351893434,0.04332767792960471,0.043224348842634416,0.04381242120319658,0.04290350850378767,0.04331657787804619,0.04376723387743774,0.04292514807972781,0.04342207697779514,0.043770472931849366
11.18,0.04279702678836806,0.04333938353473497,0.04383552949178949,0.043835038249772355,0.043689223328602304,0.043418015922085225,0.04356864039405968,0.04318802869274159,0.04364002185454004,0.04372781817517453,0.04335510348776418,0.04365112445266913,0.04383737956236263,0.043648959500591694,0.04332429481768123,0.0432230555571221,0.04381691424074889,0.04290081394936304,0.043325272124085844,0.0437681444641445,0.04293020140627115,0.043417412749598164,0.04376259725572933
11.200000000000001,0.04279497877693599,0.04336379642077113,0.04383710154322041,0.04383665065560814,0.04368095451036235,0.04341544310373209,0.04356164420624564,0.04318527495953582,0.043635175577515554,0.043723705336040426,0.04335633581387651,0.043641578416014286,0.043838799634739786,0.04365083497892466,0.04331939388004222,0.043220226835185796,0.043820015492351885,0.042906530399726715,0.04332931629546178,0.043773197222143415,0.04294259349602132,0.04341027832275886,0.0437561741227852
11.22,0.04279706892310233,0.043386933324730696,0.04383737362598969,0.04383260590433053,0.0436754547557848,0.04342005650235327,0.04355456698268424,0.043187011913285,0.04363082771328474,0.04372020801217623,0.0433596316564351,0.043637296596120895,0.04383893218155934,0.04364455887958806,0.04331579919587476,0.04322003214337275,0.04382169157385017,0.042913430975869554,0.04333012024445717,0.043772180137613456,0.04295765136835114,0.04340103922446529,0.0437455281647206
11.24,0.04280173018006641,0.04341503414712703,0.04383713747532493,0.04382932653180172,0.04367025425980586,0.043421759116173235,0.04354780078624547,0.043193376457545674,0.04362777111762142,0.04371572234749452,0.04337431991571492,0.04362584697993283,0.043838567945068775,0.04363935908446812,0.04331750661961219,0.04321214716441344,0.043822744211752133,0.04291833393898349,0.043328084222942174,0.04376080076424748,0.04297078363115903,0.04339352448819223,0.04373806861430697
11.26,0.042811231206900925,0.04343518567990464,0.04383677283922933,0.04382339834277844,0.04366942083031189,0.0434218007245379,0.04353380204178636,0.04320063850522759,0.0436217729461942,0.04372078714288496,0.04337734160978632,0.04361457079037055,0.04383808574511761,0.04363823427568126,0.043317967997257435,0.04321198378780017,0.04382356249306316,0.0429280552339929,0.043329238152811395,0.04374817607617107,0.042977216403684126,0.04338981448476685,0.04373094268974091
11.28,0.042817477340010894,0.04345018577504716,0.043836113754449804,0.04381200757564824,0.043656976542598945,0.043424277590813985,0.043517255067558325,0.04321791781950168,0.04361514947190905,0.04372966118710938,0.043378240338367215,0.043603019944402265,0.043837318749607744,0.04363256508877741,0.043314099285861406,0.04321312129075034,0.043823989196774445,0.04294740114251404,0.04332997806425544,0.04373737986876386,0.042980878503832955,0.04340084382503112,0.04372414257641416
11.3,0.04282310867249907,0.043462806719443574,0.043836423584801436,0.04380341018720405,0.04364958795378238,0.04342580120539587,0.043495359573747894,0.043224865474732345,0.04361424092948192,0.04373835573887055,0.04337862153445988,0.043593251335143905,0.04383752956173678,0.04362296484782381,0.04331261024516833,0.043213395261710225,0.043825295339968276,0.04296900753379389,0.043329350741777344,0.043727427864341285,0.042982708387482554,0.04341119993500228,0.043722677371632525
11.32,0.042829229583770195,0.04346725363151168,0.04383623003890866,0.043796182959466655,0.04363714487259818,0.04343473439033141,0.04347410498681611,0.0432259934825736,0.04360855712156248,0.043733449638235174,0.04338621168573148,0.043589682317422204,0.043837245123191836,0.04360498812908436,0.04332049487499294,0.04321721507029714,0.04382601634812688,0.042986572669502426,0.043332253998537025,0.04372228985978976,0.04298835060709805,0.0434195919860718,0.043726206624379996
11.34,0.042837161969114336,0.04346743425779768,0.043834994065651785,0.0437874780841326,0.043616798139280426,0.04344578492114423,0.04345950445888539,0.04323297367537073,0.04360659406794688,0.04372906584916943,0.04339020674687525,0.043586892724765465,0.04383592570463282,0.04358659984744644,0.04332681088092347,0.04322373744953856,0.043825619994325604,0.04300376780811729,0.04333186594000142,0.043723306297056556,0.043002356511837134,0.04342124149238643,0.04372387911360011
11.36,0.042837580194023624,0.04346704814010705,0.0438337220820524,0.04377798520342312,0.04359467788714303,0.043449495380260335,0.04344293006319601,0.04324273339866685,0.04359883862320524,0.043727130979947355,0.04339149766738866,0.04358638287945036,0.043834577132692516,0.043573563171405504,0.043341798548246005,0.0432330873231286,0.04382511863602756,0.04301619157741331,0.04333478161836035,0.04372192025869682,0.043022434613845244,0.04342590068875207,0.04372060393256787
11.38,0.04284427159444141,0.04346046848398836,0.04382958250174447,0.043769345057193154,0.04356874315025781,0.043447963132547084,0.043423987568016055,0.04324470263655253,0.04359315150013871,0.043729073063980044,0.043399620763648,0.04358893457278259,0.043830367207019154,0.043563668491820494,0.04336440698455673,0.04324171490637339,0.0438216868647385,0.04302662035927627,0.04334149245818593,0.04372290613720146,0.043037631847640145,0.04343343190290334,0.043716228814994366
11.4,0.04285495753677869,0.0434574626494479,0.04382530117183128,0.04375958437671196,0.0435351487866784,0.043444071077091834,0.043399002927241755,0.043252309588955914,0.0435911124448504,0.04372606887613275,0.04340577160247276,0.04359779806988702,0.043826021311157065,0.043555764887825664,0.04337960477215847,0.04325688221831901,0.04381805519185191,0.04304085028272108,0.04334500112284492,0.04371596380651455,0.04306303887056387,0.043440784519037066,0.04370944390892563
11.42,0.042860172245370184,0.043444265990719315,0.04382034703685476,0.043760038863814334,0.04350716922320427,0.04343919570592476,0.043383133583060354,0.04326474753811865,0.04358875227456627,0.04372086710499277,0.04341622369298724,0.04360426866863847,0.04382100790729121,0.04354720236306596,0.043388282498440664,0.04326756486682612,0.043813697415344,0.043065276164299504,0.04334192868565267,0.04371070562898086,0.043085545520580006,0.04345083695218849,0.04369877006907908
11.44,0.04286400063830503,0.04343193939595057,0.04381541963164276,0.04376007542165413,0.043481295072318266,0.0434257461956796,0.043371470823724535,0.04327995054771595,0.04358494594884854,0.04371665236299337,0.04343080688941648,0.04360611783862579,0.04381602610586286,0.043541412653696716,0.04339193576579245,0.04327272271106703,0.043809317340184034,0.04308251255243195,0.04335275235014366,0.04370965948490013,0.04311219706448322,0.04346192200202041,0.043681121202542444
11.46,0.04287448452079654,0.043420795510112596,0.043810050276408795,0.043759262428406095,0.043461451353603284,0.04341262822744898,0.04336319156593228,0.04329777889749902,0.0435843994330704,0.04370989725791109,0.04344224680993484,0.043611779868165536,0.0438106068209961,0.043535136174906494,0.043386605137835633,0.04327788119532289,0.04380445037262234,0.04310146192251738,0.04335979060278533,0.043706608334142846,0.04313460916607323,0.04347413306257668,0.043660751060931716
11.48,0.04288224628320224,0.04340337668861898,0.043806959715163324,0.043757512246705696,0.04344481320301498,0.04340537757745602,0.043352668105990866,0.0433152052463335,0.04358676921593472,0.0437141373613944,0.04345472250652461,0.043613032124533366,0.0438074704621248,0.04352981952682443,0.043384135764011664,0.04328058697541141,0.04380182062315039,0.04311697844039408,0.04336189568213504,0.043700091376626345,0.043147450045109274,0.04349394687429179,0.04363898395504799
11.5,0.04289534151254487,0.04339314573897851,0.04380499759976529,0.04375961821989516,0.04342414797683181,0.04340180729800652,0.04334869770854126,0.04332752824216146,0.04358745788003678,0.04371540290513285,0.043462147578027154,0.043616408829648706,0.043805466327105747,0.04352458853854982,0.04337917847324233,0.043278598349696766,0.043800281305566284,0.043131277803072424,0.04336155439350612,0.04369483541118245,0.043158014823555926,0.04351474737472275,0.04361475571022898
11.52,0.042905562643524624,0.04339131641771552,0.04379802607702639,0.04376241619532794,0.04339671190499226,0.04339985238243628,0.043343205512910356,0.043341461959141674,0.04358856437701036,0.04371096004618813,0.043468855862123484,0.04361719680478769,0.0438044931686408,0.04352018864072941,0.04337535745155646,0.04327234068882002,0.04379973462949457,0.043146312209638056,0.043360741735443666,0.043696129730520165,0.043173406967954034,0.04353616466015667,0.04359099993386143
11.540000000000001,0.04292601350190808,0.04339226598354516,0.04379053300417097,0.04375512032459923,0.0433792315839864,0.043386245511458206,0.043341849735596155,0.043353219581502386,0.04358838550422719,0.04370591797763401,0.04347892170302911,0.04361504692280186,0.04380459682840877,0.04351660873966269,0.043371155607912604,0.043269295579777205,0.0438002295929204,0.04316478735906551,0.04335336430944298,0.04370468547255078,0.04318029550347278,0.043556411487619046,0.04356581818470849
11.56,0.0429444015472543,0.043396219179353074,0.04377521707323344,0.04375198199300811,0.04336795618507627,0.043382874517245124,0.043332367999742126,0.04335939435483641,0.04359236560127942,0.04369395906542507,0.043489565548669035,0.04361985782401249,0.043804289523964195,0.043510997384577386,0.04336946131617725,0.04326868726955523,0.04380028145131823,0.04317911937794667,0.043349525559926994,0.04371113867987921,0.043185850165130935,0.04357190447603388,0.04354258390635547
11.58,0.04296248609246516,0.0433992541577706,0.04376479003247518,0.043751380737723854,0.04335259993520757,0.04337283439948188,0.04332374029765197,0.043367805011415135,0.043584857414321485,0.043691911362552835,0.04349667636083099,0.04363050849812364,0.04380553776416823,0.04350393330869876,0.043366221731669284,0.043265515871555846,0.04380185918819294,0.043192807081242415,0.04334927910681945,0.04371811713648069,0.04318197186731115,0.04359225668624273,0.04352365595759809
11.6,0.042977799478098724,0.04340396776400818,0.04375984169416303,0.043747000417117564,0.043337000962346,0.043364356402059975,0.043314990734459824,0.043374080762758616,0.04358461845814553,0.043687118075691256,0.043500684534246506,0.04363433317453838,0.043805185437787185,0.04349978582131326,0.04335849259317565,0.04326978273690948,0.043801809386581785,0.04320979535964729,0.043346284728397765,0.04372495425119126,0.043172736020413695,0.04360944451927558,0.04351593668767347
11.620000000000001,0.0429856397409281,0.043410461131976386,0.043755253939419196,0.04374643968070104,0.04333150253393189,0.043360136665328786,0.043314636974382405,0.04338492194477291,0.043584332573605555,0.043673690230614806,0.043507117086508715,0.043630677091556935,0.04380390650518525,0.04348981930721997,0.043359385018148094,0.04327011172684851,0.043800808166811284,0.04322400554189256,0.04334110252224833,0.043730275108889646,0.04316876413078858,0.04362426716849213,0.043502745209748984
11.64,0.042994751175379764,0.0434167035996343,0.043745416903417905,0.04373943650478289,0.04333540663066666,0.043350255022874755,0.04330735848660322,0.043386149359464145,0.04358776411304942,0.04366919114098173,0.043510512833214575,0.043631256765365854,0.04380233595282882,0.043475145172373525,0.04336456582307715,0.04327549934506387,0.0437994925084826,0.043241999745280556,0.04333684574314575,0.04373476206249453,0.04317136920208518,0.04363747518081938,0.04348630672891346
11.66,0.04301228361031678,0.04342421823357813,0.043735080577952265,0.043736138213208896,0.043335851597921214,0.043344210006560954,0.04329909929972093,0.04339013913518078,0.04358436108110132,0.043665648674565974,0.04350960916748727,0.043627748270432865,0.043801342090200555,0.04346186463270578,0.0433700959556914,0.04328187260429329,0.043798732543606604,0.04325927150305479,0.04333220727016001,0.04373932673350935,0.04317773255232554,0.043647279518387,0.04346588672803831
11.68,0.04303266282664897,0.04343312130418526,0.043727170761918524,0.04373788919034578,0.04334066290652761,0.0433389447380143,0.04328725995856011,0.043395032394064025,0.04358287318530989,0.04366843693066264,0.04350438663711744,0.043622410921077034,0.04379954995071663,0.043456433625327244,0.04337446859698649,0.04328735271364174,0.04379715510989089,0.04326548774124519,0.043325629689781105,0.043741563695758566,0.04318400309895594,0.043658163191211054,0.04343934083205371
11.700000000000001,0.04304632601544409,0.04344044159848155,0.04371927781949411,0.04373691169703326,0.04335222107367358,0.04332779106097063,0.043282481432810896,0.04339358169926034,0.04357637821304389,0.04367480014602224,0.0435081314622232,0.04362382368041183,0.04379764090434348,0.04345576791872023,0.043370406640161806,0.043293283940304204,0.04379544311719664,0.04326593353423594,0.043318226450427294,0.04373975354320888,0.043192870437566123,0.0436678878120144,0.04342061980295139
11.72,0.04305365682729304,0.04344845992568538,0.04370596241830839,0.043730382087239866,0.04337232780256138,0.04331370585981274,0.043268720855497704,0.04338749330439373,0.0435749951993296,0.043680588446352815,0.0435131253473719,0.04363315718342683,0.04379632151965012,0.04345295746029459,0.04336666065917331,0.04330096698575045,0.04379430455217554,0.04326598138663704,0.04332199268274124,0.043731853163561145,0.04319763200761207,0.043677243670218455,0.04341151065491275
11.74,0.043054950348285055,0.04345990532030889,0.04369840805392583,0.043724437575562644,0.04338694422012851,0.043306755783110606,0.04325961423591057,0.04337608289726859,0.0435682514293948,0.043687970258983896,0.04352008855311948,0.04364040377404574,0.043794179306853594,0.04344540586480422,0.04335995899436872,0.04330694133095421,0.04379232832174661,0.043278379670074314,0.04331591555336987,0.04372848906675244,0.04320435772639816,0.043684900734616776,0.04340533098001654
11.76,0.04305580342120129,0.043470869983626426,0.043686669868234516,0.043714320267110016,0.043406301585157854,0.043302892344476526,0.04325227658888074,0.043362270445444544,0.04356235795358092,0.04369587356471384,0.043530331602401565,0.04364709466917195,0.04379334486643278,0.04344469327266954,0.04335897386587789,0.04330947565325005,0.04379093245489458,0.043279595046606195,0.043307755910612124,0.04373303294014001,0.0432057487639845,0.04369305656802927,0.04339632836350291
11.78,0.04305140624491546,0.043477192923852916,0.04367881665526665,0.04369770412093441,0.04341794844420254,0.043299896378085345,0.04324570126485962,0.043351452928493815,0.04355585731200456,0.043703383810064333,0.04354166433676175,0.043651616883320775,0.04379283674038455,0.043442458080999564,0.04336662011360148,0.04332050670914618,0.04377917862356195,0.043289813294624856,0.04329942540322029,0.04373748630959106,0.043203042993665425,0.04370079855057058,0.04339519187787214
11.8,0.043052340329067386,0.043482458464738166,0.04367237477767777,0.04368020971692478,0.043434316660513915,0.04329863272854836,0.043235854607636806,0.043339059847757794,0.04355392920075442,0.043710307200063116,0.043552387375631454,0.0436506640401973,0.04379240143981073,0.043437334839463396,0.04337369812323408,0.04332800455138401,0.043762727373222926,0.04329332131002052,0.0432936691357186,0.04374149628241779,0.04320789451452313,0.0437079346124695,0.043398982868223995
11.82,0.04304867922532814,0.043494346222996035,0.04366528026285328,0.043658281915467785,0.04345192729866239,0.043290663189061766,0.043223299272456696,0.04333160792681861,0.043560978241836384,0.04371477033868895,0.04356681822043765,0.043653660091388755,0.04379010797938079,0.04342410817552636,0.04338310231972772,0.04333036592145856,0.04374472562797586,0.04329954362298194,0.0432906994325115,0.04374339246719844,0.043217804869675365,0.04371195383612965,0.04340388354143742
11.84,0.04304251316181742,0.04350724728932084,0.04365869481228963,0.043633424538159625,0.04346153613452476,0.04328934731551814,0.04321097827038809,0.04332037074358015,0.04356507830321378,0.04371750703108769,0.0435777604771545,0.04365495339832398,0.04378664201152519,0.04340973708153841,0.04339900885142345,0.04332861378661121,0.04372675324238843,0.04331403443801259,0.043297906367512774,0.04373925149877251,0.04323077267269935,0.043714922415382294,0.04341294615875535
11.86,0.04303792756156012,0.043520918610655296,0.04364612277179543,0.043608526664888174,0.04346591537634897,0.04328902333426896,0.04319616748355295,0.04331822121144174,0.043566117869962014,0.04372046649613718,0.043583346767878305,0.043654992884886216,0.043782616983712684,0.04340142719667972,0.043412801488213505,0.04332275359225745,0.04370737464194727,0.04333368260563606,0.043310583912223574,0.04373335035676662,0.04324050053530435,0.04371809465138647,0.04342906700249715
11.88,0.043035190704871704,0.043528941634778405,0.04363728926769266,0.043574815357807446,0.04347301730011038,0.043282840754734216,0.04318309853312467,0.043320754397345757,0.04355931228391415,0.04372244018423002,0.04359448779214459,0.04365603749306184,0.0437756668522165,0.04340138445399198,0.0434329289402214,0.04330373077647536,0.04369947180648578,0.0433455196912094,0.043327957389544376,0.043723548659008515,0.04325654228467614,0.04372026363163025,0.04344475981072453
11.9,0.04303939329769689,0.04353123220024638,0.04363562419447444,0.043543615656852566,0.04347439183855058,0.04327725333746843,0.04317434059351725,0.04331151044139168,0.04356207856423395,0.04372511850683386,0.04360360583756917,0.04365734088168841,0.04377396358411355,0.04340242340046755,0.04344257791080106,0.04328839225418926,0.043696018040120264,0.04335597988761365,0.043343852590129836,0.04372314893686238,0.043262083006843505,0.04371274156272372,0.04346331347561139
11.92,0.0430364669264245,0.04353719704144735,0.04362818652033002,0.04351632796382427,0.04347966920417789,0.04328054231337384,0.04316797951928598,0.043303763566257245,0.043562158169460456,0.04372659976070775,0.04361509243948742,0.04364848317471722,0.04376544533423161,0.043408992323222824,0.04345922708775837,0.043278472702142474,0.043699895425191704,0.04336600148331239,0.04335670854231039,0.043717476202230314,0.04325772208245295,0.043702567709670584,0.043485024507982695
11.94,0.04303507207172968,0.04354600723402126,0.043627645101723025,0.043487255360400844,0.04347792950752588,0.04328119803236961,0.04316437647040961,0.04330163746505824,0.04356163911612147,0.04372678908371456,0.04361551194922174,0.04364247270820901,0.043761620592738235,0.04341779067282125,0.04346257939937243,0.04327875109036501,0.04370228423771222,0.04337568746916207,0.043372641677154676,0.04371284064128517,0.04324791438932952,0.04369588434485786,0.04350447138469673
11.96,0.043031383155483674,0.043553420245351096,0.04363006948683108,0.04345994173283049,0.04347738231242989,0.04327506877243413,0.04316372184449791,0.04329595195076114,0.043570700038643766,0.04372672224455907,0.04361518442310912,0.043630627642046844,0.04375145552465909,0.04342536386235249,0.04346689732544485,0.04328641367686248,0.04370423585190609,0.04338187063460076,0.04339252166110522,0.043713922729176076,0.04323216123977307,0.04369836311540139,0.04351662052974031
11.98,0.04303044840082263,0.04355737986719743,0.043635920101816626,0.04343999218612349,0.04347509905367445,0.04326448078240094,0.043162381658476905,0.04329247223313373,0.043563837599070274,0.04372572013970634,0.043610290117543415,0.04362497280118112,0.04373985804034087,0.04343450319727063,0.04346893770312212,0.04330353721049121,0.043705086385232274,0.04339113959980622,0.04341238402654632,0.0437120515059402,0.04322872698678574,0.04369068429787611,0.04353009610544087
12.0,0.04302910685500074,0.043564775068061695,0.043638130812164416,0.043422570445742915,0.04347149919663328,0.04325392545844698,0.04316303556727206,0.04328518624011256,0.04356015273513881,0.04372528528901033,0.04360559715523008,0.04360796337266994,0.04373184944065738,0.043444990538580315,0.04347453156266375,0.04331996389773572,0.043706351325268566,0.04340413021791564,0.043435570791009674,0.04371063250081924,0.04322926199579001,0.04367681018047344,0.04353867935360243
12.02,0.04302335985163437,0.04357037713232797,0.04364055876881278,0.04340141210565451,0.043462262536458095,0.04324260718827647,0.04316425755013945,0.043281130976688564,0.043556843018963495,0.04372539657112097,0.04359628239648263,0.043589805831459716,0.04372845789786123,0.04345661404191784,0.04348178868499797,0.0433408185889249,0.043708022168057505,0.04341641453687454,0.043456494603750125,0.04371039585130576,0.043233160778545845,0.043675299969065315,0.04353823895067973
12.040000000000001,0.043015819835304205,0.0435768039950664,0.04364149763885643,0.04337995047512342,0.04345530778292576,0.04323364006198727,0.043162649797378445,0.043283308850260556,0.043557940596879556,0.04372521903103842,0.043576223027384745,0.043567035915718894,0.0437134921736129,0.04346979933923801,0.043492081166440995,0.0433604224101355,0.04370927583207313,0.043432000268994075,0.04347286170592871,0.043711453984851635,0.04324064714274946,0.04367130189406596,0.043551267073985496
12.06,0.04300913622355463,0.043587433141929824,0.043643967283187604,0.043356973485658874,0.043447902009328326,0.04322698817242589,0.04315476644013267,0.043292271235773803,0.04355959832255424,0.0437271042634923,0.043557472568606516,0.043544920057440054,0.04369526624554009,0.04348226401372168,0.04350713274670376,0.04338402088662467,0.04371247368891912,0.043440433499056484,0.04348024159907057,0.04371447251153478,0.04324483817737099,0.043668431429830276,0.04356189199754292
12.08,0.043004913966335566,0.04359226598897299,0.0436451005960492,0.043340882544795734,0.04344054500772394,0.0432267818272653,0.0431425934964436,0.04329688120023153,0.043564221274679495,0.04372913243809262,0.04353938621405144,0.04353050673815976,0.043668549773622736,0.04349282111486567,0.04351976639020464,0.04340639874430263,0.04371570632628862,0.04344770169821962,0.04348338944988319,0.043717540595734426,0.04324507215982287,0.04367381042231447,0.04357603203193986
12.1,0.04299874954345578,0.04359887225056542,0.04364957439919916,0.04332631760960945,0.04343185235933442,0.043231382186169086,0.0431307784593754,0.04329918327178039,0.04357222422949907,0.043730193087108,0.043517630113680664,0.043515282880494124,0.043643444756561386,0.04350372409798866,0.04352552991445939,0.043428658387955885,0.04371787250616597,0.04345343786029551,0.04349582865747961,0.043719555738475246,0.04324810726158314,0.04367942638836292,0.04358237404040124
12.120000000000001,0.04299744162386054,0.04360934903314412,0.04365623522178151,0.04332001616273859,0.043427966612677706,0.04324547350804213,0.043122162838628686,0.043300468382345164,0.04357972253075533,0.043730222397421414,0.04349362629454983,0.043505822843171255,0.04362219114461529,0.04351495579543619,0.04352688047322906,0.04344093208919172,0.04371557848934349,0.043465232515145544,0.04350434855676409,0.04370922768381699,0.04324721510123583,0.043673790594781256,0.04359114010732449
12.14,0.0429987084302177,0.04361276462074607,0.043663888260507294,0.04331343222858841,0.04342446990008838,0.04325716161926738,0.04310510316582895,0.04330207945896375,0.04359031373308112,0.043731784112623046,0.04347799584960455,0.043490625805011666,0.043612299231290834,0.04352530707003292,0.043528999458809225,0.04345519913796037,0.04371834582945226,0.043478138674909725,0.04351243479427103,0.043692033704469765,0.04324520849068671,0.04366329954571233,0.04360040687787652
12.16,0.04300347702683917,0.04360561385350897,0.043671307609869946,0.04331156412537373,0.043428947797775404,0.043269157231044436,0.04309404896911555,0.04330024356124066,0.04359797816875439,0.0437336141993045,0.04345979654002931,0.04347220227325231,0.04360486224282088,0.043536891159062105,0.04353334763901504,0.043471662987159494,0.043721282170673365,0.043490966060064855,0.04351813049422485,0.043672673849087955,0.04324274820251619,0.04365521252862061,0.04360427131064615
12.18,0.04300973023304431,0.043602937141995333,0.04367457425871251,0.04331162900678909,0.043432870427452266,0.04328205833501144,0.043084502839789415,0.04329424570749958,0.04360208759883124,0.043735244846830244,0.04344243044129664,0.04345933409407295,0.04360122878126889,0.043552592235855545,0.04353875599198099,0.04347466584563136,0.04372392801724787,0.043511395382675636,0.043517836212255245,0.04364468623543982,0.04324153542815942,0.04364518119595727,0.043616549742203074
12.200000000000001,0.043012456601035816,0.043603877291862256,0.04367796867955876,0.043318125296694335,0.043435798705957554,0.04329488181335882,0.043072347062412183,0.0432945152028588,0.04359895275573333,0.043736604247125874,0.04342661859634936,0.043451866473424826,0.04359552319408341,0.043568988515942576,0.04354770134415442,0.04347427304569706,0.04372621907576148,0.04352930547995922,0.04351673723174074,0.04362347658379623,0.04323846325655541,0.04363568291432863,0.04361961663160901
12.22,0.04301733157260381,0.04360597289263597,0.043682047511967755,0.04332867427779662,0.043433238349503196,0.04331040846882098,0.043059040918797274,0.04329531220960711,0.04359653790614668,0.043736467517512305,0.04340730272039281,0.043450172843590686,0.04359017353032265,0.043582655622694755,0.04355765507673329,0.04347552905902876,0.043726937607197286,0.04354352831603226,0.04351525745773787,0.04360091595132896,0.04323837604625894,0.04362407867393746,0.04362238546935251
12.24,0.0430265830374119,0.043611028363538154,0.04368738869696685,0.04332819324464832,0.043424285080038004,0.04332552829448578,0.043051938071109824,0.043299133360781554,0.043585803622501904,0.04373804465841453,0.043387949805801664,0.04344614104368368,0.04358018010852862,0.04359689430334038,0.04356619521262115,0.043483773190928394,0.04372929923449016,0.04355838644209065,0.043517958545060666,0.04357280576792161,0.04323972785466136,0.04361291919051809,0.04362984287045668
12.26,0.04303088361011724,0.043613065735257556,0.043693874409794595,0.043330786321690795,0.043414371217535316,0.04333277540676751,0.04304046733130454,0.0433059178202452,0.043574799307615326,0.04374036138062323,0.04336765577682684,0.04344796254532493,0.0435735447105054,0.043604760815239514,0.0435712656013038,0.04350240867065377,0.043732335705949664,0.04356432057273362,0.04351212898652476,0.043554025895389835,0.043246828834124215,0.04360439473399548,0.043641064610477065
12.280000000000001,0.043032504014792375,0.04361852647262123,0.043699832575619754,0.043334286214314066,0.043408751380552855,0.04334015178727192,0.04303093055243581,0.0433216507517223,0.04355966830251303,0.043742493670247906,0.04334561331465181,0.043440705261488084,0.04357094269802498,0.04361561847170346,0.04357233499058786,0.04351634822188485,0.043735128508341235,0.04357523598393388,0.04350104450381654,0.04353618167974978,0.04325197308292702,0.043598708539715925,0.0436513690210835
12.3,0.043026919192989746,0.04363099739723536,0.04370218180517935,0.04334692982938856,0.04340533618400601,0.04334886021513496,0.04302078807120318,0.043333741202947494,0.04355265227648744,0.043744762911042234,0.04331917705275517,0.04343052717668177,0.043580573394794014,0.043616504430250544,0.04357153609650846,0.04352512237135079,0.043738003853447775,0.04358240020041342,0.04348994877718992,0.04351906694952701,0.04326663726303524,0.04359396275320522,0.04365337059522621
12.32,0.04302387514781967,0.04364314109204774,0.04369679474958607,0.043358159074237033,0.043407456178789466,0.043356154678499646,0.04301945137947903,0.04334753847042425,0.0435538210917938,0.043741050005752034,0.04330367826697134,0.043418807770894165,0.043583967739097576,0.043618362722125846,0.04356249420680409,0.04352293628004011,0.04374134319467429,0.04358684656103329,0.04348737620734948,0.04350619800916926,0.043281746903062746,0.0435877885856045,0.04365101168474471
12.34,0.04303330525649231,0.04365459558084407,0.043691806719081856,0.043367072860877494,0.043405938676095664,0.0433698580326006,0.04302036638968127,0.043361565003842466,0.04356300710746477,0.04373243804765824,0.04328710316961462,0.04340418391685298,0.04358348711264995,0.04361145549818076,0.043555901233763496,0.0435138646357373,0.04374471838067434,0.04358743246227751,0.04348560955970421,0.04349633401449552,0.04329888459587638,0.043583574886919094,0.04364749685861537
12.36,0.043047183726943966,0.04366637245095137,0.04368067686541412,0.043364719342331125,0.043406861342491956,0.04337607233727501,0.0430210611731627,0.043378399882323435,0.043574695288735775,0.043731636734952735,0.043280758442367714,0.043394012686726456,0.043577503862060274,0.043596787062666696,0.043551202904077484,0.043499058154806106,0.043749083045638903,0.043592549857298504,0.04348077578768679,0.04349250732501007,0.043313629304038814,0.0435770312098263,0.04364742121321394
12.38,0.04306691339150651,0.04367618879811806,0.04366559993735856,0.04335983942079707,0.04341185976180036,0.04337967364910714,0.043024584382181964,0.043388461840518214,0.04358504201060727,0.043726769374734395,0.04327689346580772,0.04339488375805725,0.043575882147249397,0.04359096533221618,0.04354605303653715,0.04349062739801539,0.043752095085134425,0.04359548806283066,0.043465874714856675,0.04348608845586155,0.04332533316442999,0.04357422438199496,0.04364065843027905
12.4,0.04307826096401906,0.04368546252998447,0.04365922915330739,0.04336231831262426,0.04341730321800165,0.04338313012731067,0.04302750938216301,0.04339767817357162,0.04359536077078838,0.0437180029516371,0.043271130831010925,0.04339133972020607,0.04357883021296737,0.04358782414514176,0.04354966077077383,0.04348291086997957,0.04375683043336128,0.043591334587833146,0.0434569155703003,0.0434808429883029,0.04333020854031449,0.04356475362713935,0.04363316211926152
12.42,0.043096056731153146,0.0436956466447235,0.04364457378326368,0.04336650242735196,0.04341685071270061,0.04338823666586017,0.04303004405694333,0.04340874587567109,0.043604888875962755,0.043709718475377746,0.043271107884839816,0.043388436996815015,0.04357895861498373,0.04358734276902373,0.04355117615920537,0.04347472201613707,0.043761264311760896,0.04358897921521996,0.043446852189094734,0.04346751597312666,0.043327575571423686,0.04356088355934995,0.04363392049001142
12.44,0.04310635520584013,0.04370541585717475,0.04362298048714341,0.04337001673570802,0.043412996809536177,0.043390664379692565,0.04304243961547875,0.043422526988619856,0.04361300911092294,0.043706233573658965,0.043271210031021544,0.0433835247989965,0.043575479759889554,0.04358938494421813,0.04355937559168329,0.04347488396426275,0.04376563864464416,0.04358991366639901,0.04343186522565334,0.043454121138789346,0.04332277011891188,0.043554828949858126,0.043634364401896775
12.46,0.043107602685535026,0.04371424135285269,0.04360674547212063,0.04338454241205589,0.04340429055904624,0.043401438974289636,0.043053499535263426,0.043446813606392506,0.04362190286743062,0.043701361018579,0.04327722845049839,0.04337660928068877,0.043570540017935054,0.04358296310369999,0.04355872443836866,0.04347690604694207,0.043769512633222825,0.04358392519391188,0.04342128908975714,0.04343500272856919,0.0433280819253446,0.04354047681580748,0.043636301791688085
12.48,0.04311133828681032,0.043721015532491206,0.04359104806929049,0.0433983999321552,0.043390335086705575,0.04341744641704943,0.04306536614986341,0.04346652022401746,0.04362543528905561,0.04369638746679903,0.04328627239131543,0.04336743163531744,0.04357088058401585,0.04357146022849929,0.04356254892680179,0.04348064261128305,0.04377174087974664,0.043575330880553015,0.0434185480784158,0.043411352983597724,0.04333542825173244,0.04353377907042602,0.04363129102405772
12.5,0.04310662415552141,0.04372813704672091,0.04357615410391716,0.04340692091772094,0.0433815659710946,0.043428278743706354,0.04307786644430142,0.0434809522968525,0.043635800239147336,0.04369300714830324,0.043295176270646704,0.04336402690422949,0.04357842950406944,0.04356643488890897,0.04357432757840521,0.04347493564403426,0.04377469131614528,0.0435683738854267,0.04341653291088216,0.043384836991918765,0.043342645133554056,0.043528479607391125,0.043615802297101824
12.52,0.043098230287267426,0.04373422015040295,0.04356616335384405,0.04341122799419066,0.04336823533002127,0.04342828510219541,0.04309254456230105,0.043501873229935636,0.04364353564555263,0.04368119375304504,0.043314646402920036,0.0433622200365942,0.043595476022259,0.043554816018867654,0.04358611082633781,0.043473952229357314,0.043776351785332034,0.043560740033746735,0.04341286848477914,0.04335627618293054,0.04335245204544595,0.04352196011395407,0.04360662040871942
12.540000000000001,0.04309322915567128,0.043741196676251815,0.0435561450186166,0.04341554345949538,0.04335683781238095,0.04342472397098097,0.043101986939625456,0.04351827780017762,0.0436425929876167,0.043668205585295605,0.043330491493701155,0.043356091851826484,0.043613858554352146,0.04354168145573193,0.043595097488273955,0.04347184458620181,0.04377338990305088,0.043557121091401245,0.043424049216773744,0.04332834308338448,0.04336716439108954,0.04351561118254958,0.04360651629555042
12.56,0.043090914937087325,0.04374655318795074,0.043548956634549614,0.04342233198559802,0.04335398897720021,0.0434211673710341,0.04311567462529537,0.04352730811309698,0.04364353274234756,0.04365549412251441,0.043343240533858796,0.043353315252756694,0.04362968619236172,0.04353665698078012,0.04359655779339169,0.04347021345023358,0.04377131648738602,0.04355292867672078,0.043425231923754616,0.04330579282597439,0.04338126965770892,0.04349893645018911,0.04360893107820917
12.58,0.043089607544230586,0.0437452743311302,0.043543280843507344,0.043436967836960196,0.04335685692167012,0.04342168992603428,0.04312849136622882,0.04353156166829223,0.043643286131644275,0.04363572525248801,0.04336134555319328,0.04334311031761698,0.04364475854187002,0.043533649171121125,0.043595060217047454,0.04346842948549996,0.04376469340481183,0.043552206546980214,0.04343488445221578,0.04328281123981153,0.043393973203921424,0.043478910285990026,0.043613425757734275
12.6,0.043081582554755436,0.0437452942177371,0.04354594464872129,0.04344467343344079,0.04335950490412871,0.04341868802992805,0.043145143314151084,0.043533610680531534,0.0436381549792479,0.04361485748523443,0.04338056904207087,0.043327379362458056,0.04365440009719858,0.04353578772482327,0.043596730186267245,0.04346418941425947,0.04375987427224311,0.043554902365353206,0.043446482014706946,0.04325822673697717,0.0434095528943927,0.04346381560341007,0.0436206360379631
12.620000000000001,0.043074189418441634,0.04374772757577442,0.043546358286622205,0.04344225623749875,0.04336184930210647,0.04341925058318549,0.04315972041793249,0.043539083670890016,0.043629660639700606,0.04359388346432148,0.04340239486309361,0.04331682026070688,0.043656911248906985,0.04354303259626751,0.043596103931431644,0.04346218335443432,0.043756916412954906,0.04356138438986833,0.043459951712728505,0.043235483911442635,0.04342071990055016,0.04345434433008511,0.043619773491055946
12.64,0.04306627534955508,0.04374982259511938,0.043556660324237585,0.04343065060996553,0.0433704463136706,0.04341066042919016,0.043179305984216584,0.04353940284000288,0.04362024815244959,0.04357525901962594,0.04341787709593854,0.0433013572646394,0.043653932493235785,0.04355828267866663,0.04359672237045262,0.04345147323453296,0.043757503035968856,0.04356826446622807,0.04347215028252188,0.04321263884460285,0.043440447300125154,0.04344881014132416,0.043621809173729625
12.66,0.043068662257515516,0.0437481958308918,0.04355997806980625,0.043421769154870005,0.043375412302545505,0.0434107794423561,0.043193032489500606,0.04353319316029742,0.04361987685077084,0.043566801012236596,0.04343197372250772,0.043298193344521,0.04365080005451592,0.04357212036551928,0.04359159786534554,0.043447314970227205,0.043753418918880974,0.04356977896922256,0.04347831614178148,0.043188228597024515,0.04346939584222243,0.043431941629113874,0.04361921900832678
12.68,0.043069626841095186,0.043735366105039725,0.04356013502605638,0.043419068499326675,0.043382730155210714,0.04340509313237537,0.043205841213495015,0.043524612514042625,0.0436174671772453,0.0435670650077695,0.04344342816050387,0.043297166137607423,0.04364781412072274,0.04358411291047309,0.04358521723623236,0.043438896996108305,0.04375675350330149,0.043571959236525744,0.04349176407273889,0.043168458329935315,0.04349776414219265,0.04340789033561995,0.04362176914638167
12.700000000000001,0.04307527598995639,0.043728667982990944,0.04355421060847986,0.04342108106687973,0.04338560446634994,0.04340040875339713,0.04322320437107558,0.04351847574030111,0.043609952807363156,0.04356714882469458,0.043457256258882054,0.043302249450350494,0.04364447614261676,0.0435918045704549,0.04357524272811122,0.04342782520545079,0.04375306702854254,0.0435685230100447,0.0435123582829658,0.04315375004610525,0.04352305824206061,0.043390704971227725,0.04361565345169867
12.72,0.04307539512403627,0.043725111230909816,0.04354833429463697,0.04342073968390909,0.04338803467372037,0.043400705369730494,0.04323986205795868,0.043520999265437725,0.043598987230252524,0.04356336060753873,0.043468820226217654,0.0433069534799967,0.04363941423484965,0.04359727638018511,0.04356702188001567,0.043416682223449805,0.04375353468470703,0.04356922673242494,0.043524000860297264,0.04313222544499572,0.04354604627839251,0.04338259291525986,0.0436146751210774
12.74,0.043080585313636933,0.043716385813855174,0.04353946526142953,0.04342051079644906,0.04339109348195216,0.043402279403813505,0.04324857707819062,0.04351773833345414,0.043592666656749414,0.04356559641561895,0.04348674703540413,0.043309403085376126,0.04362567008386964,0.043603154591143306,0.043557090473663074,0.04341039055857706,0.04376085522242742,0.04357117302917331,0.043538321008298825,0.043109838314173976,0.043566071404214694,0.043372490226601015,0.04361389641192797
12.76,0.043079614695451345,0.043716694275036064,0.04353110997060846,0.04342051024865796,0.04338824730082355,0.043397862686130856,0.04325908500368007,0.04351890620111678,0.04357855249486296,0.04356902435296943,0.04349564437100946,0.043320738981808694,0.04360583351780703,0.04360899798534144,0.04354790299257314,0.04341504600532676,0.04376607016150083,0.04357055223544135,0.043552518216387434,0.043086305943477135,0.04358517979541983,0.043369883367320124,0.043615719197249256
12.780000000000001,0.043075329105865034,0.0437119470182522,0.04352143598183351,0.04341726936930633,0.04339097488568407,0.04339827702875315,0.04326542627551537,0.04351934407542675,0.043554984950569336,0.0435698812038349,0.043498691321078316,0.043337329606363884,0.043590593495914896,0.04360938592513989,0.043540046712920284,0.043424535830784365,0.0437727614457503,0.04357345871384644,0.043574848896204645,0.043061022257865435,0.04360192850284414,0.043374241378222676,0.04361628601802403
12.8,0.043067391293605095,0.043703565159666856,0.04351093095135842,0.04341263953640325,0.04339426995061379,0.04339707492452198,0.043263468343406566,0.04352474939311263,0.043535642004171336,0.04357552723733834,0.04350100370621253,0.04336326721246625,0.04357099632688879,0.043613314174897395,0.04352611275909546,0.043434872567805434,0.04377931482031267,0.04358064293047665,0.04359766105855637,0.043036363458118974,0.043621654127625864,0.043373829363167915,0.043615708700177475
12.82,0.04306093738708574,0.04369117671129088,0.043496251145800524,0.04340221329259446,0.043393515235842985,0.0433943707272109,0.043258283809678826,0.043528775582703086,0.043519459417129744,0.043581642927335726,0.04351531597084494,0.04338989694888717,0.04355524932949484,0.043611326285284316,0.04352333594909751,0.043449740533418206,0.04378573182978475,0.04358811763221647,0.04361790623909668,0.04301168618025147,0.04364102185095324,0.04337387826014155,0.043610166753855956
12.84,0.04305696663392784,0.043686629751517186,0.04348963780862483,0.04339264266680948,0.043389719627640606,0.043396211291148824,0.043255340880653276,0.04353217899256946,0.043502818492637076,0.043576929633594205,0.04352504735189992,0.04341513260285486,0.043536158541794996,0.043617268821442214,0.043514981459585204,0.043468568452697656,0.04378757294554706,0.04359527774944112,0.043631680919756055,0.04299072719542371,0.04365750581076006,0.04337695150064122,0.04360405086903317
12.86,0.043059696401173936,0.043682454770911934,0.04348234278776179,0.043380561956971826,0.04338275601525841,0.043395231946585185,0.04324890441355185,0.04354295010567988,0.04348346481865222,0.04356800491589582,0.043532808810715265,0.04344375973833531,0.043511915071091437,0.04362061670968572,0.043510108529730515,0.04348582827769357,0.04379125000376935,0.04360027003011,0.043648170144237095,0.04297345019271024,0.04367187258673561,0.04338440622954792,0.04359917554319529
12.88,0.04307016768715909,0.043680711792621944,0.043470821347165976,0.04337798003698361,0.04338012947254348,0.04339644841599379,0.04323286394684253,0.043551766003873185,0.04346504911342896,0.043558744566595045,0.04354597699983729,0.04347030772725517,0.04348864973672572,0.04361913227159257,0.04351084385320127,0.04351404922359216,0.043787469598250056,0.04360295116238063,0.043664375987529966,0.04295943391759851,0.043681182806998835,0.04338143879364719,0.043589505538182964
12.9,0.043079453487642985,0.043668754512729946,0.043450712787728815,0.04338033864781898,0.043380703363981955,0.043401235308518374,0.04320879039120432,0.04357050506396536,0.0434454607453627,0.043550479998395855,0.043547353410622075,0.04349421303562426,0.04346575691421006,0.043627146576513134,0.043512225621522925,0.043536615332803216,0.04379092032277664,0.04360785356439663,0.043680848330722284,0.042948701419772875,0.043686511648651394,0.04338549253281661,0.043579926982218686
12.92,0.04309533447424862,0.04365504344851223,0.04342775797747398,0.043388566330707305,0.04338025712420999,0.0434174667284483,0.043186987016998,0.04357679960595819,0.043429680913586066,0.043532640557630065,0.043559099297396126,0.04350362734808822,0.043441389725467135,0.043638673923525544,0.043518311372633796,0.04355614464204923,0.043796602042214694,0.04360733193558935,0.04369557118498922,0.04294170639243855,0.04369090683236505,0.043385484630686935,0.04357461649478327
12.94,0.04311300005779891,0.043647518856928136,0.04340926582575582,0.043392357241668365,0.043389049069818685,0.04342835764917077,0.0431626551623901,0.04357894955652259,0.04341298034156038,0.04351888846018991,0.04356760447167616,0.043502347716718126,0.04342196447803879,0.043654354119009385,0.043526963594251324,0.04356868570692703,0.04379722103890973,0.04360969260425357,0.04370657493302138,0.042941487240158525,0.043689074517300946,0.043389271245200825,0.043571736112730505
12.96,0.043130945515715224,0.043634542450472366,0.0433920259042985,0.043397541525089685,0.04340598543921215,0.043443148445598746,0.0431395218811844,0.04358523060480532,0.04340202949799104,0.04349895022630693,0.04358142364806982,0.043494766390063354,0.043397057208747786,0.0436683386460381,0.0435372485729797,0.04357511560176411,0.0437935860578355,0.043606006773016084,0.043716266928281976,0.042946891632110545,0.04369101956241966,0.043388563878030584,0.04357379360996847
12.98,0.04315237721942421,0.043622460633983236,0.043378152325022665,0.0434032447228493,0.04341692078965945,0.043453778381529286,0.043112820031578354,0.043598161593264996,0.04338515776435207,0.04347700464869113,0.043587903142647134,0.04349495605949361,0.043373586194639234,0.043678891319171784,0.04354246096834612,0.04358640931492607,0.043793837433413134,0.04360274680614863,0.04372287761579169,0.04295776773389717,0.04369444488901785,0.04339291256075122,0.04357112785140156
13.0,0.043174920611921394,0.043603120487193364,0.043371014270883974,0.04341923331481085,0.04342894933282529,0.04345610036522846,0.04307846936275637,0.04360780393487705,0.043376464684238225,0.043460010459285464,0.043597127904858195,0.04349342260026304,0.04335301488381913,0.043688546047914785,0.04355217478525393,0.04359716321034432,0.04379002754192944,0.043598096727337325,0.04372891454998952,0.04296447491683587,0.043698843524374635,0.043395637071632916,0.0435664694114266
13.02,0.04319574113271334,0.04358996869148437,0.04336803570913542,0.043437673281950716,0.04344574151963077,0.043454490917319344,0.04305346771896399,0.043614404274452,0.043376498413893114,0.04343750279319999,0.04360878604667952,0.04348624868868243,0.04332788185519494,0.04369754744270453,0.04355868882832046,0.04360480241361745,0.0437866364759887,0.04359026313183149,0.0437345958267244,0.042971600245802766,0.043700076321701226,0.043395602129953366,0.04356374614005558
13.040000000000001,0.04320871145207847,0.04358905179860831,0.04336842948354535,0.04345709850006062,0.043472311083257664,0.04344806433019439,0.04303109889115572,0.0436231489585343,0.0433653910428789,0.04342055670684115,0.0436235893927207,0.043484998085665666,0.04329984441303026,0.04370504916910907,0.04356642664876557,0.043613300308522576,0.04376804123203723,0.043580969990255035,0.0437390499083151,0.042981242053536234,0.04370737001946531,0.04338341131755752,0.04356284521386474
13.06,0.04322259855196743,0.0435972380194742,0.043369450332165285,0.0434820530677618,0.04349636297493026,0.0434442896785609,0.04301092553497798,0.04363591805905633,0.04335137329186035,0.043404290726234876,0.043636726369052664,0.0434844806000667,0.043274535107425245,0.04371146847307338,0.04357207467937039,0.04362354046436175,0.04374273094862488,0.043575972713932286,0.04374268787380058,0.04298448124608561,0.043713614309773184,0.04336742972899194,0.04355575724845181
13.08,0.04323864259509042,0.043600544124858684,0.043376779906984554,0.04350649023174799,0.04351962274978771,0.043440806514094835,0.042993985130443696,0.04364769553448472,0.043335221926968766,0.04338793995124554,0.043647241733479794,0.04348174019712776,0.0432555315823816,0.043717029818998734,0.04357532728474209,0.04362535114463761,0.04372774955945938,0.04357047170256307,0.04374568055295618,0.042986376565191595,0.04371899910075848,0.043357100793989585,0.043543671298007285
13.1,0.04325234402792682,0.043610923493262885,0.04338718338500029,0.043529597341621866,0.04354164953207508,0.04343221400040069,0.04297421682091934,0.04365918659453124,0.043321409642864586,0.04337090217912046,0.043658770124809086,0.04347505090388206,0.04324262689654566,0.04372281719449483,0.043578498777064455,0.043628324128398246,0.0437085432949293,0.0435579761077651,0.04374911101729675,0.04299213929068931,0.04372462447614125,0.043352504941031184,0.04352938582922945
13.120000000000001,0.0432588923346422,0.04361204779016166,0.04340878621471544,0.04355043905312547,0.04356149969499757,0.04343074825809869,0.04295031694322887,0.04366936683828358,0.043312490232691576,0.043353320265040116,0.04366846030352922,0.043468128762357616,0.04323454569582096,0.043727762470267384,0.04357181781088127,0.04362566760288889,0.043690033051221065,0.04354951460341786,0.043751893067820555,0.04299217493558188,0.043729421064622555,0.04335573178510691,0.04352694122149836
13.14,0.04326036077168062,0.043619141535125985,0.04342952750068442,0.043569615326359716,0.04357976600704666,0.043429312783471515,0.0429287559445635,0.043678758899210544,0.04330812702978515,0.04334143393226328,0.043677926945248954,0.04345453978354908,0.04323029356159072,0.04373235031105026,0.043570962463035136,0.04361681417131817,0.043677365091361574,0.04353689092477536,0.04375449567959031,0.04298873373939292,0.04373387245252118,0.043357470598170474,0.0435234845482045
13.16,0.04327361477374792,0.04362411282567479,0.04344509371664488,0.0435876600078359,0.043596975685353374,0.04343265327856465,0.042910518139637165,0.043687825342471204,0.04330242597656813,0.04332695836169019,0.04368342048813849,0.043438785560088136,0.04321798905251779,0.04373700828160624,0.04356879471055092,0.04360631484381549,0.04367040799221879,0.043532553912615644,0.043756401515758825,0.04299032581484014,0.043738405210493714,0.04336051717451781,0.04351123733464989
13.18,0.043295945622483456,0.04363248624878433,0.04344889778548263,0.04360350365600737,0.04361205287787444,0.04343570065117729,0.04289169570411723,0.04369542779867758,0.043295956361263245,0.04330586351767873,0.04369138535765149,0.043428959872854396,0.04320418503740571,0.043740564167766255,0.04356871953653712,0.04359812441585691,0.0436658982749158,0.04353035488636767,0.04375714458379066,0.042991727845684315,0.043740652369745496,0.04336101848483148,0.043503734943046636
13.200000000000001,0.04331453714639071,0.04364254010996239,0.043450412359310964,0.043617614065813486,0.043625459815559785,0.04344797685429612,0.04288389223212079,0.04370104216942301,0.04329554122489112,0.043282440620150436,0.04368870580722324,0.043420513726234365,0.043189703934353924,0.04374339656299044,0.04357136294131659,0.043587305899319126,0.0436666730258626,0.04352183021253993,0.04375808260747131,0.0429945181075875,0.043743477507276016,0.043350354195503704,0.04350261887440256
13.22,0.043326062778320504,0.04365449580972352,0.04345328902563698,0.043631620249273216,0.043638820586459785,0.043457629368620396,0.0428785134352307,0.0437046811946353,0.043291609519537234,0.04325320806498373,0.04368766205642557,0.04341004473425908,0.04317264162248097,0.04374705553858639,0.04358846380828434,0.04358152657929778,0.04366961774438779,0.04351693348157876,0.043760533469392064,0.042992068459892056,0.043747129824176466,0.04333780371109943,0.04349858893771765
13.24,0.043337475162353534,0.04366702242679411,0.043456785414949316,0.04364602792437018,0.04365263617761254,0.04347259751234751,0.04287577702425362,0.04370741463515728,0.0432860914121943,0.04322987810133195,0.04369034089844951,0.0433979864754894,0.04314973460925526,0.04375197096635849,0.043602301649353074,0.04357464091240475,0.04367811642060663,0.043506815332276676,0.04376174163400355,0.04298831907722502,0.04374833395496745,0.04332347474597342,0.04349451753227255
13.26,0.04334619509960769,0.043679745583169935,0.043465398080758715,0.04366047691821639,0.043666541944911666,0.043488772354534445,0.042877322213595706,0.043713087607085296,0.04327601029988859,0.04320873014326402,0.04369144338278652,0.043388702684082715,0.04312760876349546,0.043757710991166175,0.04361092518230904,0.04357324222654587,0.04367344900096443,0.04349998360689241,0.043761109439680645,0.04298575653632201,0.043746035481499766,0.04330431913012517,0.04349743332909757
13.280000000000001,0.04334926373872435,0.04368588578566648,0.04347811325053411,0.0436727481033341,0.04367831443283094,0.043503188224069046,0.042882618539464776,0.043721032875028217,0.043272066458023103,0.043191329116721695,0.04368688778919328,0.04338298636121189,0.04310266009831954,0.04376198709856884,0.04361313226581043,0.043570742121387854,0.04367300126479976,0.04349767256867954,0.04375892990814243,0.042988784165574986,0.04374792950711513,0.043285052330135354,0.04349567399666396
13.3,0.043349140147329754,0.043689594770908315,0.043487291864008605,0.04368271574747299,0.043687824233789106,0.04352570465095514,0.0428892934290064,0.04372702898757424,0.043263005275294954,0.04318551571508313,0.04367493474973564,0.04338418906906674,0.04308477146932676,0.04376461463367427,0.043613555206569114,0.043567036875722,0.04366472506113062,0.04349823266740387,0.04375483895836105,0.04298938748522801,0.04375171331088704,0.04327201132269934,0.04349287436877277
13.32,0.04334775396330376,0.04369139297993903,0.04350251160527187,0.04369021825870204,0.04369490638392989,0.04354612710584608,0.04288828219058163,0.04373088510324093,0.04325228328913299,0.043182422146820075,0.043661285018046864,0.04338971391528481,0.043069928965659275,0.04376537794608771,0.043610920169833645,0.04356390384147999,0.0436559205476617,0.04350112324682263,0.04375640667999845,0.04299374053246293,0.04375353823211203,0.04326087415461916,0.04349048372316266
13.34,0.043338974893973425,0.04369585931562716,0.04351894234236439,0.043696823432853665,0.04370112575960363,0.04356458992985715,0.04287902918666897,0.0437323875492958,0.04324341131137306,0.043190467404169056,0.04364845222979066,0.043398041863799405,0.043050760840549894,0.04376579802671415,0.043600922633262366,0.043557092038932085,0.04365376133953324,0.04351033090315465,0.04375756503032414,0.042993705356288034,0.04375493263475601,0.04325721093432977,0.043489815042779115
13.36,0.043334314355672046,0.04369709655648977,0.043529945929367084,0.0437025709137791,0.04370651916206901,0.04358122013490588,0.04287231537244599,0.0437340509333364,0.04324380929737843,0.043194472295906915,0.043638468387059405,0.04340096128853517,0.04302589949604484,0.04376586894716519,0.04360222137032122,0.043549935145122676,0.04365087206377331,0.04351474682464028,0.043758313520577005,0.04299033584697305,0.04375589776930932,0.04325993464654895,0.04349022974257896
13.38,0.04332171676312339,0.04369773177738256,0.04354180320601768,0.043708229536971885,0.04371185287905543,0.04359686486289972,0.042873582995421815,0.04373711902701337,0.04324559493000392,0.04319061142702965,0.0436338648197665,0.04340801346143564,0.043009088895155485,0.04376631869736216,0.04360739402277033,0.04353742439865309,0.043643804753110534,0.043514367534093025,0.043758769145803934,0.04299214241379469,0.04375716805999217,0.04326343998061126,0.04348309641253166
13.4,0.04330343413525995,0.04369092512061411,0.04355938547804117,0.043712575438922645,0.043715900547296786,0.04361037708121787,0.04287374227637417,0.043739087063562755,0.04325475140881021,0.04318692913008928,0.043621311980292,0.043418564199896405,0.04299102020389822,0.04376588333787532,0.043614962610668974,0.04352253256436574,0.04365183384669225,0.04351441217601038,0.04375253267190785,0.042993833385038,0.04375748588043241,0.04327204735694452,0.043476472105788914
13.42,0.043287257867311274,0.04368473760277329,0.043567776783314985,0.04371729276962001,0.043720344242500674,0.04362350469359524,0.04287211174150212,0.04374162265439633,0.04325575292106735,0.04318740164708159,0.043606009893250405,0.043425345831073305,0.04297413232445934,0.04376621376396845,0.0436223951480244,0.04351454105670957,0.04365544492228549,0.04352340666105012,0.04374751230508248,0.04300043428904498,0.043758507364425846,0.04327949244652022,0.04346876107094241
13.44,0.043270281698428094,0.04367469967962347,0.04358081083223727,0.04372105478929977,0.04372385510884316,0.04363404350585659,0.04285830279051983,0.04374338218806491,0.04325935376583782,0.04318617270214262,0.0435938552882201,0.04343436313951225,0.04295642348695136,0.043765949311359645,0.04362599751852946,0.04350922643302713,0.04366198289546749,0.04353200040892872,0.04374184352681535,0.04300906317905075,0.04375887719173339,0.04328358390621634,0.04347487665333463
13.46,0.04325221543108582,0.043666089849205655,0.04358681853224642,0.043721895682714916,0.04372794709293401,0.04364552584874304,0.04284034722654944,0.04374586734055628,0.04326462711591053,0.04318620414705965,0.04357932081500208,0.04343885654480793,0.042945026083460576,0.04376657747508134,0.04362755901258507,0.04350618913531044,0.043671166180026415,0.04353826766575199,0.04373661490263249,0.04302290449807002,0.04376008730143696,0.0432886671562215,0.04348122496260743
13.48,0.04322913579152552,0.043657121011062616,0.04359265252184838,0.043717108734845175,0.04373179072430561,0.043647319039406336,0.04282459795899544,0.043748236395473004,0.04327691043541977,0.04318412386609409,0.04357094557979969,0.043438679429199836,0.042932818007504966,0.043767242386317046,0.043620765922304135,0.043511291217608564,0.043679682056950886,0.043548377673605,0.043737471271495555,0.04303319640237042,0.043761286259826795,0.043299291099055816,0.04348995621498552
13.5,0.04320388862788543,0.043651174684299035,0.04360149413640675,0.04371591185030256,0.04373641309321973,0.043648860038225296,0.04281533827240038,0.043751505902059645,0.04328876981509687,0.04317913243531504,0.04355646379691346,0.0434473544806817,0.042920578831426776,0.04376894841223162,0.043612113260154316,0.04351665399173603,0.04368859101607359,0.04355032881650825,0.04374162634429179,0.043041491042084705,0.04376348225170654,0.04330655842373682,0.043493320477243726
13.52,0.04318168193328324,0.043648916987679726,0.043609929800586526,0.043714472173133456,0.04374034216173826,0.043656377962516354,0.042802684762814326,0.04375419329897928,0.0432930879416214,0.04317125707677874,0.04354390453056915,0.043460857632331096,0.04290630720752984,0.04377020082976977,0.04360145200001754,0.04351624794544219,0.04369645436320272,0.043557012804723995,0.04374512652340592,0.043054035898833234,0.043765184365278806,0.04331422056538095,0.04349605123438342
13.540000000000001,0.04316382901574753,0.04364941190415124,0.04362079035625389,0.0437130090408304,0.04374302585351744,0.043664370059376276,0.04279216672340655,0.04375573720238318,0.043294386275789035,0.04316019268270332,0.04353243455249193,0.04347344283852342,0.042895871850527595,0.04377042749855284,0.04358895286668656,0.043522973583964376,0.043702749513139925,0.04355869497714258,0.04374741651756179,0.043064503218850816,0.04376582383106275,0.04331883358081483,0.04350095605652169
13.56,0.04314708163251704,0.04365166403180698,0.04363048969131898,0.043714731239602,0.04374531241859027,0.04366823262647997,0.04278208743416093,0.04375697772346961,0.043291394191415304,0.043145865929706144,0.04352186772474081,0.043495768718999385,0.04288563367841736,0.04377045912386202,0.04357379026035205,0.04352898907785075,0.04370835050409243,0.04356050370445075,0.04374934176553378,0.043076094937712646,0.04376623430198025,0.04332217890383147,0.043506950379109136
13.58,0.04313657958978351,0.04365883763798529,0.04364195404349818,0.043719263028127814,0.04374732756331914,0.043672840599719334,0.042776828265348815,0.043758032885027935,0.04328175504048314,0.04313471774025764,0.04351466160033143,0.04351831978236905,0.04286544367391773,0.04377040484870816,0.04355098963870476,0.043527516760316694,0.043713407388084526,0.0435640929000693,0.04375102531967894,0.04308915736181071,0.04376652770380071,0.04333125818301653,0.043509058445640444
13.6,0.04313276985479406,0.04366069184652378,0.04365148611396532,0.043722431435363404,0.043748185847720195,0.04367775212059756,0.042775592769761304,0.04375800996445047,0.04327146920321797,0.0431241559798927,0.04350426415500224,0.043538028765719924,0.04285807534065515,0.043769363534075324,0.0435252370090557,0.043521222313647946,0.0437170578003732,0.04356997734625661,0.043751579224501104,0.04310486208201669,0.04376580553505511,0.04333574516944941,0.04351623658790501
13.620000000000001,0.04312358322009834,0.04366727722880913,0.04365959090703615,0.04372469542970744,0.04374832952833615,0.04367485808499969,0.04277488626468111,0.043757344843480095,0.043268599554171096,0.04312315349433888,0.0434991564958065,0.04355547429503832,0.04284938710254784,0.04376776369445538,0.04349233857574521,0.04351449134611763,0.04371976419627086,0.0435801752658478,0.04375131442496188,0.0431202208886653,0.04376449861899571,0.0433377048955356,0.04352539164435387
13.64,0.04311282924998337,0.04366965608685558,0.043666405363951465,0.043726149097693255,0.04374783713468002,0.04367225603979766,0.042775823530487735,0.043756110117346335,0.04326687309846196,0.04312770665277561,0.04348861468115061,0.04357086184577375,0.04283963932048903,0.04376567106692438,0.04346019729882235,0.04351206577231468,0.04372162390826915,0.04358880315538911,0.043746201524241565,0.04313729745476262,0.04376267484191718,0.0433428345331946,0.043541868224717825
13.66,0.043101593746079574,0.04367104722859643,0.043672400413266255,0.043719816239855366,0.043747126546801136,0.04367201113211996,0.04277055504320937,0.04375471827668645,0.04327957314413843,0.043125896100164415,0.04347567761413204,0.04358472458804641,0.042834613179664145,0.043763491913664965,0.043435055954038015,0.043513071214208346,0.04372307189295247,0.04359821310638767,0.04374562562347671,0.04314775022110851,0.04376074241788481,0.04335215735445092,0.043551067049067714
13.68,0.04309677522297265,0.043671072086860385,0.04367732938641653,0.04371067940403579,0.04374590117116651,0.04367697216596756,0.042778204243141084,0.043752867655888115,0.043294892225271775,0.04311352914772525,0.04345216230103981,0.04359687443002639,0.04282936854336384,0.04376091870734637,0.04341215952386269,0.04352226105201607,0.043723827627843465,0.04359479159724328,0.04374452386196744,0.04316106010261119,0.04375835547864157,0.04336613253984944,0.043559341524743035
13.700000000000001,0.043092885869783146,0.04366879397583519,0.04368276186408606,0.04369912421513745,0.0437456874744186,0.04368243405703165,0.04278350099610823,0.043752080341464106,0.043315311765769374,0.04309236147102293,0.04343637902823404,0.04360893153790182,0.04281825965395957,0.043759468472437744,0.043401167301834076,0.0435263999121591,0.04372543145817419,0.04359262924970002,0.04374442357232995,0.04317849400026503,0.043745030525265814,0.04338333051128388,0.04356511274579786
13.72,0.043087470588501375,0.04366185562186965,0.04368864699387025,0.04369017052844488,0.043746392523141824,0.04368834617212603,0.042790778597341005,0.043752259124818865,0.04332637465677261,0.04307052456342855,0.04342345160875398,0.043620894432722684,0.04280738606940556,0.043759039059588604,0.04339733260872936,0.043523712306759006,0.043727803996581875,0.04358605240279759,0.043745232666373327,0.04319378492121721,0.043736805363429346,0.0433960723207126,0.043579612872613735
13.74,0.043091069768193165,0.043664446683375775,0.04369277454876775,0.043677691635838775,0.04374576488092456,0.043692498498927236,0.04280315501359373,0.043751148382910256,0.04334108168528933,0.04304922700541248,0.04340899478434314,0.04363060123829726,0.04279679678261924,0.04375737000733698,0.04339296881077413,0.043514591301264484,0.04372870707213586,0.043575914325896734,0.04374470053540393,0.04320663021410348,0.04373235597056987,0.043408791744604776,0.043592719109417005
13.76,0.043091280265809016,0.04367035512632995,0.04369749935900783,0.0436627572223033,0.04374612711529367,0.04369724603573505,0.042818202713434284,0.043751067405566814,0.04335797319503007,0.04302690758535068,0.043399796529538015,0.043640444638533595,0.04278445344871735,0.04375677681752954,0.0433937015836513,0.043502290259989085,0.04373047363786135,0.04355958059043232,0.04374515039496612,0.04321660892727725,0.04372979842662076,0.04341755870077675,0.04360395002024587
13.780000000000001,0.043099836686944254,0.04367642907357708,0.04370212250617121,0.043646822680228264,0.043746747141113505,0.04370189003691016,0.04283151295705074,0.043751280738112144,0.04336684435725329,0.04300524551029569,0.04338734448466005,0.043649764629366636,0.04277607508691395,0.04375652014136723,0.04338574460622896,0.04349640594059502,0.04373238228512697,0.04354301149964155,0.04374585082609947,0.04322659571418248,0.043730090628816304,0.043425208157912794,0.043616274311432265
13.8,0.04310812414989013,0.04368224164208279,0.043705819652451385,0.043636630803780815,0.04374677019891921,0.0437056063231258,0.04284479707597119,0.04375093053042218,0.04336966976476418,0.042982699157344956,0.04338038353333536,0.043657772566580204,0.04276940243680511,0.043755738556902145,0.04337499259870794,0.04349530530140526,0.043733588047326466,0.04353085610323197,0.04374594768037806,0.04323406573818481,0.043727914237076074,0.04343415491274563,0.0436265889885683
13.82,0.043114320494044546,0.04368793895079007,0.04370957588832177,0.04362741572821147,0.04374715515824157,0.04370938012145174,0.04285744981091722,0.0437509729881362,0.043360992202256234,0.04296104015612202,0.04338214400870734,0.04366548430555787,0.04275874430883122,0.043755385191158055,0.04335780625679657,0.043497852643304,0.04373505823462135,0.04351819350786043,0.043746400353997475,0.043249540056221884,0.04372646490804583,0.04344546910206078,0.0436352156243441
13.84,0.04312101170749514,0.04369325757666442,0.04371311328232043,0.04361330264796864,0.04374759888922308,0.043712933631695525,0.04286806423737126,0.04375110242138983,0.043351664578777836,0.04294145612623717,0.04338625124517722,0.043672651479998124,0.04274898410661986,0.04375515139571295,0.04334606913924828,0.04350169722022155,0.043736497828622684,0.04350601112961617,0.04374690622322649,0.043263110644117836,0.04372861193613723,0.04344967792477126,0.04364487462738691
13.86,0.04312927083839323,0.04369685100553114,0.043715071580043306,0.04359828282335911,0.04374671727327892,0.04371490672377207,0.04287996322383672,0.04374993228713971,0.043344727434971975,0.04293038837307221,0.04338909747381156,0.04367794183522929,0.042748135379865604,0.04375364782561667,0.04333099833304493,0.043510138731608916,0.043736530392724904,0.043493184513740415,0.04374608164880796,0.04327068260067999,0.04372929390895971,0.04345570336679954,0.04365245242571226
13.88,0.04313659682389959,0.043700615096450714,0.04371733537252307,0.04358075331255671,0.043746375331007774,0.043717184090665,0.0428936656910863,0.043749325617745055,0.04333556686052699,0.04292226173356331,0.04339286277243885,0.043683262924183314,0.042751377633998826,0.0437527352154529,0.04332108813649384,0.04351216865867074,0.043737027247330966,0.04347499383004072,0.04374579204442558,0.043280009605140425,0.043730386622126395,0.04345917866411937,0.043659436715553494
13.9,0.04315089571736421,0.0437051292696541,0.04372047315535463,0.04355893480817106,0.04374712258397704,0.043720334326813236,0.042909744955702184,0.04374983000712512,0.04332296311434789,0.042920049943998964,0.043394636671201935,0.04368920550459336,0.042750501922307095,0.043752958931389745,0.04331165725286962,0.04350403711699998,0.043738544021826795,0.04346318678994956,0.0437465873127525,0.04329249326606017,0.043732450043851914,0.04345832482783892,0.043659938455849874
13.92,0.04316850678259865,0.04370988056487489,0.04372396155888386,0.04353806648117536,0.04374841758339412,0.043723834156744815,0.042932149055186,0.04375090216975458,0.04330962807554846,0.042918842921102485,0.043397663779346354,0.04368923315908347,0.042743143117120894,0.043753773565220144,0.04330465371299383,0.043494664251580606,0.043740545087169846,0.04345430622622978,0.04374792636812747,0.043301270187189454,0.04373495267928635,0.043456831921242035,0.043656846596146624
13.94,0.04319005393917581,0.04371391881375895,0.04372684076428156,0.04352243857505952,0.043749283749379066,0.043726723848946165,0.04295204433185528,0.04375156382293059,0.043301400687166425,0.04291814785610312,0.04339706493059122,0.043686340770370966,0.042734889121874675,0.043754198866316964,0.04328994180935221,0.04348918767953336,0.043742059258932244,0.043457849842250304,0.043748832967327206,0.043302294911342014,0.04373692717678472,0.04345312626361474,0.04365487001305295
13.96,0.04321335931699315,0.04371820982569751,0.04373006829536186,0.04350688052893056,0.04375066421526499,0.04372996100219774,0.04296772326786176,0.04375275663799914,0.043297783658761496,0.04292421377169116,0.0433927252242038,0.043674523566143826,0.042723696469654494,0.04375517481643179,0.043278450775281446,0.0434842201866931,0.04374403430280293,0.043464851652295286,0.04375014408162734,0.04330100173557468,0.043739324592735954,0.04344573878482801,0.04365449329096815
13.98,0.043231101115821215,0.04372235055422261,0.043733233118353955,0.043487875231654934,0.04375213407484614,0.043733134654996335,0.04298397317283713,0.04375405429939777,0.043299048828113876,0.04293083994702755,0.04339206996985635,0.0436622449448782,0.042712891054502176,0.04375524571527428,0.04326913051421974,0.04348385324749282,0.04373485874705454,0.043472047719232604,0.043751656746166406,0.043310387458468734,0.0437417276587663,0.043435184825459064,0.043650956401357535
14.0,0.04324486629002616,0.04372672095130663,0.043736708053388015,0.04347165523481926,0.043754053761591076,0.04373661769199966,0.042997092227290354,0.043755815982184025,0.043309289211463736,0.04293010755740193,0.043389175633664324,0.04365282096286092,0.04270081338908034,0.04375519428413246,0.04326127659029815,0.043487902279472745,0.043725354217159826,0.04347107523271451,0.04375361570947456,0.043316907990790174,0.04374450362814491,0.04342721607926878,0.043651217041467245
14.02,0.0432612422488193,0.04373033086712267,0.0437394961054316,0.04345814676221788,0.0437554143916394,0.04373941318010937,0.043008102039585765,0.04375703159466343,0.043314821464217106,0.042922378207627766,0.04339063113320884,0.043633908684213116,0.042694084451562975,0.043756461057709625,0.04325261373413046,0.043497214874650664,0.04372585826187989,0.04347120412601283,0.04375325119979722,0.04332233604778793,0.043746400478516315,0.04342053277888191,0.04364912631021375
14.040000000000001,0.04327501595026821,0.04373407580715095,0.043742486898027955,0.043448676002074006,0.04375709537272191,0.043742410796087365,0.04301214510420078,0.043758579506701104,0.04331417430010419,0.042919942891062046,0.04338216489111098,0.04361599047605081,0.04269094118127727,0.04375805591549645,0.0432523233031362,0.04350885429265825,0.043729116124569326,0.043456219218393925,0.04375072397662092,0.04332846134044584,0.043748823155472315,0.04341530525739336,0.04365841823897581
14.06,0.0432920008288961,0.043737215328811384,0.0437449342736454,0.04344088276025975,0.0437583406215164,0.04374486443410974,0.043016376537757355,0.043759702626573665,0.043309258226393615,0.04290980637374232,0.043381015475335405,0.04359703678054605,0.042691502479838155,0.04375922212152582,0.04325139969939819,0.04352110910650678,0.043720380041545784,0.04344470426234795,0.04374815420548361,0.043334061543281836,0.04375074912244234,0.04341949955173521,0.043667783598307065
14.08,0.043312034366005725,0.04373967933165784,0.043746763019369805,0.04343605470850622,0.04375608549731556,0.04374669892751903,0.04302110890226864,0.04376031595988353,0.04330801664442176,0.04290459926621797,0.04337700701043768,0.04357583381030324,0.04268477982362309,0.043756379815662334,0.04325150202030705,0.04353113910386549,0.04371540514089202,0.04344516339015718,0.04374126800212701,0.043338456417097604,0.0437520993151791,0.0434236478028879,0.04367596172429429
14.1,0.043331039875991254,0.04374232103666809,0.04374882180447438,0.04343277953527186,0.043752895390007776,0.043748762986771356,0.043026992726532445,0.0437612594673069,0.04330940027418194,0.04289618959454616,0.0433689997704117,0.04356312078371587,0.042668390625214526,0.0437528505789859,0.04324971437620601,0.04354615020357618,0.043712189494311056,0.04344791028843072,0.04373662601433509,0.04334283114827431,0.04374710260348513,0.043429804640908586,0.04368384678039289
14.120000000000001,0.043341462436755254,0.04374556826385185,0.043751534192725094,0.04343015153859154,0.0437514164033877,0.04375148021414237,0.043030178619582284,0.04376294856930631,0.04331049576836229,0.0428838999353148,0.043361581263707365,0.04355183692339517,0.04265903394386673,0.04375523150708829,0.0432386523909599,0.04355324366306214,0.04371256960852118,0.04345295616546343,0.043739078975424533,0.04334925942708517,0.043732822805013116,0.04344269251296678,0.04369190487142677
14.14,0.043349781807496185,0.043748559925129576,0.0437540350194282,0.04342454646276961,0.043752455115682105,0.04375398548182278,0.04302909642322925,0.04376451030156281,0.04331092178669594,0.04286648583010726,0.04334919049151751,0.04354072278017735,0.04265212026104407,0.04375742814482749,0.04323804120539057,0.043564707138236965,0.043714328197912454,0.043459852123518355,0.04373625500959663,0.043362123683306567,0.04371948614936715,0.043452055082814516,0.0436993115783668
14.16,0.04335394371155539,0.04374990802329883,0.043754932504943174,0.0434276693860279,0.04374761558203214,0.04375488704439481,0.04302526460690279,0.0437645456476461,0.0433110523715631,0.04284966589261565,0.04333300847370282,0.04352408965128442,0.042652477460465195,0.04375804636844137,0.04324795789673387,0.043581073977179106,0.04371484155619505,0.043465501714213865,0.04373220762411714,0.043379114444532844,0.043705836838528724,0.043461646296671874,0.04370471292695391
14.18,0.043357507226921485,0.04375193160744407,0.04375654264575864,0.04342816802452819,0.04374198427017714,0.043756500925966405,0.043027825698321226,0.04376536476363353,0.043309776152159064,0.042839423007521506,0.04332029042575507,0.043504507387007736,0.04264884150051659,0.043755974837972694,0.04326314198894113,0.04359138671288722,0.04371204926159012,0.043463514649323534,0.04372963035567324,0.04340184397806667,0.04369495689031296,0.043468382265220346,0.043710455424301506
14.200000000000001,0.04336552346820638,0.04375328676625404,0.04375751833319851,0.04343470874763212,0.04373837377009119,0.04375748004679061,0.0430309634747047,0.04376561442345687,0.04331470208411291,0.0428383579068475,0.04330578897566239,0.04348184656645999,0.04264910558378578,0.04375234601598453,0.04328380635201213,0.0435943792573575,0.0437044976583608,0.043454207891645974,0.04372738512819114,0.04342251501550504,0.04368168339496806,0.0434706852194506,0.043715223919321325
14.22,0.043367246265643415,0.043754189272873514,0.043758072567259804,0.04344444267333851,0.04374050366774376,0.04375803743195536,0.043026282181676145,0.043765502321358896,0.043329623658569585,0.04284058601082395,0.04329533482849304,0.04346359465107334,0.04264898022566277,0.043742880121005336,0.04330209310401575,0.043597964585474824,0.0436852939520752,0.04344871172444391,0.04373041942898221,0.043447389272758014,0.04366036652599945,0.04347322639921534,0.0437192591295578
14.24,0.04337957286584873,0.043754567485968884,0.04375813113517805,0.04345702015427966,0.043742008382525704,0.043758098891962,0.043026840493662614,0.04376346394682807,0.04333775108034568,0.04284292224887268,0.043288078632868904,0.04344336886852216,0.04264409047322702,0.043729331173390784,0.043309315656664835,0.04360618868130859,0.04366862979463341,0.043454656356210535,0.04373275420658308,0.04347175297726299,0.04364104303493821,0.04346790091527834,0.04372251254363875
14.26,0.04338601069226472,0.043755204415943535,0.04375847475255713,0.04346598544474562,0.04374107223036815,0.04375844516317731,0.043031090809862504,0.04376265562105156,0.043338682628680195,0.04284579808454113,0.04328598926717416,0.04342224969205306,0.04264148493345075,0.04371722946932401,0.04331113319647507,0.04361119824226178,0.04365523216799315,0.0434631190707627,0.043735186517982555,0.04348995054065662,0.043634668490777524,0.04346335075426049,0.04372578781363626
14.280000000000001,0.04339465736197792,0.04375555471188221,0.04375855586145982,0.04347228169604569,0.04373580006624589,0.04375852870763278,0.04303519542771485,0.04375782663684026,0.043333309958872926,0.042851774752225846,0.043283050940347435,0.043403960328699545,0.042640233762150745,0.043717358787213105,0.043318616010830285,0.04361837511387616,0.04364981527958066,0.04346774899390662,0.04373718452155976,0.04349589024213579,0.04362523321105454,0.043460488187000546,0.04372855944074645
14.3,0.04340805049807903,0.04375514413239802,0.04375789820611112,0.043474860291969716,0.043725781217374415,0.04375787328777921,0.04304035215632958,0.04374929125107777,0.04333189086179992,0.04285298788396896,0.04328178794654684,0.04338962949496396,0.04264821889583259,0.04371080275864054,0.043332138157486495,0.04362330682043005,0.04363930718278422,0.04346843933582274,0.043738286306100646,0.04350313535046136,0.043622630677307754,0.04345781598377806,0.04373037130295701
14.32,0.043417615880043954,0.04375498256782395,0.043757509919136635,0.043480408665235705,0.04371963352404235,0.043757487052145626,0.04303582110439172,0.04373285457329496,0.043340869365470255,0.04285149782580579,0.043274456158782,0.043378675487760476,0.04265966704406734,0.04370300594700764,0.043343802306929614,0.0436322815767225,0.04363122320887157,0.04347407903864267,0.043732810977832715,0.04351399176276895,0.04361129530247274,0.043463781609612624,0.04373224910113823
14.34,0.043419902351883734,0.043754075072996335,0.04375639432603298,0.0434881211688155,0.04371232640415813,0.04375637334187535,0.04304431427014917,0.043712092910185914,0.04334042489050639,0.0428574691052546,0.04326725614887321,0.043366143120123594,0.04267163599660146,0.043696432328373454,0.04335719371614272,0.043641477095508106,0.04362527630075571,0.043470538740470265,0.043725703712385565,0.04352449103839831,0.043603753292451586,0.04347539122256047,0.04373321344549741
14.36,0.04343402368578066,0.043752702158696345,0.04375483042167946,0.043493802110549214,0.0437083137408667,0.04375481116556328,0.043050966212152555,0.043695505196311026,0.043347151398114694,0.04286132237223671,0.04326173562789671,0.04335603721713952,0.04268778182036418,0.043685573548320165,0.04336544464107885,0.043649376603582195,0.04361893686635033,0.04345451691820341,0.04370787757801394,0.04353437136416341,0.04360542793326051,0.0434859329373584,0.043733558482317816
14.38,0.043450205011628336,0.0437514059626013,0.043753358961903834,0.04349244716137073,0.04370822869484045,0.0437533412915399,0.043056050506071135,0.04368297107568329,0.04336038701241946,0.04286814565400498,0.043259388805460396,0.04333985826876587,0.042704704670812416,0.043677865111272536,0.04337288915822546,0.04365658932637111,0.043614328700640005,0.043430595903496,0.04369075362923653,0.04355105483455552,0.043602220686044024,0.04348937079407509,0.04373383877898167
14.4,0.04346205310391188,0.043751665034732476,0.04375345726275623,0.04348975060071427,0.04371204212797084,0.04375344104702006,0.04306529831207811,0.04367153928845352,0.0433711727945226,0.04287163870879279,0.04326210703112541,0.0433227272347978,0.042711163621678844,0.04367858496216349,0.04338578412751344,0.04366465372226107,0.04360153807195187,0.04340613587519211,0.04367646367331199,0.043567806850140604,0.04359269506206372,0.04349273750179441,0.04373554398505234
14.42,0.04346601418603191,0.043753229272215956,0.04375487401354814,0.043485823339284094,0.04371686702835601,0.043754859132243334,0.0430656595608846,0.04366589512827408,0.04337989518085755,0.04287516082530926,0.04326271526251846,0.043307685958284284,0.04272122981209126,0.043676129984540915,0.043395320553864726,0.04367337832686021,0.0435911351371784,0.04337989220366781,0.04366505309052891,0.04358450121336871,0.043590181522145756,0.043496064406025624,0.04373843486192007
14.44,0.043473613984563696,0.04375402023165853,0.04375552960109358,0.04347587758238942,0.043720650814597105,0.04375551594460778,0.043062177016134025,0.04366294909709845,0.0433873517977098,0.0428789196191636,0.04327183902497904,0.043296844823729023,0.042723602993826174,0.04367992686053569,0.04340762691748459,0.043680741489329315,0.043579759723470855,0.043358785583136994,0.043649937118668276,0.04359917948565493,0.04358590102542802,0.043498805776290506,0.04374044348845085
14.46,0.04348339835475656,0.04375486188602399,0.04375624702913193,0.04346958690429046,0.043724238887448925,0.04375623449662217,0.04306087229008747,0.043662622884928406,0.04339775221351569,0.04288138403967093,0.04327768707488925,0.04329204332949612,0.04272466645668438,0.043678385364833185,0.04341710158000113,0.04368761423774175,0.043573205405457456,0.04333389811664531,0.04363269599940307,0.04361276506918413,0.04357558881493256,0.04350474700849568,0.04374240255575947
14.48,0.04349616848039943,0.04375704452577911,0.04375831570778574,0.043461457040431785,0.04372894100019066,0.04375764096523277,0.04306491319799189,0.04366637616109269,0.0434069892928756,0.04287742023487068,0.043278205741459755,0.04328987726333581,0.04271961043742103,0.04368395413259571,0.04342065097051709,0.043695329602610154,0.04356690718602523,0.04331370608952009,0.04361228925459876,0.043617097929451884,0.043565675392732824,0.04351581912009262,0.043745610272988816
14.5,0.04350875680439748,0.043759635640740854,0.04376080225334557,0.04344788957344174,0.04373384395472147,0.043760183016160706,0.043077872980344836,0.04366869817681792,0.043420919839053225,0.04287761243694965,0.043274882712903875,0.043287078100927544,0.042720040956049685,0.04368683781386608,0.043419130617092946,0.04370299748279607,0.0435606793048947,0.04329554855124157,0.04359186816651287,0.043611173564125624,0.04355444195041281,0.04352996411589736,0.04374914198730562
14.52,0.04352164162687991,0.04376180116655173,0.04376287180659821,0.04343281784080975,0.04373324728411884,0.04376059115651026,0.04308912374272743,0.04366827993018855,0.04343608075463132,0.042874120572919276,0.043272683723072476,0.043286875339159314,0.04272923031421917,0.04368675142385273,0.043420996803160194,0.04370982240358487,0.04355103329724566,0.04328054390636926,0.04358067387809623,0.04361301684223207,0.04353696167316856,0.04353866372984289,0.04375217078406121
14.540000000000001,0.04353905998037825,0.043765130110736114,0.043766112703623516,0.04342296376273189,0.043731920328773204,0.043754437071088885,0.04310257933081261,0.04367068237187739,0.043453451985940056,0.04286706249917766,0.043266733008226636,0.043288249115192926,0.042744618967965005,0.043681845924512415,0.0434131082358089,0.043717425970624044,0.04354840259029622,0.04326845847488402,0.04355892309184874,0.04360349198444814,0.043525512385019755,0.043554061037928825,0.04375576906810485
14.56,0.043554963621318436,0.043768884814043486,0.043769786614995594,0.04341671997475354,0.04372919861018847,0.04375530864680335,0.04310996247381975,0.04367486522151052,0.04347378968728972,0.04286389625601675,0.043262104700912435,0.04329146966022138,0.04276166872439311,0.04367539795089602,0.043406569531731685,0.043725103061169016,0.04354363349891401,0.04324677159072185,0.04354331680980913,0.04359580349664771,0.0435061424226466,0.04356792010112994,0.043756722530067405
14.58,0.04357333487188201,0.043770730859895496,0.04377155848163236,0.04341214587192469,0.043726757468417705,0.04374917845081,0.043118026090907126,0.04367743780497871,0.04348435762120006,0.04286381537236932,0.04325315831288501,0.04330275861958131,0.042777401567823864,0.04366984040818545,0.04339844547644749,0.04373055045171127,0.04353684514015393,0.043221634826367455,0.043538192112904786,0.043599960424789995,0.043484131329005776,0.04358239143481995,0.043757347001306304
14.6,0.04359070285149641,0.04377185934584272,0.04377261888028921,0.04341409110348947,0.04373043357603779,0.04374320412687534,0.04312356668868638,0.04367229984389488,0.04348138957065123,0.042870161897275084,0.04324935563928432,0.043312154881285904,0.04279558552112406,0.043666742116186916,0.043386287856011306,0.04373498452401219,0.043528847257686895,0.043200856931057456,0.04352888924867279,0.0436077423030046,0.04347374022165795,0.043584909056773244,0.04375957655870381
14.620000000000001,0.043607911834609894,0.04377416967722411,0.04377486674612534,0.04342693793486054,0.043729400901235886,0.04373868415015073,0.043138142086047444,0.04366616718292501,0.04347238399386675,0.042875039568722996,0.043240972464505166,0.04331789054614656,0.04281208818052715,0.04367235387585492,0.04338395932120785,0.04374032751028193,0.04352242634641548,0.04317934604972368,0.04351515726490517,0.043608938355125124,0.04346435717741263,0.04358104452203828,0.04375743431008762
14.64,0.04362485258294886,0.04377744107918227,0.043778080836644154,0.04343310406866851,0.04373289917797416,0.04372995390914903,0.04314811641614333,0.04365876728878108,0.043457306273297906,0.04288072271548118,0.04324057498230295,0.04331409172109833,0.04282562084982677,0.0436802879909189,0.04338324703432836,0.043746381339191724,0.04351855747765684,0.04316300997295116,0.04350382054980037,0.043604380819873924,0.04346267388688232,0.043578167036003757,0.04375794199089421
14.66,0.04364045187698787,0.043780495054663235,0.04378108221339483,0.04344370428930026,0.04373432229656064,0.04372036455696751,0.04315881675884085,0.04365736493734956,0.043438183092423005,0.042886558613503,0.043239226621882905,0.04331108815838291,0.04283583275678413,0.04368381901304178,0.04338420441964708,0.0437519889431711,0.043514698889221555,0.04314754098705153,0.043494618677844724,0.043601089860522885,0.043464141710886896,0.04357164158486244,0.043758764686709216
14.68,0.043655226317691365,0.043783756958645115,0.04378256690060695,0.04345961921862044,0.04373627160095365,0.043721726086866336,0.043173366524694154,0.04365107806752696,0.04341782547434686,0.04289389194374792,0.043238106824902006,0.043306638018767815,0.04284176800800285,0.043688701078417574,0.0433814625385518,0.043757594250528935,0.043506493035258866,0.043132716868969634,0.04348660771005212,0.04359951107961708,0.043457405915776605,0.04356385259728595,0.043763812980168945
14.700000000000001,0.043668056781579145,0.043786019327111854,0.043780879302558036,0.04347191037548614,0.043736255251654615,0.043706481067320294,0.04318461681414697,0.043636285304118366,0.04340563173291677,0.042898934188496454,0.04324507836693237,0.043302016211017,0.04285033617899697,0.04368559513055857,0.04338460235649835,0.043762007779168784,0.04351236881679596,0.04312643769670007,0.04348171982671052,0.04359903150387462,0.043447051844832996,0.043560968952478366,0.04376771519004662
14.72,0.043679404023534416,0.043787666346124264,0.043778443617449966,0.043484077516965314,0.04373109159942596,0.043693215230942245,0.04319388120405003,0.04361781403213267,0.043391283524907884,0.04290510435127842,0.043252051774755024,0.04329543235526397,0.04286496674034385,0.04368587919408972,0.04339441442266619,0.0437656293009117,0.04351987400098482,0.04313053812966437,0.04347399645850868,0.04359481213391283,0.04343259044844007,0.043556966210132525,0.043770867383515114
14.74,0.043690331419511744,0.043789692349125844,0.043781227918724436,0.04349614441058177,0.0437284097473625,0.0436923904350848,0.04319772851558664,0.04360088804212369,0.043370723895638084,0.04291132229564086,0.04325713545136591,0.04329251034404011,0.04287624950168925,0.04369073051685793,0.04339784137430516,0.04376703284251691,0.043520293570438996,0.04313572797248996,0.043458916078103184,0.04359266294425117,0.043424233462785684,0.04355353230449584,0.043774274607279305
14.76,0.04369870030065913,0.04378988825104313,0.043782120066280066,0.04350580429156443,0.04372339551047761,0.0436848356583984,0.0432053781130952,0.04358458215126025,0.04335465917755106,0.04292782435566959,0.043260551387506466,0.04328886597356381,0.042885595348754586,0.04368847295212107,0.043392821927678175,0.043769092612632676,0.04352541936454962,0.04314242398696917,0.04344744549558136,0.04358967444114296,0.04342230924773676,0.04355440068307998,0.043775738702684475
14.780000000000001,0.04370629690113068,0.04378722477577962,0.04378285478838692,0.04351007881329638,0.043718875110130874,0.043682828367477736,0.0432256620720584,0.04357110890189237,0.043340816336041865,0.04294548761008618,0.04325946569526736,0.04328650222855459,0.04288937299751385,0.04368766752172956,0.04338716982345072,0.04376185419137807,0.04353343545053292,0.04314618403664039,0.043436098609378304,0.043585957364830535,0.04341743586583104,0.04356062420056397,0.043776998338047414
14.8,0.04371465112988808,0.043788924451147584,0.04378491379994828,0.04351125569094217,0.04372406777555817,0.04368300521374747,0.04324412513379878,0.04355237138067097,0.04333083441800655,0.04296645624958918,0.0432524647984181,0.0432766788107618,0.04288786970192844,0.04369503382773692,0.04337335238760884,0.04375863967284524,0.04353924781154399,0.04315548176405657,0.043421956714494066,0.04358693075562477,0.04341024589882494,0.04356195369788571,0.04377953891497332
14.82,0.0437170020275122,0.04379065755192122,0.04378697667478984,0.04351448312457597,0.04372913172421474,0.04367938465064593,0.043266280814492776,0.043533491324546064,0.04332448950778234,0.04298502514175831,0.04324551427183485,0.043270652478814196,0.042886488925226424,0.043690354521801616,0.04336310594301586,0.04376152493295528,0.04353707167981362,0.0431666027510449,0.04341845976751333,0.04358958617799266,0.043396638093356546,0.04356503417697376,0.043782043737417585
14.84,0.04372374254871674,0.04378892759089558,0.043788000183598755,0.043508711567922013,0.043734353361131045,0.04367815011109926,0.04328424677300093,0.043512108334860446,0.04331056429842041,0.04299794455574038,0.04324345625609504,0.043270528542608586,0.04289299671132266,0.04369219153493536,0.04335342675116668,0.043763576316642926,0.04354074966771239,0.043176400523397974,0.0434178229718823,0.04358704143058984,0.04337844470473111,0.04357232525360323,0.04378429000992608
14.86,0.04372621004960331,0.04378290808333824,0.04378762849489536,0.04350316775263793,0.043740065738296335,0.0436774986542593,0.04329482148641142,0.043494287539268484,0.043298243413141285,0.0429997673928802,0.04324871287769346,0.04326897510169465,0.042908194842776345,0.04367880745277194,0.043352130599524225,0.043766765614965376,0.04354599292431661,0.04319738471827693,0.043416528405983604,0.04357719031897769,0.04336901635077901,0.043577761262973816,0.043787940924534426
14.88,0.04373520795821277,0.04377929203852252,0.04378456052986028,0.043499515142176565,0.04373597800263221,0.04366926091827612,0.043305164483961066,0.04347421209475095,0.04329077802231634,0.04301178709789019,0.04324468692897894,0.043264638899323096,0.04292583699037804,0.043663923635785674,0.0433478882619733,0.04376301242060538,0.04355095625828763,0.043219870981992876,0.0434079047942926,0.043578234818086474,0.04336580304636887,0.0435896209057508,0.04379186576957727
14.9,0.04374281466634752,0.04377688055851801,0.043774771528294544,0.04349426537941907,0.043733860163632426,0.043670736455788145,0.043319640710303135,0.043455499581325524,0.043289027470642845,0.04301981376419343,0.04324626231750674,0.043258642874591996,0.042939173228501236,0.04364383629051544,0.043337718835077046,0.04376651826355659,0.043553552984195665,0.04323932219055575,0.04340200923483424,0.0435723041879782,0.04336737195985137,0.043601161808987515,0.04379481554538362
14.92,0.043750609640085154,0.04377707880529615,0.04376026357060404,0.04349445845471839,0.043735353698332126,0.043669330133158,0.043326678926959517,0.0434377610929655,0.04328492097717077,0.04303494407309872,0.04325016843417074,0.04325787645142995,0.042950171722996255,0.04362641650484826,0.04332619296557102,0.043766716495516125,0.04355562605254597,0.04325864066697196,0.043394457195672496,0.04355768765663295,0.04336619713756044,0.04362011209755294,0.043798337246142544
14.94,0.04375120392366103,0.04377462733988566,0.04374845399737669,0.043502059201232075,0.04374025078944674,0.04367211630577578,0.04333237064231591,0.0434223447715341,0.04328617520454282,0.04304770594301443,0.04325286515903071,0.043261931078352564,0.04296314139156516,0.04360960429068248,0.04330601578468818,0.04376206414840185,0.04356502486638395,0.04327596665397081,0.04337809317912322,0.04354961240383651,0.04336220270025192,0.043635931610221834,0.04380023861470573
14.96,0.04375676831852013,0.04377826611295434,0.043735594451941674,0.043504464749879936,0.043745737214110895,0.04367227309183731,0.04333266702773427,0.043409329124020124,0.043283309354330946,0.043059771053893435,0.04324945948501139,0.04326582901142693,0.04298317570678753,0.04359287671191182,0.04327585096059394,0.04375634135121248,0.043579159517469095,0.04329353444440515,0.04337266197044427,0.043541530620822416,0.04336356355993151,0.04364606425701974,0.04380177190374078
14.98,0.043758822043104655,0.043780188089990256,0.04372511388236488,0.043504204367425824,0.043749567135941324,0.0436732354883384,0.04333144145775612,0.043408594354681876,0.043280257479871895,0.04306675411287039,0.04325270436509288,0.043269193039531334,0.0430071288661947,0.043577522666138034,0.043245066256022646,0.04375368606447405,0.04359054379905259,0.04331760169918544,0.04336795348038233,0.043531573235034184,0.0433584497512526,0.043648637576809,0.04380176078848431
15.0,0.04375974226549703,0.043781968661454514,0.04371488635893572,0.04350480555104085,0.04375065594912344,0.043674414929780116,0.04332535595793154,0.04341078751167072,0.04328003638275591,0.0430664698394638,0.04326014183386581,0.04327376289515938,0.04302799770180468,0.04357044407627321,0.0432194813193756,0.04375513808493237,0.043593853186631316,0.043336611755139046,0.043358100704956395,0.04352508523547881,0.043351896993807724,0.043656595554192726,0.04380176725072927
15.02,0.043763315490509394,0.043784811123600574,0.043708926789396516,0.04350532173209591,0.04375158019478739,0.04366972317286512,0.04331937873106093,0.04341730170882627,0.04328098833274521,0.04306851577928094,0.043256385888015565,0.04328319180613447,0.04305003846799236,0.04356541519000761,0.04320181736525323,0.04375078004000958,0.043590324602045545,0.043349050391138406,0.043342686484715856,0.04351825479225814,0.04335188016450599,0.043667329747324235,0.04380298200543071
15.040000000000001,0.043765514189002236,0.04378697271097794,0.04370139980738938,0.04350105146575549,0.04374393678274097,0.04366216750306064,0.043309153595358044,0.04342923404052774,0.04328007040691025,0.04306665752276082,0.04325463942588973,0.043296102113640024,0.04307078088016624,0.04356374842633079,0.04318651681922103,0.04374539330769714,0.043592408716795296,0.04336619547278109,0.04332652374416021,0.04351446118131371,0.04335833469666502,0.043675087656601864,0.04380364953425423
15.06,0.043768866937229235,0.04378856090412631,0.04368681236480817,0.04349616357754442,0.043740351216676646,0.04365146687357511,0.04329068822870161,0.04343988506007896,0.04327180737163973,0.04306338394335529,0.04325506046293747,0.043310854370919485,0.043103493211688784,0.043568458243545494,0.04316868490494807,0.043734729440190794,0.043590692460660795,0.043383433596159766,0.04331329979386308,0.043516092943951826,0.043367471451042965,0.04368587626630949,0.04380386637604668
15.08,0.043771924255874346,0.04378999876062173,0.04367191401506639,0.04348805359679369,0.04374049946465754,0.04364596189834266,0.04328097974347732,0.043459294136916904,0.04326134274133605,0.043061702031385964,0.043261535259612176,0.04331777347722672,0.04313515833424328,0.04356238068037697,0.04315362541227166,0.043718187055876316,0.04359373170116704,0.04339226378569655,0.043300067098235986,0.04351779285931879,0.04337601002643145,0.04369575802266357,0.043804045642406975
15.1,0.04377643149081374,0.04379302034873305,0.04365703807176556,0.0434909576110568,0.043735560164787655,0.04363690154672233,0.043268312655453965,0.04347174321391485,0.04324951776906141,0.0430645922407434,0.04326994801281545,0.043336102949763526,0.04316930562037792,0.04355115989194551,0.043137052976612356,0.04370052796088648,0.04359271817521957,0.04339969804129144,0.043285184813679,0.04351858323918365,0.04338320477258974,0.04370652579554622,0.04380591263703646
15.120000000000001,0.04378014977806487,0.04379665739307064,0.043640080827634334,0.0434863139166892,0.043728715407247654,0.04362483442705975,0.04326099121594591,0.04348353609937919,0.043248493683229555,0.04305900996813725,0.04327206023508819,0.0433478699011153,0.04319967849413033,0.04355372494089739,0.04312492242891048,0.04368463964924227,0.04359643132857062,0.043407167799663915,0.04326856669350283,0.043524410545428695,0.043386702838395505,0.04371655220468476,0.0438084902239115
15.14,0.04378400131916484,0.04380091858905825,0.04362156326567628,0.04348589194876799,0.043716378097149663,0.043603948975025106,0.043256219125703925,0.04349621694117063,0.04324474729332328,0.043064777127155285,0.04326998235534509,0.04335892926779838,0.04322638112375965,0.043557098463972266,0.04311796526806996,0.043668573075224974,0.04359566948376527,0.04341085133345154,0.043252869907010036,0.04353450441368227,0.04339333866639179,0.043727394704341435,0.04381177925499197
15.16,0.04378915238534115,0.04380478906690952,0.04360934647721368,0.043482483999635946,0.04370971765922094,0.04358526501611236,0.043252555943116215,0.04350827610704904,0.04324036696542304,0.04306731211701007,0.04326754102361108,0.04336588181090019,0.04325385215217732,0.04355541153269077,0.043118957021151615,0.04365069809936753,0.04358808361180139,0.04340809167948125,0.04323843545116293,0.04354929489441817,0.04340242371620212,0.04373730583992579,0.0438147574300778
15.18,0.04378966539424046,0.0438091650697923,0.04359077152921528,0.043478702564729924,0.043702435015945076,0.04357471945256922,0.04325816029811896,0.04351254447638113,0.04323731546977508,0.04305969272509968,0.0432708659881476,0.04337086576654943,0.04327184232851235,0.04355071751319199,0.043119605493114076,0.043646677148203306,0.04358549381378213,0.04340048653990222,0.04322725492542763,0.043564057262973285,0.043414152794804844,0.04374649381652578,0.043818314612998066
15.200000000000001,0.04379102327818858,0.04381453089517339,0.04356746699726659,0.04347770960460056,0.043690518829160516,0.04355562312960138,0.04326441789028177,0.04352119068861343,0.04324202401850965,0.04305199967275385,0.04326606301242436,0.04337321190971477,0.043292589843728586,0.04354187672726739,0.04311683766964234,0.04364565241420442,0.0435854952107738,0.04339783762870855,0.043217088062027176,0.04357316408414339,0.04343374349260412,0.04375700580416883,0.04382292913644238
15.22,0.04378922332712929,0.04381776532392584,0.043549914028844915,0.04347172744487892,0.04367352907018426,0.04353311401710354,0.04327529574970539,0.04352878651342226,0.04325490414597531,0.043046172644854046,0.04325542880284995,0.043374921200296665,0.043321788402553,0.04353880956928092,0.04310958672582874,0.043647892331764866,0.04358423578431132,0.04339354845416792,0.04321360080341748,0.043577425488950015,0.04345189064999551,0.04376496586263517,0.04382547365792494
15.24,0.0437930301575272,0.043818533324900856,0.043533442899422424,0.04346504531305025,0.04365995367510449,0.04351388464394089,0.04328863965382002,0.04353149932223045,0.043266657530858024,0.04304650750669729,0.04324838373080843,0.04337676785274236,0.043349795613112384,0.04353788059866931,0.04310124717789735,0.04365059540037804,0.04358214090029033,0.04338727206372319,0.04320976609547784,0.043575765746863865,0.043466123191992175,0.043770766185847486,0.04382630141464519
15.26,0.04379693810149404,0.04381998925654912,0.04351207679746873,0.043468897276564084,0.043649255468771166,0.043485078549856296,0.043301260793196635,0.043540979194925396,0.04327122607317103,0.043043860579005305,0.04325595029105264,0.04337600369910629,0.04337160854230884,0.04354652615533903,0.04308955259905262,0.04364324947143238,0.04357847467643792,0.043380527741105936,0.043205752535027495,0.04357385588953649,0.043484957309925985,0.04377650360306393,0.04382747539560877
15.280000000000001,0.04379555953381479,0.043817993228246276,0.04348949612011498,0.043466029200669075,0.04363995023656131,0.043461379127576555,0.04330946612153133,0.04354712025361187,0.04327834623232416,0.0430405392337018,0.0432636400270007,0.04336823571736254,0.043394513745851834,0.04356395238943595,0.043080991006689266,0.04363523783436987,0.04358071832845779,0.043381390224412925,0.04319871974171612,0.04357200668573605,0.043502792464317694,0.04378256917473431,0.04382935337176301
15.3,0.043798220055006595,0.04382006721319978,0.043473500067981195,0.043461459432230266,0.0436319539963924,0.04344359706802779,0.04331597421841687,0.043558871257764156,0.043273839232928484,0.043036276563232716,0.04326043148222682,0.04336144598276463,0.04341805846871626,0.0435782228447299,0.04307426646323863,0.043628651907756194,0.04358216201517806,0.04338114813747292,0.04318925479946894,0.04357095146337659,0.04352359954538157,0.04378755386086509,0.043830493923644076
15.32,0.043790480694818744,0.04381774678654729,0.043466376587810454,0.043463379115005925,0.0436208224785209,0.043428288155978795,0.043322544379206,0.04356300955392725,0.04327072186822854,0.04303148204760662,0.04326063211330374,0.04335336892705817,0.04344967997064047,0.04359016495505734,0.04307739410100391,0.04361688610017586,0.04357944934531529,0.043380532001588264,0.04317110847886889,0.04357092900640727,0.04355035129972614,0.043792619900231096,0.043832032132972966
15.34,0.043787861121195835,0.04381966616776562,0.04345985707301049,0.04346994031767756,0.043606669645366296,0.043407925424096876,0.04333278209579406,0.04356996867859983,0.04326736728499292,0.04303061445285417,0.04325356979903211,0.043333982612340276,0.04348184378071758,0.043594639725479466,0.04308944698186339,0.04360485627614659,0.043581640130102704,0.043383570063995625,0.043156598247548875,0.04356764152803212,0.04357017693726231,0.04379660398354369,0.04383277767258151
15.36,0.04378655732785476,0.04382168724221252,0.04344705841337041,0.04348044538844182,0.043594210828373045,0.04338677700979514,0.043347650877202056,0.043567605770602834,0.04326057532978908,0.043041774467755686,0.04325642573172482,0.04331584775246984,0.043511622232705924,0.043605265618998953,0.04309800609724411,0.04359208482089044,0.043578555507632795,0.04338904899353343,0.043139752484820236,0.043561388416815575,0.043583418279250136,0.043800519976086374,0.04383372143242977
15.38,0.043784158861952215,0.04382185643914102,0.04344129854390306,0.04349207989654577,0.04358968591334788,0.04336344885772511,0.04335642826882428,0.043566868721140226,0.04324576380987742,0.0430515219418236,0.043263447223664625,0.043303885109268685,0.043538367797473575,0.04361101148520666,0.04311034390419233,0.04357959991285686,0.0435694123529281,0.04338995248973404,0.043119051477171634,0.04357108854296125,0.04359320638920353,0.04380352451618747,0.04383399754487065
15.4,0.0437787172044459,0.04381952684039846,0.04342145889600796,0.04351385150702145,0.04359402593528102,0.04333180326814792,0.04336595238773787,0.043571336735198085,0.043230036607723094,0.043059566445878515,0.043277098484826165,0.04329301035970309,0.04356274728110044,0.043614617003753825,0.043124641046943545,0.043562238654446896,0.043560033203135395,0.04339774472661879,0.04310096219386097,0.043576037647562134,0.043604398811895685,0.04380611302433768,0.04383408173397529
15.42,0.04377568081994087,0.043807730760668136,0.04340215370568459,0.04353940410495994,0.043592322341595505,0.04330283964824648,0.043378703169149734,0.043576086395692645,0.04321071313645845,0.0430636184577577,0.04329459262884052,0.04327797663540916,0.043584280683719716,0.04362731127095342,0.04313699967646565,0.04354138622196755,0.043551065081308925,0.04340501612961608,0.04308506143098372,0.043587737085371656,0.043618367015034694,0.043807641948563854,0.04383331165161086
15.44,0.04377894091704251,0.04379859994793663,0.04339233363857926,0.04356208978343832,0.043589485089910104,0.04326910258032596,0.04339496457989545,0.04357763429790014,0.04318768745310178,0.04307020420168681,0.04330452494880462,0.043263454720872195,0.04360327681694316,0.0436416795043238,0.04314607451117121,0.043518945401521104,0.04355174862758477,0.04340994715905802,0.04307725628315107,0.043593178492099954,0.04362876308789263,0.04380827434913176,0.04383183360762863
15.46,0.043783471893316606,0.04378370091029371,0.04337889182367051,0.04358444226388465,0.043586119796661604,0.043237510017342315,0.04342052159534146,0.04357742586878459,0.04315899770598326,0.043078136849168114,0.04332192266064998,0.04324491523547629,0.04362224441819958,0.04365054637751289,0.04316614797792603,0.04350898008139587,0.04354551703777525,0.043410992823012605,0.04306881499160125,0.043597749141684426,0.043630538220862373,0.04381039461224206,0.04383201769721464
15.48,0.04378755366046902,0.0437741617460769,0.04336383429646249,0.04360485221954433,0.043581593876926374,0.043216915699670906,0.0434345875898136,0.043572865276579116,0.04314187295094863,0.043085396538577826,0.04333230239585635,0.04323054309498956,0.043639576623028545,0.04366385645943117,0.0431822939101422,0.043491226921806646,0.04353866801809399,0.04340659519787676,0.043068571962401145,0.043600935158984507,0.04363742291927567,0.0438122637428141,0.043832109740230135
15.5,0.043787418068240165,0.04376837609962849,0.04336128346151235,0.04362273174747035,0.043584089809046794,0.04320115427270083,0.043445490737000055,0.04356636753781052,0.043127231633725234,0.04309484718463459,0.04333349013316606,0.0432215343647,0.043655007234269586,0.04367441705625917,0.043202941457286925,0.04347389767967024,0.04352333798180921,0.043397070212873055,0.04307322018922077,0.04360286009530729,0.043638017531109435,0.0438135003761567,0.043831715136402036
15.52,0.04379128389894651,0.04376296364308687,0.04335904842258762,0.04364013190608878,0.04358018670512638,0.043185533243232516,0.043452775227053715,0.04356379223124469,0.043116913824984095,0.04309575637535865,0.043338672107563495,0.04321526797437174,0.04366975491380037,0.043679471987121236,0.04321945699042402,0.04346053122362059,0.043505860260786886,0.04338568116754849,0.04308127582281289,0.04360883554397681,0.04363964330695459,0.04381522269848666,0.04383194052482244
15.540000000000001,0.04379036268415483,0.0437606582041501,0.043359361082775535,0.04365687108919497,0.043579932329325874,0.043164344251246184,0.04346675239208869,0.04356266111175353,0.04310339741327591,0.043086140990160615,0.04334205467227217,0.043214200315316344,0.04368406008402268,0.043678131103091475,0.04323190044177135,0.04344728299255439,0.04349029849542241,0.04338270819848931,0.04309297090830477,0.043615882570751295,0.04363953384676396,0.04381757531934047,0.04383291950377304
15.56,0.04378525051335662,0.04376705179868721,0.0433599004033935,0.04367339391571181,0.04357846869150554,0.043150049185564913,0.043469622300542334,0.04355867631509028,0.04309131686523653,0.043092547883574465,0.043343754952593,0.04321190943533046,0.04369834955377703,0.04367917368717474,0.04324538982348815,0.04343600382525736,0.04347402850001685,0.043374224983175835,0.04310240656312722,0.043618272439588726,0.043634329402958555,0.04382089758874107,0.04383498137210753
15.58,0.04376911711017765,0.043774294058296546,0.04336309965699407,0.043688329867349295,0.04357368607141102,0.04314304998212825,0.043465160728868,0.043565420347198056,0.043084210132601795,0.043103793980783504,0.04333944969661024,0.04320708414310385,0.04371123548049893,0.04369029290649061,0.04326055360876377,0.04342562768252311,0.043454721634705325,0.043354081463887306,0.04311523643354065,0.043615088764204814,0.043636106221864576,0.04382371659093175,0.043836643437066974
15.6,0.04375668650501303,0.043774850578710486,0.04337383586951113,0.04370075615080328,0.04356487864488354,0.04313540298733458,0.043457565341637625,0.04357030230016979,0.043080084862767654,0.04311118317102647,0.04333963945604352,0.04319675659653046,0.04372177952486131,0.04369805431376379,0.0432721756444359,0.043425775376298416,0.04344064714725635,0.043336462602965274,0.04313073326851317,0.04361193519175717,0.04363859457494376,0.04382501764573775,0.04383688224503557
15.620000000000001,0.04373788634617997,0.04377280157736655,0.04338340897792556,0.04371327077686939,0.04354822896788292,0.04312806580359072,0.04344532610591692,0.04357776199600916,0.043076849106121494,0.04312053712184448,0.043341110626025976,0.043193977426245374,0.0437325670721411,0.04370277498701021,0.04327889028294716,0.04343236914679308,0.043425955817225456,0.043327574876762864,0.04314624748117856,0.043606240121863885,0.04364261718625223,0.043827324139119515,0.04383821405672739
15.64,0.04372394628698026,0.04376728785661006,0.04339334730954405,0.043725893295746075,0.04353573708493023,0.04312109523370571,0.043429243477934615,0.04359267962464109,0.04307705248162352,0.04313372339999376,0.043343778187171,0.0431868460707238,0.043743604852597304,0.04370125454473999,0.043290252714374276,0.0434326805176254,0.0434132836404534,0.04331963109197183,0.04315998851907079,0.043597898905073124,0.04363961964381298,0.0438305798472899,0.04384057541338697
15.66,0.04370440825149759,0.043762259318796244,0.043396004547312905,0.043736151059796814,0.04352180362003126,0.04311070196622088,0.04342334375351172,0.04361388148261196,0.043081988354129234,0.04315189143277594,0.04334083571029471,0.04318903924376771,0.04375240753369715,0.04369631557201267,0.043297628892597584,0.04342641034421784,0.043403226934408554,0.043316942418450376,0.04317784373367602,0.04359520203948983,0.04362806511105786,0.043832237146818005,0.04384141153282715
15.68,0.04368936030530262,0.04375716679329559,0.04340028253476598,0.043744199250724654,0.04350518390636479,0.04310023586290812,0.043425345683753114,0.04363197816811832,0.04308117156737579,0.04317435533505537,0.04333636398556298,0.04319895052402386,0.04375911971698012,0.04368916556014525,0.043299908954370414,0.04342125025181621,0.043403087670015515,0.04330651623097499,0.04319704011776894,0.04359599225609953,0.04361012755033898,0.04383238868391965,0.04384080909031917
15.700000000000001,0.04368518352891748,0.043753457616836106,0.04340403632602777,0.04375121975053969,0.04349594436573703,0.04309266855525011,0.04342893499624079,0.04364822220818775,0.04308246551456533,0.04319759661375371,0.04333414513847404,0.04320800020320103,0.043764913891777384,0.043669389586436506,0.04330412803502174,0.04341686200405832,0.04340397155889229,0.043288205371922406,0.043209112548337286,0.04359607861825143,0.043593413593275586,0.04383216082390608,0.04383988915038995
15.72,0.04367988047378495,0.04375126745607364,0.043409109852152954,0.043758059671333054,0.04348792652035053,0.04308870781469568,0.0434346128347878,0.04366352672265365,0.04308717231668165,0.04321927724964968,0.04333284438585207,0.04320725446536092,0.04377062839405469,0.04364907731413116,0.043308272673064946,0.0434152309974416,0.04340902359867046,0.04327420446252772,0.04322217875125395,0.04359288370040194,0.043567069538860005,0.04383234880639275,0.04383944199982431
15.74,0.0436751786827449,0.04374411254886091,0.04341399859735786,0.043760597154194385,0.043473978760888286,0.0430867823844963,0.04343647561901676,0.04367634354594201,0.04309709831514132,0.04323796663581699,0.04334125705463581,0.04320592230475739,0.04377464056810927,0.04362173910181833,0.04331233403176494,0.04341510131576323,0.043410642464632214,0.04326633179400723,0.043242760821477336,0.043596990734469265,0.043540663393035146,0.04383128704860209,0.04383779712246796
15.76,0.04366868622039519,0.04373959002455646,0.043422884408232394,0.043761526224451223,0.04346471905420166,0.043087743040446706,0.04343844432617069,0.04368653836056163,0.04311120729050278,0.04325016029908406,0.043344697186227556,0.04320660124204401,0.0437767513103088,0.043601952935853276,0.04331121679633535,0.043412443952497715,0.0434092847180708,0.04326740247650899,0.043263029650581535,0.043595025528504604,0.043516642053316304,0.04382873911202834,0.04383471378911991
15.780000000000001,0.043669639535205494,0.04372976251484283,0.04343779025428607,0.04376049026489841,0.043462900361123054,0.04309179974175072,0.043444748120122036,0.04369493675435322,0.04312523141569176,0.04326430442172973,0.04335082997093888,0.043207870507121736,0.043777728660937584,0.043571094821993575,0.043304104976981124,0.04340936114823604,0.043401998978309146,0.0432750089354565,0.04327354391900951,0.04359598584923241,0.04349450590891605,0.04382543987352462,0.04383092306533935
15.8,0.04366977418125536,0.0437255784104264,0.043459478331417674,0.043752258013733517,0.04346028977964487,0.04309390472734045,0.04344896744472719,0.04370202541740771,0.0431332636844804,0.04328021346661635,0.04334648845922665,0.04321156712828106,0.04377800567023675,0.04353734160142739,0.04329382810104583,0.04340704017263984,0.04339197028871709,0.0432941610511533,0.04328453228293286,0.04360786050089163,0.04347283627719637,0.04382179147182897,0.043826823537372335
15.82,0.043668426182216835,0.0437193165535825,0.04347506649482064,0.04374756827584521,0.043462361232586504,0.04310462191734321,0.04345755772669618,0.043708060489830974,0.0431369603146813,0.04329219314428186,0.04333223405547876,0.0432188518173212,0.04377778876317597,0.04350150485661684,0.043285410502159914,0.04340083988415221,0.04338819385469611,0.0433092237176478,0.04329575669644722,0.04361940946799976,0.04345809268243171,0.04381797168213679,0.043822589687850556
15.84,0.043672720231824336,0.043715465887051594,0.04349127857528536,0.043741138114063334,0.04346624256805835,0.043120720715185454,0.043469226170644436,0.04371188770772516,0.04313850486054171,0.0432918426530504,0.04332000178378776,0.04322282483778323,0.04377587593608618,0.04347269626987438,0.0432790942974139,0.04339712055521571,0.04338361567656098,0.04332964249691774,0.04330784860394895,0.04362823405163626,0.04343641025920381,0.043810618908187535,0.043816988839953434
15.860000000000001,0.04367507037856479,0.04371140316148964,0.043504150104600126,0.04372992292836412,0.04347065188841907,0.043139533245007085,0.043471895400814094,0.04371686970414812,0.04315292798909018,0.043292933910649485,0.043310705998564666,0.04321628964412761,0.043775592383498194,0.04344834365001046,0.043265463203275324,0.04339392435709047,0.0433873631681127,0.04334343882274976,0.04331564039572169,0.0436400998521176,0.04342002634446529,0.043804431335434775,0.04381332213368485
15.88,0.0436823299278122,0.04371195097267645,0.04351596533004362,0.043715154125221575,0.043470739051466846,0.043160552402421795,0.04346876242979964,0.043721201611284934,0.04316416636250257,0.04329545249558466,0.043305166611514685,0.04320606049794074,0.04377509174419771,0.04342149160257041,0.04324602942761597,0.04339514331510038,0.043391704099839785,0.04335848090416627,0.04332670317845372,0.04365074948656229,0.04340837629489597,0.043799011580309216,0.04380971654801846
15.9,0.043689521094672806,0.04371724508019086,0.043536187655308416,0.043696229958308366,0.043478278182199084,0.04317304893256976,0.04346572415297716,0.043725734551483555,0.04317821432624149,0.04330112055803444,0.043295534584345166,0.04319101124705276,0.04377519045995487,0.043400008007195505,0.04322404372252623,0.04339967824633262,0.04339733539783648,0.043364316775451196,0.043334677374818185,0.0436610794162377,0.04339450644969703,0.043794347584366296,0.04380696624219998
15.92,0.043685170712367494,0.04371487212690432,0.04355507864593543,0.04368468520403395,0.043482849714431566,0.04318524844610944,0.043461351752803475,0.04372902565978725,0.04319396127662222,0.04330455779186997,0.0432821808149633,0.043178037676995865,0.04377441130191333,0.043386309683131875,0.04319490552296916,0.043411950777064515,0.04339984369553039,0.043378997951957286,0.043345127080512524,0.043669691701103956,0.043388196411595054,0.04378997414308093,0.043803571908316685
15.94,0.04369058732600656,0.04370735748534708,0.04357120526949596,0.04367352030192074,0.043484191009372425,0.043195668827375994,0.043457739820222385,0.04373083185401449,0.04321532319406824,0.04330949540783749,0.04327466975102296,0.043166978525879064,0.04377248106016261,0.043377816187032986,0.04316400162908959,0.043424877938173206,0.043402609551013646,0.04339406405428447,0.0433477602802242,0.043676382645828335,0.0433821072781659,0.04378108962428924,0.04379924097917234
15.96,0.043696219263897634,0.04369941854158674,0.0435866638429763,0.043663332321751146,0.04348364358806378,0.04320502589221403,0.043462975965161625,0.043733151164172764,0.043237865278348796,0.04331496833338523,0.043271369769838385,0.04315277062842551,0.043771372120017936,0.04336224263037982,0.043131339455105465,0.04344143149926419,0.043405755815903634,0.04340161428707748,0.043348579992743566,0.04368318380646405,0.04337922277931995,0.04377192366072182,0.04379592936318011
15.98,0.043701983814099406,0.043686841837490484,0.04360144480224694,0.043651666708955955,0.04348466787207487,0.04321576154459278,0.04345519729190562,0.043735876219680704,0.04325496871896138,0.043319992888107436,0.04327343778490326,0.043134232821283085,0.04377095159158303,0.04334461742590958,0.04309890356222859,0.04345944742521705,0.04341278792510256,0.043410729195121726,0.0433591131825132,0.043689607276688844,0.04337282459673853,0.04377145774049742,0.04379348777409762
16.0,0.04370792954226092,0.04367566517311473,0.04361566350523027,0.043641697363534786,0.043484677936787966,0.043229168755920255,0.04344670884841608,0.04373903307004385,0.04327308445652399,0.043320531818586576,0.04326842819426001,0.04310782570524461,0.04377122222232588,0.043325560232823,0.04306810151311155,0.043479312297755465,0.043427390823631555,0.043423667788047196,0.043367757000726134,0.04369546823519469,0.04336751480663534,0.043771686722161494,0.04379190398766361
16.02,0.04371291364349744,0.04366979671098742,0.043628240744499336,0.043623796626112925,0.043476116173046225,0.043240913186383866,0.04344572604820115,0.043741457471228706,0.043279411171160076,0.04332320196500448,0.04326360163248867,0.04309096786132695,0.04377099758076115,0.04331206580900284,0.0430399578749806,0.04350311071409662,0.04343841364079757,0.043433278865567686,0.04337557868456323,0.04370147785381188,0.04336757457163133,0.043771423854056635,0.04378997731679298
16.04,0.043716722346255975,0.04365881012567425,0.04364263290890689,0.04361117066997775,0.04347280402907698,0.043255526797060254,0.04343994069258021,0.0437465391222228,0.04328747478961644,0.04332475857931648,0.04325817144520672,0.04307860007021188,0.04377364996539169,0.04329842096548369,0.043010710071837745,0.04352719515759153,0.04344658932487838,0.0434499450682669,0.04337667895143526,0.04370984727663066,0.043361188502825436,0.043774041183591066,0.04377858195596102
16.06,0.04372403743960672,0.043641638432211555,0.04365736747868718,0.04360568243088651,0.04346670000444488,0.04326555595846329,0.043435807489724663,0.04375273217313132,0.04330113499326302,0.04332453805597093,0.04325676983331526,0.043073249906394794,0.043777614393283676,0.043286207651949474,0.042984744576667226,0.043550008894805745,0.043453561057985604,0.04345132371567631,0.04337868419443039,0.04371905654843265,0.04335224640254317,0.04377797345173508,0.04376336491639062
16.080000000000002,0.043728075556097715,0.04363358409352198,0.043672549975313876,0.04359647683622725,0.04346059159926335,0.043271233503220215,0.04342759742192703,0.04376007862424376,0.04331156623686337,0.04331705283895391,0.043256364074293896,0.04307457348126867,0.043782916291003,0.043272664254900416,0.04297154294694268,0.04357211130754352,0.04345697051522056,0.043453792787760695,0.04337543675581315,0.04372917010040352,0.043340138292256206,0.043783245845890384,0.043752266661070995
16.1,0.043736870316795934,0.043627250778084374,0.043685907904542416,0.04358749780549332,0.04345436637281775,0.04326948934678246,0.04343070145166115,0.04376624332882413,0.04331301652002326,0.04330567601123574,0.043254516962856246,0.04308081434298805,0.04378720416474629,0.04325958317676789,0.0429569703967046,0.04359161781843835,0.043466170203426316,0.04345585758539557,0.04337674861219513,0.04373388712457574,0.04332979153856696,0.04378750663636017,0.04374231160071838
16.12,0.04374408368198302,0.043621680129120204,0.043697310348889004,0.04358404007990746,0.04345121959860692,0.04326293402949266,0.04342663518234682,0.04377104225036348,0.04331123922419165,0.04329149523558054,0.04325410961485821,0.043089506738881095,0.04379028011837568,0.04324525515379422,0.04295070944729411,0.043610418439768955,0.043474344858634016,0.04345800746206696,0.04337816354611594,0.043738509611085614,0.04332314959986593,0.04379055772700765,0.043735307921769814
16.14,0.043749064950215966,0.04361313205057232,0.04370613796489478,0.043575815714299186,0.043443471889450615,0.043268993671425754,0.043422046282400026,0.04377380661373653,0.04330446342758241,0.04328028728578017,0.04326247402068131,0.04310569092016694,0.0437914624792296,0.043234447284602406,0.042950002689573906,0.043626391505521715,0.043483019583551594,0.04345548837459432,0.04338174495872408,0.04374394925621333,0.04331477820115141,0.04379171725905565,0.04372161361657615
16.16,0.04375457833498188,0.04360883802090022,0.043715180549762055,0.04356729969377539,0.0434319176320901,0.0432720414694497,0.04341842510413239,0.043777285886841655,0.04329661104589402,0.04327345552211033,0.04326651662660037,0.043114759232882355,0.043786301563700905,0.04322238911534827,0.04295820477678384,0.043641990367527875,0.04349444700801915,0.043457285212997306,0.043386676441754035,0.04374988322275682,0.043307806202408324,0.0437937240259784,0.043704382943304684
16.18,0.04375921656057872,0.04360440155687399,0.04372305817432885,0.04356066322884311,0.043420264861938125,0.043278187821164146,0.04341691548679302,0.04378005703235533,0.04328393492358527,0.043261603559055437,0.04327914643044445,0.043122549945219066,0.043777731330922554,0.04321833549590438,0.04296253462560775,0.04365588589892921,0.04350149230577645,0.04347150663282716,0.04338926907810881,0.04375490749395549,0.043304106749892914,0.04379514358051582,0.04367908722637987
16.2,0.043764984223950205,0.043606646750141594,0.04373179773836326,0.04355381773549309,0.043408256043270005,0.04327242293866067,0.04341496874483896,0.043784111792627096,0.043279206349774925,0.043251178252706135,0.04329945269982818,0.04313415006865342,0.0437739378857134,0.0432163285658725,0.042970369475351565,0.043670146431969536,0.04350567844848774,0.043475125084791545,0.04338980039867271,0.04376102932462487,0.04329587667626864,0.043797958359496125,0.04364275601044374
16.22,0.043770506756499454,0.04361023198411235,0.043740047748233195,0.04354816309063459,0.04339846901957368,0.04326366251147964,0.043415511894123106,0.04378806229943021,0.043268212490674425,0.04324175395166211,0.043318698325394915,0.04314737492867593,0.04375740129592513,0.04321959321865962,0.0429793754539194,0.04368346333991578,0.043503334422395346,0.043483841832705476,0.0433920026388647,0.043766876896057405,0.043289895650265434,0.043800770867007156,0.04361274938379099
16.240000000000002,0.043775029912669065,0.0436161663222098,0.043747074568582615,0.04353687889192622,0.043390842883514066,0.04326460831081235,0.04340849904196722,0.04379114242818381,0.04325116638257486,0.04323373520806763,0.043339183178173674,0.043161196670509765,0.04373895181973617,0.04321922169472094,0.042994750927104156,0.04369514127546243,0.0434933454661737,0.043496228948518754,0.043391316187597936,0.04377169841885429,0.04328566441248605,0.04380280637916849,0.043595350670986015
16.26,0.04378050987520243,0.043618036449851655,0.04375485162090305,0.04352862667273066,0.04338583869929907,0.0432611798741586,0.043408446341907804,0.04379529842579946,0.04322779648694718,0.043219049727655355,0.043360957963055155,0.04317471258151826,0.04372340197908642,0.04322072482173323,0.04300450558161018,0.04370718568492455,0.043478884776695176,0.04350903817942984,0.04339155156114467,0.04377745213013472,0.04329085735737353,0.043806003950280746,0.04357508925855802
16.28,0.04378604898225457,0.04362230810569174,0.04376249879194632,0.043518980351127126,0.043379065383750505,0.04326514904911334,0.04340750466007299,0.04379962251601412,0.04320976332212873,0.04319961248799986,0.04337453286929065,0.04319228374177165,0.04371442962530534,0.043213854784895825,0.04301940548957868,0.04371874905549047,0.043468881744850585,0.04351652468059294,0.04339047913173224,0.04378324245935483,0.04330101976599147,0.04380944848219023,0.04354659451885595
16.3,0.043790330585868016,0.0436285041501679,0.04376871565857928,0.04351171350366474,0.04336713270517678,0.043265309825333165,0.04341497856423133,0.04380278869942988,0.04318734504920408,0.04318414269201215,0.04338559318095135,0.043205236230502514,0.04370838685398667,0.04320291599374249,0.043040462204005536,0.043728561105260744,0.043461168519385585,0.043531445160017126,0.04338560053351803,0.04378775469210164,0.04330606149078212,0.04381180720593273,0.04352404539614614
16.32,0.043794404922803155,0.04363606960342484,0.043774566160654095,0.04350460715850405,0.043358765411188965,0.04326734326942763,0.04340981929618252,0.04380583931480819,0.043166693601956255,0.043170017465514285,0.04339322676468289,0.04321403942158755,0.04370003122703462,0.043182403490085765,0.04306004384626982,0.0437377112306399,0.04345629990097549,0.04354848235667792,0.04338658682862826,0.04379204069816016,0.04331880785556216,0.04381411674285871,0.043508083432372766
16.34,0.04379792908320071,0.0436471995927054,0.043779720622771856,0.04349932793007564,0.043357386017846736,0.043274113188931,0.04340354257038244,0.04380842382439411,0.043151240075389494,0.04315196257848151,0.043397981059402554,0.0432249705355178,0.043679939866838234,0.043168317397862435,0.043087410543060825,0.043745894342193996,0.04344688936186024,0.043557381215974716,0.0433824862662708,0.04379575914484803,0.04333160794667265,0.04381602103333175,0.04349449580198712
16.36,0.04380139144803748,0.04366304782472878,0.04378467922813729,0.043491061738904144,0.04335642013563791,0.04327432157935812,0.043393028017551086,0.043811023806759115,0.0431344865140236,0.04312405488278317,0.04340966410704245,0.04322945095278442,0.043666914430112086,0.04316389085557861,0.0431131209440222,0.04375363254840116,0.043440870975597665,0.043567538012672095,0.043379732413390264,0.043799399819636965,0.04334445167177184,0.04381799673161949,0.04347982136145017
16.38,0.043803595941108074,0.043675840236913004,0.04378825735227266,0.043475927842488285,0.04335130670837205,0.04328000561741,0.04338700310862951,0.043812436585309075,0.0431279181476247,0.04311042296025298,0.04341723503053227,0.04322934514875431,0.04366242694520741,0.043153556539374735,0.04314329697870979,0.04375976249892455,0.043425769109234756,0.043575050680480294,0.04337557544038534,0.04380176801104667,0.04336407284409102,0.043818836383064996,0.04346058988981342
16.4,0.0438045845425106,0.043687332259822916,0.04379050701410988,0.0434639678964244,0.04333963991400468,0.04329481486655703,0.04337841699466818,0.043812698354097554,0.04311602885260342,0.043101571668937765,0.043424249958344374,0.04323536594709298,0.04366339169404017,0.043136974556023285,0.043175499869375446,0.04376435486207121,0.04341722052258366,0.04358444871049259,0.04337544122420724,0.043802906895522985,0.043377018923637885,0.04381857199316791,0.04343499247970384
16.42,0.04380499356810803,0.043697382393372945,0.04379207356916351,0.043452760994260785,0.04333151569029735,0.04330547632020468,0.04336554691604266,0.043812440218837866,0.043108031105396016,0.04309694154440397,0.04343649892995075,0.04324496269853393,0.043662575754246355,0.04312432667371888,0.043205150443190066,0.04376807178652676,0.04340446151303091,0.04359211323531497,0.04337030398711075,0.043803453866202116,0.043387727576628045,0.04381783089598157,0.04341536031947711
16.44,0.043805244994665975,0.043706482464067865,0.04379338738048949,0.04344192237946973,0.04332033688788769,0.04331474184192003,0.0433526951812192,0.0438120793227213,0.043104418724461364,0.0431024235537245,0.04344791120141648,0.04325313229020893,0.04365250827164863,0.043118609141614236,0.04324010051692155,0.04377135921475386,0.043395813173943094,0.04359373410676125,0.04336322563589095,0.0438038318992605,0.04339600063279845,0.043817026735642486,0.04339301444851274
16.46,0.0438055728851368,0.04371493119198892,0.04379469027389606,0.043431154712311196,0.04331463075868386,0.04332123227573459,0.04333081261309521,0.043811845254452475,0.04309785167015778,0.043114752638354764,0.0434611070680615,0.04326169255548431,0.04364761291107111,0.043111081899664006,0.04326485403724449,0.043773776762917244,0.04337875156285916,0.043586642891371034,0.04336152938660476,0.04380427598276546,0.04341283397133765,0.04381638586191933,0.04338198083488824
16.48,0.043805599933985494,0.043722411855268976,0.043795612217636705,0.043420987625817524,0.04330554989571205,0.04333133710853784,0.04331478606635465,0.043811356516130544,0.04308898764754971,0.04312636433632652,0.0434703055293529,0.0432534984818274,0.043645831156072186,0.04310798709819369,0.043287930211322184,0.043770020737640455,0.0433726378548521,0.04358493095979706,0.04335618577024377,0.0438044096780138,0.043435617968382766,0.043815523742031286,0.0433721276089503
16.5,0.043805152617787654,0.043728372400765145,0.04379598630645897,0.04341386131123248,0.043306531052995395,0.043337961612104424,0.04330766855451403,0.04381043576984043,0.0430866780294028,0.04313777470459797,0.043471597332524176,0.04324783603033074,0.04364007356206674,0.04310870350944753,0.04330900988494215,0.043769970311891344,0.04336175340466163,0.043586365015570956,0.04334820887242417,0.04380406025028177,0.043451034074041994,0.04381426027672962,0.04335670511538777
16.52,0.04380473527985622,0.04373426959589742,0.04379632282125421,0.04340344759150497,0.04331101233697023,0.04334974238260224,0.04330166487192952,0.04380958393667557,0.043085751474026636,0.04314834470659219,0.0434673125833269,0.04324751632761608,0.04363334326489107,0.043114956910316166,0.04332048008938419,0.043769797217034,0.04334988519842194,0.04358764304804879,0.04334408231443132,0.043803732750475326,0.04346048253585642,0.04381309390974158,0.04334279885314703
16.54,0.04380520728211821,0.04374079330057766,0.0437977446124191,0.043386541341228525,0.0433118575505774,0.043351319039910095,0.043300947485897454,0.04380991542087241,0.0430820633377928,0.043155486891089785,0.04346320390114162,0.04324044761367899,0.04363425008778059,0.043124334830044596,0.043332695004452304,0.04377339989948852,0.04334414716193977,0.04359408876458366,0.04334573940340079,0.04380454530952015,0.043466317522065846,0.043813136809760546,0.04332181742965919
16.56,0.043805922036275244,0.04374555214930676,0.04379907293126793,0.04337030468480398,0.0433174168195011,0.043357179516318595,0.04330108967621648,0.04381024308196219,0.0430756940931668,0.04316578282995604,0.04345970656984342,0.04322140665265286,0.04363415244079281,0.04312626383213715,0.04334545474347958,0.0437727133313971,0.043343198826903385,0.0436034254120893,0.04334626692846061,0.04380531448964396,0.043478353762208266,0.04381319961516731,0.04330228557644914
16.580000000000002,0.04380761447239957,0.04374757863359007,0.04380132833738736,0.04336118306049222,0.043322616907838944,0.04336689437814901,0.04330137916026145,0.043811580344809635,0.04306220306829818,0.04317346185637035,0.04345799361215451,0.04320890322393483,0.043644204342603424,0.04312394515435158,0.04335488707061679,0.043763735333340215,0.04334036191999786,0.04361290603211032,0.043341637429019655,0.043807056863756355,0.04348935642575487,0.04381429386239706,0.04328487851036561
16.6,0.043808855383117865,0.04374566610401249,0.04380308598528338,0.04334838492362602,0.04332779752887434,0.04336265774999415,0.04330629597510352,0.043812495250166526,0.043048837507206075,0.0431798486718853,0.04344922226062308,0.04320486449625759,0.04365162054057971,0.04312365351361446,0.04336697600031925,0.043758170153245395,0.043337880166160005,0.04362030954725136,0.04334493821961455,0.04380834361140242,0.04350280987359169,0.043814985709321845,0.043272300828748896
16.62,0.04381108798480423,0.04374419769992018,0.04380579271477313,0.04333507960285255,0.04333159627650299,0.043363967276289515,0.0433134037596243,0.04381442872840571,0.04302897952589494,0.04318882302972743,0.04343656748870167,0.04319222417126618,0.043653775953471564,0.043130892530428275,0.04337864327140764,0.0437542115177997,0.04333930689750951,0.043624099671099245,0.04335436421854143,0.0438106182703721,0.04350956237792419,0.04381671452219341,0.043261662510490226
16.64,0.043812453922368065,0.04375106162322085,0.043807593892210055,0.04332470672787937,0.043337040510245735,0.04336779256533918,0.04332157672952412,0.04381552007660724,0.043008155441723345,0.04319852624316989,0.04342367339051925,0.04318811185075912,0.04364761412582816,0.04313669676237659,0.043384039070103186,0.04374651269065583,0.04332798605099315,0.04362942671890052,0.043374770031263186,0.043812022815683735,0.04351225998770812,0.0438176179916669,0.04325484078125413
16.66,0.04381526296996351,0.04375891475436344,0.04381080224718606,0.04332024497478185,0.043351612312760676,0.04337789095449296,0.04333015968949515,0.043818077204363134,0.04299396702558785,0.04320182887449924,0.04340347660555056,0.04317934453159888,0.043633579504194546,0.04313766362877581,0.043378031060959284,0.04374215666131081,0.043324697406101585,0.043629146699739434,0.04339774438071273,0.04381201685737289,0.043515454732159224,0.04382000275156914,0.043247924172461316
16.68,0.04381818440860984,0.04375775362540365,0.043814090153452084,0.04331309898574489,0.04337114385130435,0.04338738310434495,0.04334196938398918,0.04382076744151293,0.04299475528520985,0.04319738471909942,0.043390980271025746,0.04317833259819491,0.043611953546134404,0.043133100527058835,0.04336880659255438,0.04373321349230932,0.04332718200646585,0.043627545305046415,0.04342054622886519,0.04381444610315873,0.04351711427015429,0.043822534796709146,0.04323771330365169
16.7,0.043820590784244114,0.043760488981658165,0.043816832913397684,0.043305409596346406,0.04338620733614842,0.04339870498295176,0.043359047592567035,0.04382296159496986,0.04298568059302206,0.0431955087632406,0.04337409909139368,0.043175497928440824,0.04359788846983139,0.043136472573778464,0.043364069502434405,0.04372713815959313,0.043333336480286526,0.04362976593452722,0.04344201196020211,0.043810230120299914,0.043507552503977864,0.0438245837441304,0.04322592039255797
16.72,0.04382211910854646,0.04376695613098715,0.04381867003819826,0.043299368087645874,0.043395080478995096,0.04340524075929018,0.043364478821763267,0.043824295099502385,0.04297980921949147,0.04319337084168424,0.04336629094497571,0.04317393834211788,0.04358904409729535,0.04313586938121511,0.043354592798904926,0.043729185068988666,0.04334041221788233,0.04363712951627208,0.043460768792062,0.043809929951329825,0.04349336838616675,0.043825783949651476,0.04321429796703353
16.740000000000002,0.04382443951289102,0.04377380845555077,0.043821273801279786,0.04329706021261791,0.04340367133984796,0.04341621554661538,0.04336935052024318,0.04382643673508126,0.042969929840935964,0.04319090761162132,0.04335732788768021,0.0431781973655035,0.04357693429719329,0.043138505425501565,0.04334630904755118,0.04372590209101887,0.04334678077381774,0.04363883110998008,0.04347964109358546,0.043804137567211236,0.043481936621814425,0.04382780326858988,0.0432045998738678
16.76,0.04382638475859192,0.043779913496750325,0.04382347913858457,0.04330551860863212,0.04341145341736758,0.04341462302456582,0.043370397473558774,0.04382821789106504,0.04296565181247399,0.043188830383515606,0.04335017116324103,0.04318510536738297,0.043560688759848115,0.043139520066065785,0.04333931919030111,0.043720609443475486,0.043348860693093995,0.04363670599963732,0.04350284239171549,0.043795365090482555,0.04347471295671252,0.04382947215158872,0.043202156721348986
16.78,0.04382653107000287,0.04377930885104556,0.04382386427247963,0.043313543461744895,0.043420201602118465,0.04341282904945564,0.04337517064443488,0.04382821353127678,0.042962181873815404,0.04318557515956053,0.04333984750014972,0.043200070451053625,0.043538021576868445,0.04314289426736401,0.043339020366891835,0.043723966911881885,0.04334462826586517,0.04363729208131019,0.043521632773810326,0.04378741457830947,0.043464917527027754,0.0438293646999945,0.04320350948353845
16.8,0.0438263109454702,0.04378032932430511,0.04382386336061694,0.0433290833164141,0.04342483677794307,0.043411800671778876,0.04338528661150068,0.04382785510722015,0.04295796425491767,0.04318994456653515,0.04332937910286864,0.04321382310074683,0.04351491893232114,0.043147312929587595,0.043332725202912,0.04371885268125609,0.043343362407814695,0.043638559771927724,0.04354074808941337,0.04377672176291898,0.043454460607162716,0.043828911649043255,0.043202948825325035
16.82,0.04382556837198098,0.043777721684929945,0.043823322008065504,0.043344415575197956,0.043428838054410356,0.04341162581551753,0.04339549702499598,0.043826985585047204,0.042956686913298174,0.04318826789249978,0.04331561033670071,0.04322387694885409,0.04349529927519198,0.04314529812915959,0.043326903487070266,0.04371006930973528,0.04334581273605291,0.0436498705446582,0.04355650372551903,0.0437620821185155,0.04345588682614653,0.04382795526641431,0.043205902370038345
16.84,0.04382447784890471,0.043772418904387614,0.043822416182384534,0.043352341883895223,0.04342786485209824,0.04341328134185018,0.04340460024241217,0.0438257785378583,0.04295242685080565,0.043189991878513224,0.04331416202083441,0.04323207137822452,0.04347975303516554,0.04314323830622087,0.04331686072290959,0.04370188940158331,0.043351661839404275,0.043654785949251575,0.04357044018537123,0.04375100723038921,0.04346173064005636,0.043826668491438854,0.04321013227604063
16.86,0.04382522769688106,0.04376330636459812,0.04382333546623513,0.043364822198049435,0.043424287423260696,0.043415818490321736,0.04341318259409036,0.04382642149009383,0.042952865016715726,0.04319060242273171,0.04331073312723528,0.04322966003686474,0.04346584917752876,0.043140720824814884,0.043310339152851055,0.04369238674183548,0.043349745334974876,0.04366333998188311,0.04358213162845576,0.04373792522004276,0.04346915008153308,0.043827238303784155,0.04322091122521822
16.88,0.04382492421195568,0.04376237188759245,0.04382318753157564,0.04337839478208859,0.04342344957499578,0.04342637547796311,0.043421327306276035,0.04382601986974714,0.04295010727803667,0.043186395283272935,0.043309443052165476,0.04322856030015837,0.04344796173507142,0.043145309780394825,0.04330906180276808,0.04368982373953096,0.043343536957861736,0.04367047201814782,0.04358188168617121,0.043725163734271225,0.0434693191640161,0.04382676953750736,0.04323014328843139
16.9,0.04382478204247057,0.04376737163496434,0.043823188120432635,0.043391928072877985,0.04343416066970673,0.04343805840878236,0.043437228374601296,0.04382578763516334,0.0429404412886501,0.04317594593547625,0.043303550476120355,0.04322713976721375,0.04343268039791644,0.043138256694300464,0.04330475848291184,0.043698233238017345,0.04334341426428335,0.04367328323669484,0.04358046761834203,0.043709100261943815,0.043467848385748936,0.0438264756788459,0.04323589931453537
16.92,0.04382365775408484,0.04377096778322166,0.043822194888562975,0.043401444671697084,0.04344334992384291,0.043455652207827884,0.04344361086380898,0.04382458066426756,0.04292646856060451,0.04316601944250348,0.04329893849054973,0.043224484077397894,0.043424460687318485,0.043128809765828106,0.04330258258869718,0.04370665117363025,0.043336690091927726,0.04367811408862499,0.04358803143880884,0.04370165248345191,0.04346906793769923,0.043825212135165645,0.04323735828047809
16.94,0.04382561261543243,0.043777163034422445,0.0438242699391076,0.04340901576014476,0.0434436206337468,0.0434764134130955,0.04345173371585535,0.04382645969920996,0.04291445852393015,0.04316005291692561,0.04329160630099311,0.04322132027053198,0.04341097798828638,0.043124817782813574,0.04329292310192092,0.043718219308886495,0.043332448400684974,0.04367518746838764,0.043588069937873175,0.0436956079759277,0.043472552989059485,0.0438270392883875,0.0432404289343765
16.96,0.043826755052550015,0.04378228675595976,0.04382552270899219,0.04342016466557101,0.04344087403117801,0.043500319012718995,0.04345805493867349,0.04382753252826541,0.042902648985717884,0.04316150073386668,0.04328307042183997,0.0432086933727855,0.04340556305739276,0.04311876721593796,0.043284764909819626,0.043728186658195695,0.04333371427424246,0.043673073374314204,0.04358071326243668,0.043691943770560716,0.0434701407191199,0.04382806449041885,0.0432476450594424
16.98,0.043827376842167226,0.043786563070295846,0.04382624577593144,0.04342876550283565,0.043444711508254005,0.04351989520192559,0.0434590364591347,0.04382809042282843,0.04289748500396701,0.04317350317203331,0.04328149976711502,0.04319384557797971,0.04339799311339607,0.04311157583666448,0.04326961934815573,0.0437369090646858,0.043334613149737904,0.04366835913480247,0.043574550386168885,0.04368697055470122,0.043472014138309784,0.043828578666895324,0.043251798302014643
17.0,0.043827788999909606,0.04379032954954146,0.04382675089150698,0.04343178844223039,0.0434509482283903,0.04354528019931012,0.0434569468431364,0.04382844393421576,0.042889187199059924,0.04318167949825734,0.04328028196766686,0.043183015346607456,0.043403961499546756,0.04310889831532559,0.043253185711567485,0.04374475640906842,0.04334963435393925,0.04365356973185366,0.04355660954955672,0.043679344093754194,0.04347054291658547,0.04382889205144562,0.04325816426752427
17.02,0.043828889845373725,0.04379450847136208,0.043827937039261924,0.04343251668916891,0.04346149952407343,0.043565847193776666,0.0434538502329634,0.04382949096314539,0.04288354909131687,0.04319641536563342,0.043279132529713174,0.04317515919530538,0.04340017870097678,0.04310934651188294,0.04323106105727254,0.04375268011637849,0.043369527838215106,0.04363728352420664,0.043539039853873314,0.04366522728650231,0.04347205883362506,0.043829902258183874,0.04326489787778845
17.04,0.043829137493268014,0.04379758181649096,0.04382826299530045,0.04342644211804956,0.04346763629937756,0.0435770933861116,0.04345209621242986,0.043829689207056446,0.04288349928225736,0.04319961735590749,0.04328183276305697,0.04317270815780862,0.043398667042667566,0.04311730287558023,0.043208062611035394,0.04375919120273799,0.04338991325925984,0.04362488600188602,0.04352125835573469,0.043658855850900284,0.043471419842995324,0.04383006669904645,0.04327477917104113
17.06,0.043827894910990005,0.04379893366754629,0.04382709231218318,0.0434130342050872,0.043472943950165426,0.043583681060522274,0.04345050132426208,0.04382840126417174,0.04288807121786549,0.043200687245526254,0.043284000593102806,0.043173834151828495,0.043407560349980265,0.04311396471678247,0.043197378193269985,0.04376369943952739,0.04341164165356987,0.0436217947409861,0.04349350206623697,0.043649189934846996,0.04347765849405261,0.043828747719660485,0.043285786787835664
17.080000000000002,0.04382494831103949,0.04380100304943015,0.043826847045651644,0.043397804634053516,0.04348352056928369,0.04358855212732049,0.04345307454750618,0.043828048401422945,0.04289200179105984,0.04320364737468344,0.043276358982416115,0.04316937811337642,0.043419453324603334,0.04310984015721719,0.043193631136438954,0.043768665084747194,0.04343032679120263,0.043614256180422736,0.043468774011447525,0.04363837091724121,0.0434888453533197,0.04382836637817422,0.04329428571794143
17.1,0.04381735410650746,0.043803188192263795,0.043827978300301676,0.04338376623067762,0.0434933921642556,0.0435937111784906,0.04345926886110613,0.04382908093841842,0.0428900874607557,0.04321209858893676,0.04327566885274868,0.043157712644298164,0.04342667604085474,0.04310461837799068,0.043192960254882846,0.04377457726013313,0.043439630121592666,0.04360306458729479,0.04344296080491814,0.0436357689055226,0.04350110242820193,0.04382937278642429,0.04330596091342352
17.12,0.04381172783163524,0.04380581148072432,0.043828944013596806,0.04337660201988989,0.04350291291199841,0.04359439654954311,0.04346178616402588,0.04382995604419762,0.04288953834190994,0.04321565298568341,0.04327731687286941,0.043148289009946855,0.04343631742606341,0.04309688023465228,0.043193380163589284,0.043779931118118925,0.04345281518747647,0.043599383548582886,0.043421430744143986,0.04362250902488458,0.043504116164966765,0.043830223910062444,0.04332007825143811
17.14,0.04380595084645062,0.043805293581289435,0.04382911056972469,0.043368732436992116,0.04350578988000114,0.043600174680126044,0.04346090503209354,0.043830039423082175,0.042885439114490186,0.04321874817520159,0.043280833906246104,0.043145083910840334,0.04344616401814613,0.04309272329931874,0.043191068285604366,0.04378412596897451,0.043468413496732965,0.043588997391736405,0.043412610144919664,0.043611316641404885,0.04350051714244825,0.043830285273462284,0.043337676780713805
17.16,0.043807101071627115,0.043804039459558956,0.04382841725527531,0.04336373640334773,0.04350852317068146,0.04360399271611307,0.04345362177703235,0.043829269751140695,0.042885861678963334,0.04322868662226045,0.04328150862597456,0.04314580769655208,0.04345569466964224,0.043092718885034915,0.043182842804689266,0.043784688378750575,0.04347729084573214,0.04357958914840604,0.04341031793764089,0.04359609986986727,0.04349828140670203,0.04382949539109866,0.04335241443390895
17.18,0.04380922111778655,0.04380641112476935,0.043828785427657065,0.043356144927165545,0.043509612102603845,0.043595597387700746,0.043451201494833,0.04382956786102079,0.04288475932312036,0.04323478380236712,0.043288734363525164,0.04315467222195058,0.043464900044406465,0.04308701901231971,0.04317837337166459,0.0437886504154645,0.04348631196788082,0.04356902878028223,0.04340648907487726,0.04357848356935864,0.04349305752105253,0.04382977495672468,0.04336842013146845
17.2,0.04381094476590249,0.043808365725664586,0.0438289010889517,0.04334948666413451,0.04350614392047562,0.04358787399898209,0.043449658282435244,0.04382961921426951,0.04288493804390746,0.04324232310111018,0.04329326684312769,0.04316912339780075,0.04347416895402463,0.04307750130167835,0.04317685872941949,0.04379206476560151,0.04350139612376792,0.04356451883667455,0.043396556797224914,0.043558079140869954,0.04348479791214413,0.0438298092888178,0.04338360310301473
17.22,0.04381298856857882,0.04381062147420532,0.04382946923864896,0.04334307152281808,0.04350114887553524,0.043582963489599974,0.04344535234518839,0.043830128348334135,0.042886854409289125,0.04324714916170069,0.043289988794897344,0.04318566376901207,0.043469889028141286,0.04307256449127517,0.04317506521886239,0.043795282102056396,0.04351227564114427,0.043558649348322355,0.043398564701648865,0.04353653474816093,0.04348043920570183,0.043830302802531154,0.043405032714347286
17.240000000000002,0.04381564835990461,0.04381347575478443,0.04383077491699472,0.043337287583753666,0.04349335942095032,0.04357649323091137,0.043439175454883704,0.04383137987178351,0.04288424088204277,0.04325043063015915,0.04329567972222054,0.043200111162147795,0.043468166787611486,0.04306892425762731,0.043177839712855194,0.04379663564484998,0.043520105061649654,0.04355049632316036,0.043408033586465146,0.043511079186298714,0.043471208699998654,0.04383153999217666,0.04342791375677037
17.26,0.04381793356943815,0.043815939480714175,0.04383181722305094,0.04332614612777341,0.04347758572165004,0.04357029944523329,0.04343652802733317,0.04383237247053316,0.04287798415426218,0.04325669890479926,0.04330477116330762,0.0432234473652432,0.04346944340576282,0.043064145179951406,0.04318285656042915,0.04379393455756322,0.04351664330267806,0.043550494027965334,0.043418438626533475,0.04349095703184714,0.04346906366272342,0.043832519434317554,0.0434399805568899
17.28,0.04381929258513494,0.04381609777860232,0.04383299828196367,0.04332285821335097,0.04347184154372237,0.04356123867284156,0.0434420976791447,0.04383350790904743,0.04287183528166496,0.04325825613065854,0.04330680650528337,0.04324058436885099,0.04347636160431291,0.04305983262940601,0.043193280657682874,0.043787859272315315,0.04351014136924408,0.04354539382811003,0.043430508762939635,0.043474152378108206,0.043469538392023555,0.043833642797952384,0.04344187335763924
17.3,0.043817178249993476,0.04380839796414652,0.043834551503053425,0.04331892659015013,0.04345957486417282,0.043551477963169806,0.04345378264611886,0.04383501926302147,0.04287080725904152,0.04325125492027662,0.04331113751994764,0.04326046520402138,0.0434808070870157,0.04305679800296012,0.04320397552276267,0.04379312077383286,0.043500784373078055,0.04354510513234989,0.04344590980179409,0.04345126040567327,0.04347494115074178,0.04383514307047182,0.04343958073220633
17.32,0.043816963085545196,0.04380366509997171,0.04383459502856205,0.04331735252434597,0.043445887252985066,0.04353832149461009,0.043465012629381274,0.04383502434736437,0.04286851311361041,0.04325293793885004,0.043327960448088884,0.043278509972501884,0.04348104580924455,0.04306430094196846,0.04321107530635213,0.04379645458776856,0.04349165288878124,0.04353750869754136,0.0434643542593118,0.04342601299443257,0.04347465200697367,0.043835137980146,0.04343306159166256
17.34,0.043815730701367746,0.04380323966533677,0.04383260240456662,0.043312307004678856,0.04344470535470793,0.043525503087552424,0.04347872205247649,0.043832996423080625,0.0428619327758155,0.04324990569318844,0.04334060666368616,0.04329974029559049,0.04348674781021627,0.043071551516367115,0.04321939920605004,0.043795412875890054,0.043486540233690495,0.04353225436410982,0.04348286296217529,0.043396429835213086,0.04347481388069344,0.04383310071252595,0.04342289448102029
17.36,0.04381294679967003,0.04380305765782609,0.04383000560441499,0.04330170145619481,0.04344226656065138,0.04351374577124118,0.04349518887107961,0.04383036721883343,0.042853809507907674,0.0432428104650906,0.043351095973373194,0.0433210254264111,0.04349061032178206,0.043085552567858364,0.04322779390628119,0.043795874543801155,0.04347856554915923,0.04353334751195412,0.043498594697679555,0.04337511219216036,0.04348347699366454,0.043830462931511334,0.04340258747145408
17.38,0.0438034807110797,0.043802734590663375,0.043827466249141966,0.04329353817663032,0.04343590807187181,0.043497069298226214,0.0435176935271168,0.04382779812319657,0.042850867056645335,0.04323821192286517,0.0433637479223189,0.043336693777914145,0.04349219898762965,0.043096309079775866,0.043243885516649115,0.04379416858620049,0.04347449073975043,0.04352475884745874,0.043510415240077836,0.043356125924044794,0.0434953264382255,0.04382788596414781,0.0433892252483696
17.400000000000002,0.04379300113215261,0.043803553173907765,0.04382625139694328,0.043282044057069716,0.04342416019923092,0.043477856305110925,0.0435419481691216,0.04382655598433348,0.04285342148702357,0.043242512831130515,0.04337599686030679,0.04335227689966221,0.04349453542936073,0.04311090406392107,0.0432518207674549,0.043783928131700574,0.04347538399470732,0.043514916815354465,0.04351879575549854,0.04333613877982777,0.04351043995858654,0.043826636603007084,0.0433769212045873
17.42,0.04378323132515824,0.04380303002092997,0.04382386139137908,0.043266006015156816,0.04341344286961661,0.043458449364872496,0.043558990259402595,0.04382414092747974,0.04286277493632309,0.04325450798490531,0.043388636587641895,0.04336000095156298,0.04349621387698094,0.04312232534786907,0.04326449413367531,0.043771845948617966,0.0434811638399471,0.043504425781973576,0.04352953984858711,0.043319055131128534,0.04351919097847147,0.0438242149155383,0.0433704575627818
17.44,0.04376930757221618,0.043803339124842626,0.043822457529525585,0.043263680916728026,0.043401957408209665,0.04344575573804694,0.04357405599949265,0.043822714079343524,0.04286528923220364,0.043265215748775766,0.04340388836695881,0.04336451070500769,0.04350062202586139,0.04314468865099033,0.04328099271403267,0.04376146609220538,0.04347687990640179,0.04348090998906563,0.043531318295414026,0.04329980718696255,0.04353157989560118,0.0438227819833563,0.04336678083875781
17.46,0.043751628884121777,0.043803376157317525,0.04382174105025734,0.043256119177077355,0.04339297894806165,0.04344055185440159,0.04358527185464035,0.04382197650703005,0.04286698548395136,0.04327425218034768,0.043411821872010536,0.043368736443386464,0.04350601231371016,0.04316877673079583,0.043299151896439826,0.04374878305927776,0.04347207841525436,0.04346624816759195,0.043536325842964387,0.04327759185207948,0.04354445351796094,0.04382203882810216,0.04336309896321946
17.48,0.04374768843584272,0.04380499049571771,0.043820852854854826,0.04325127310389467,0.04337658085992251,0.04343338878616421,0.04359617244676552,0.04382207002716939,0.04287309396678754,0.043279901302893456,0.043417097876018725,0.04337218498405741,0.043506218101160316,0.04319364579146405,0.04331924745446544,0.04373076291427722,0.04346961455586992,0.04344964538611396,0.04353578574203552,0.043259023587790935,0.04355526281462772,0.043822127225325365,0.04336337128678085
17.5,0.04374945745837916,0.04380473952303669,0.04381693119224738,0.04325229492186789,0.04335665158172898,0.043423691394830134,0.04360317922771721,0.043822988429606136,0.04288275981017578,0.0432926054142767,0.043421397965591135,0.04338370442805388,0.04351304354687743,0.04321247212898588,0.04332734349779832,0.04371833188283405,0.04347016376757071,0.04343190866975535,0.04353041330852518,0.04324232807864704,0.04355990172299402,0.043823040926957255,0.043360651121543546
17.52,0.04375211053333058,0.043799204218534955,0.04381246032187718,0.04324924308177387,0.04333890372343086,0.04342029386515247,0.043607870675591326,0.04382322343476604,0.04288661713362632,0.04331042510337408,0.04342446166738362,0.04339641856824566,0.04351731329117291,0.04323395541289885,0.04333976497741655,0.0437029932870353,0.043465583971641665,0.04341597995013152,0.04352638884226651,0.04322872832309282,0.043565353698657376,0.043823271616977445,0.04335943430162217
17.54,0.043754814147689926,0.04379071542100649,0.043809109030892066,0.04324890703677378,0.043319237481702494,0.043422127008482594,0.04361793392956899,0.04382370051241352,0.04289012866794034,0.043329653750744046,0.043436744276844755,0.04340554721428831,0.043514350948523545,0.04325049847214402,0.04335808709849351,0.04368738980502516,0.04345143742957584,0.04339517789463595,0.043522811728469724,0.04321669917065995,0.04356774496811921,0.04382374473444176,0.04336343927156399
17.56,0.04375673337023001,0.043775730587990135,0.04379604196514888,0.043252004542850206,0.04331243118874724,0.04341892824967429,0.04363032000811832,0.04382441051916691,0.0428952389850948,0.04334751057849845,0.04344906206385529,0.04342851967160419,0.04351242279497273,0.0432647823295979,0.0433659702877766,0.043664065053094864,0.04344079699324961,0.043387981497269745,0.04351799647478463,0.04320775399325082,0.04356714825844649,0.043824451106758644,0.04335969947981937
17.580000000000002,0.04375428015976182,0.04376265587081772,0.043778894711013865,0.043259133528284484,0.04331478659517639,0.04341914606991219,0.043634893422901784,0.04382624303884079,0.042897286969644746,0.043370983566795585,0.04346272163198241,0.04345923778722641,0.04350952540847379,0.043277906827832814,0.043362699353885224,0.04364349316496334,0.04342839011102421,0.04337553693500223,0.043512891148705324,0.043200519160911964,0.04356743492495004,0.04382628029169997,0.043355059320192874
17.6,0.043754558034907166,0.04374509632018157,0.04376208105468684,0.04326661358393224,0.04332704536184121,0.04341462357972012,0.043637309759549076,0.04382620840583545,0.0428993916450932,0.043392905349785044,0.04346480734533284,0.043483276401092355,0.04350226721038054,0.04329392827568792,0.04336938226653665,0.043618065871200505,0.043421636523459,0.043365007107063334,0.043519671092769885,0.0431959199172154,0.04356684789285373,0.043826242596609104,0.04334711440426704
17.62,0.043756486670477227,0.04373198340273839,0.04375484520056304,0.043273398150453585,0.04333161211255533,0.04341436355746924,0.043636530282680205,0.04382695228842043,0.042896015489241754,0.04341550203383202,0.0434662375810397,0.043497048788219715,0.043499389753830796,0.04330448286382484,0.04336590378520101,0.04360091822608811,0.043420958938219525,0.043352478418756134,0.04352380704088081,0.04319210175568076,0.043570960891025405,0.043826983669359214,0.043341039099442834
17.64,0.04376195523255474,0.043717320993382755,0.043751652872059864,0.04327873099334794,0.0433353736879566,0.043408430339246094,0.04363553934769866,0.04382662842414986,0.04290033084207514,0.04343012618201862,0.04347284970166807,0.04351127641502345,0.04349694439614453,0.04331109284793965,0.04335771532087741,0.043590536224490634,0.04343120208988465,0.04333404507854866,0.04353020834656518,0.043180562216821164,0.04357604962660514,0.04382665722550754,0.04333477159543365
17.66,0.04376583061974871,0.043705174013263126,0.043745486932540024,0.04328381591886687,0.043339528218099735,0.04340504208335067,0.04363849169426871,0.0438251859839636,0.04290511717239111,0.04344637273329776,0.04348939425001299,0.04352413677835492,0.043493243339084484,0.04331786980580642,0.043352998935977285,0.04357610719344804,0.043439332741247644,0.04331893145580487,0.0435355599909196,0.04316032204600868,0.04357789818709121,0.043825212417096596,0.04332894748935669
17.68,0.043770389049916855,0.04369123689798971,0.043740617040981415,0.04328713164329101,0.04334353174183462,0.043399575776147954,0.043641218479643765,0.043824865097913134,0.04290611879060381,0.043463500525308084,0.04351217230559472,0.043542648185603966,0.04348918415446992,0.04332667001688337,0.043347853006936464,0.043565632835275064,0.043452976327699275,0.04329808242298741,0.04354765822242371,0.04314323340381148,0.04356891550085381,0.04382488935810665,0.04331189921572379
17.7,0.043774615300655274,0.043674982851866245,0.04373589270151236,0.04329877175304368,0.043343428633251295,0.0434042133829743,0.04363573132164536,0.043824613185917426,0.042911242083994765,0.0434750672141794,0.043535164743168576,0.04356559570356194,0.043478853147740304,0.04332906102699251,0.043348136472314495,0.04355842848745281,0.04345754773654593,0.043280413258270325,0.043551376591404796,0.0431362103559859,0.04355937565838573,0.0438246354518199,0.043296642937316616
17.72,0.043777573717185436,0.04365897836184366,0.04372776006317915,0.04330405187443708,0.04335115877353384,0.04340914668741794,0.043633244208272665,0.043823460598961396,0.04291341237008656,0.043483583153067176,0.043557811633949894,0.04358574045283049,0.043467971657339385,0.043330872866263255,0.043351700920189584,0.04354638878000821,0.04346601105168205,0.04326136235268854,0.0435572183653376,0.043134740701499294,0.04355073518510155,0.04382348103408239,0.043283595191042704
17.740000000000002,0.043780992574172006,0.04363815549714025,0.04372271829161201,0.04331148369261107,0.043365610969988755,0.04342110884991731,0.043627988282284764,0.043823107150659235,0.042914785185279525,0.043489899411451136,0.04357929686713742,0.043599981753673106,0.04345663793707186,0.04333680295896051,0.04334552743690063,0.04352868949698005,0.043472431389123156,0.04325176376574738,0.043562105227348234,0.04312919088856714,0.043551888412246255,0.04382312590583354,0.04326670805529466
17.76,0.04378407318455359,0.043621754610286056,0.043717812293478084,0.043315887578789264,0.043382118964246125,0.04343513900964944,0.043625966579321614,0.04382272552194292,0.0429129183328831,0.043490734831022844,0.043598958880468275,0.043616750920406934,0.04344826335958991,0.043339004843842045,0.04333980750238004,0.04350301852912081,0.043480879092061296,0.04324354922301299,0.04356769987423561,0.04312806577944221,0.043544252341864945,0.043822742735254445,0.04325787601214755
17.78,0.04378651005175506,0.04360904856068936,0.043706243597667574,0.04331855152084701,0.04340279075615124,0.043442855027817064,0.04362383290674535,0.04382198446434412,0.04291485148265565,0.0434929062339122,0.04361661550868737,0.0436329447194988,0.04343521914636785,0.04333669405667903,0.04333780631960017,0.04347216257894443,0.04349450533021511,0.043236240260554705,0.04357264728693206,0.04313344246927457,0.043542111487079115,0.04382200026240851,0.04324803597117349
17.8,0.043788054209123774,0.04358786742984261,0.043695338563580766,0.04332311732255935,0.043432967702720954,0.04345002365494097,0.04361975676992092,0.043819086252654044,0.04292005001165256,0.04349729610549168,0.043632130551423384,0.043647116967297055,0.04342747162838745,0.04333042991155853,0.043334735667399885,0.04344617739619313,0.04350963589702117,0.043232225763830574,0.04356374035644946,0.043140015027729815,0.04354869851458431,0.04382062596427096,0.043233438331366635
17.82,0.0437889545829809,0.04357403149227653,0.043682146527652524,0.04332093419119927,0.04345589719574401,0.04346261128342065,0.04361637744090153,0.04381743444195863,0.04292354802507343,0.04349429446262924,0.04364444294043524,0.043659608516292754,0.04342619012800619,0.04332160666901869,0.04332705370348348,0.04341634155973988,0.04352478453147208,0.04322404396519346,0.04356111983458214,0.043154769035253955,0.04356232750425777,0.04381884752226941,0.043222634446158245
17.84,0.04379044525293325,0.043565654320511196,0.043665361858649845,0.04331057135308587,0.04348253718192334,0.04347302574086022,0.04362230655867637,0.04381658322454452,0.04291976697196727,0.04350050632806113,0.04365527864530473,0.04367173526136456,0.04342113215752551,0.04332390547555114,0.04332527427322356,0.04338572030958728,0.04353095046030982,0.04320742994083908,0.04355246344639562,0.04317970434919664,0.0435699754276331,0.043817880107828826,0.04321179135402733
17.86,0.04379031535649742,0.04356236690609234,0.04365612139615599,0.043300276264058656,0.04350622583677798,0.04347265809572815,0.04362582089637543,0.043814303192618476,0.04291182369077215,0.0435006088455963,0.04366478626674098,0.04367764862117352,0.04341341180902545,0.04332398443746327,0.04333404862814644,0.04335815907502659,0.04353432770188028,0.04318780314526042,0.04355234350409471,0.043215477830448705,0.04357946910265976,0.04381549339299647,0.04320252600441051
17.88,0.043790850737816814,0.04355365027391087,0.043646796027762405,0.04329197393821283,0.04352525264859463,0.04347022969083313,0.0436292356157868,0.043812865639809496,0.042904775894093396,0.04349682535719445,0.04367564607349141,0.04368745053433559,0.04340793460663023,0.04333050187557852,0.043336467741458495,0.04332733697805291,0.04353500637065954,0.04317000548291905,0.043546211545935944,0.04325370770974838,0.04359734601357509,0.04381395794945098,0.04319597129414906
17.900000000000002,0.04379223647108067,0.043545230301695714,0.043635802502928506,0.043283584516508246,0.04354086648670989,0.043473329994432715,0.04363055603011684,0.04381244112004596,0.04289417625295246,0.04349898246754876,0.04368650491694377,0.04369733871432612,0.04339892627815956,0.04333893405376434,0.043336914432051635,0.04329060559894941,0.04354446124195986,0.04315451736838475,0.04353645295979756,0.04329217151040611,0.04361245424694946,0.04381344361067139,0.04319006892361634
17.92,0.043794016078132075,0.04352738518107351,0.04362328038208181,0.0432719139668663,0.04356281388418499,0.0434764703960382,0.04363703556584689,0.043809561277504995,0.04288865768311221,0.043512425473198606,0.04369697754903305,0.043706920614479526,0.04339719059222147,0.043338478707377566,0.04333930541643239,0.04325610309972825,0.04355195265761641,0.04313752542907559,0.043518777956412666,0.04332706775424428,0.04362872077569651,0.04381347961150279,0.04318393994813989
17.94,0.04379721362913428,0.043509636650944684,0.043611510465986464,0.04326802697581741,0.04358501281223526,0.04347480484468287,0.04364007067722326,0.0438114812446334,0.0428858459089443,0.04351568319172357,0.043708150221932335,0.043717276115481186,0.043403004393840004,0.04333117536964463,0.04334074521680567,0.043221632690988866,0.0435503797727506,0.04312168454940941,0.04350590413450068,0.04336341636694637,0.04364550313881589,0.04381507754993233,0.04317676407762644
17.96,0.043801598762773175,0.04349673287779974,0.0436037988739649,0.04326001298346822,0.04360683124350684,0.043472588787744904,0.04364330350632924,0.0438146942263874,0.042886922914527066,0.04351497025072976,0.04371985233440582,0.04372822849277116,0.043414132541425364,0.04332083048561658,0.04334080781978888,0.04318391182338383,0.04354508504398062,0.043103737778119516,0.0434948779357333,0.043399469554588656,0.043662352004547676,0.04381799507824949,0.04316726468015772
17.98,0.04380606102583075,0.043492850348970095,0.04359294798099801,0.043246802674262716,0.043627292791657925,0.04347088882048002,0.0436512568217814,0.04381808075537707,0.04289031715171547,0.04351155611337796,0.04372984135629367,0.043738717797049825,0.043431520428201385,0.043310873709134924,0.04333539994772003,0.04314498110049613,0.043539486277015836,0.043086455181210216,0.04348814549989772,0.04342314984351066,0.04367825276921779,0.043821110456945755,0.04316401114885475
18.0,0.043809820863506196,0.043486139988154766,0.04358841437808954,0.04323999822725132,0.0436381034885259,0.04346715093381191,0.043656834475352256,0.04382085314117229,0.04289223524746976,0.04351044941800369,0.04373964127000513,0.043744887885645796,0.043439895364848435,0.043300397571993034,0.04333687760649243,0.04311227382204613,0.04353989581707483,0.04306273084323234,0.04348332082186373,0.0434500650887417,0.043692512385845386,0.04382363394491852,0.043163867415954835
18.02,0.04381376545598076,0.04347550545016725,0.043587942305896674,0.04323297011093675,0.04365174495967132,0.04346708363570851,0.04367100653048612,0.043823353663705725,0.042885258209021115,0.04350891751642267,0.0437493505719165,0.043754166218764295,0.04344009417484579,0.04329131033446645,0.04333867345201739,0.04309453633839607,0.04353811171457799,0.04303803763541149,0.043474875044807584,0.04346876018449954,0.0437060929601553,0.04382644389986106,0.04316199963228372
18.04,0.04381720739959269,0.04347694933151611,0.04357902152069228,0.043223164549547194,0.04366491426614556,0.04347019041960298,0.043682571675514384,0.04382575596561331,0.04287616964568385,0.043515515528036466,0.043758083939815014,0.04375475798572252,0.04344987339486955,0.04328209318055679,0.04334363733631065,0.043074470919516064,0.04353543573905309,0.04301814455676308,0.043466753727852664,0.043481369482351276,0.04371837976730591,0.04382884436017547,0.043156695307763074
18.06,0.0438213759112496,0.04348439708059953,0.04357335589726997,0.043207043662770124,0.043674638998201704,0.04347688238243035,0.04369171378332281,0.04382579227975519,0.04286797926918585,0.043516770987591186,0.04376458862945152,0.04375979349832897,0.04345205791484718,0.04327343510323876,0.04334770320488078,0.04305525366305487,0.04353363821827521,0.04301595023939386,0.04345388518978787,0.043484608345636264,0.043730664483149634,0.04383205718822428,0.04315641406935428
18.080000000000002,0.043825979766879374,0.0434879121719362,0.043560203485551896,0.043191713706411165,0.043679203307410264,0.04348338120248447,0.04370015704809592,0.04382169742207642,0.042859373980485366,0.04352616114939756,0.04376307221749684,0.04376774541989396,0.04345628589630513,0.043265011988827,0.04335211144349428,0.04304198342517284,0.04353293574114228,0.0430124193209785,0.043444655880162907,0.04349079921631092,0.04374271652345077,0.04383578401959041,0.04315869566644562
18.1,0.04383053463476198,0.043489874377585926,0.043544759771785534,0.0431812961040122,0.043686763990727365,0.04348935912018278,0.0437035207294673,0.04381677456029727,0.042845442278805906,0.043533403967986585,0.04375777672100047,0.04376939670120059,0.0434603193809742,0.04326140333356246,0.043354651435425134,0.04303480502740796,0.043530150731680116,0.04301707092424559,0.04344078370502557,0.04349600868324405,0.04375410744256649,0.043839533941964354,0.04316226243609029
18.12,0.043833288975438985,0.04351065899391619,0.043529389083967945,0.04316850782862431,0.04369296737067625,0.04349093959015893,0.04370661045811621,0.043820659037094686,0.04283140520036829,0.04353576898328453,0.043750153160449556,0.04377036225717363,0.04346633441489466,0.04324909329792632,0.04336037041110971,0.04302729972792652,0.043525887548335224,0.04301318063622209,0.043436169550197135,0.04350644898898589,0.04376313886631474,0.04384154915567267,0.043169816463145466
18.14,0.043836156166768,0.043536375115036594,0.043509939112285914,0.04316078304238901,0.04370216356748961,0.043490281598288834,0.04370989449681581,0.043824563455054345,0.04281168888632282,0.0435359603502955,0.04373373126375487,0.043773641176977976,0.043477994624877316,0.04323231663464499,0.04336469471373253,0.04301841429143175,0.043528017925863596,0.043011154398059664,0.04343232545897052,0.04351779382195406,0.043771767096165294,0.04384373798431465,0.0431766048185063
18.16,0.04383794552372951,0.043558866399832114,0.0435007544947392,0.043159179453578354,0.04370840775822824,0.04349020577130577,0.043703633501998455,0.04382730506145068,0.04279547235232993,0.04353395510593367,0.04371935562160037,0.04377194467007557,0.043486829998279,0.04322617381543138,0.04336625279730684,0.04301255653862621,0.04352840164496958,0.04300410964144367,0.04343329198869342,0.043534300496401876,0.04377884550521443,0.043844904555024586,0.04317730730380718
18.18,0.0438406677847177,0.0435825614992152,0.0434884929292175,0.04315658558785237,0.043709108603839926,0.04348998996675237,0.043700633875064246,0.04383090111155276,0.04278243292838154,0.04352810732346726,0.04370819270054747,0.04377214930762174,0.04350409410218835,0.043219233312013626,0.043366630214254465,0.04300104129909908,0.04352389273847791,0.04299616445654384,0.043435078911621516,0.04355009922950393,0.04378642102835001,0.043847055344057,0.04318046574565991
18.2,0.04384306953874592,0.04360501556502071,0.04348584970562894,0.043153126454632144,0.04371839817434232,0.04348620361595547,0.04369809556597743,0.04383410491942139,0.04277082739174811,0.043522897395112656,0.04369398868158286,0.04377145468232596,0.04351640668621722,0.043221823221068684,0.04336637822788658,0.042989072926982674,0.04351398730059441,0.04298924062443215,0.043435211741834824,0.04356349690268956,0.043793277607326306,0.04384893254213741,0.04317914052833639
18.22,0.04384389943174722,0.04362534061612103,0.043488882938962914,0.043151739995272595,0.04371975342286468,0.043479624182203365,0.043694425721495116,0.04383567125837505,0.042760335813460205,0.04351321582369791,0.0436861318784978,0.04377507808878603,0.043519878252585034,0.04323259834700822,0.04337372627113795,0.0429760606970183,0.043508704822287456,0.04298684239698442,0.04343255625422357,0.04357316617223059,0.04379754428635543,0.043849280787791496,0.04317554254089367
18.240000000000002,0.04384640445720068,0.043644527810573756,0.04349114917706879,0.04315098136010875,0.04371872189609261,0.04347796047579474,0.043693499164862266,0.04383885193025836,0.04274248215485262,0.04350635831693162,0.0436774744704047,0.04378323429495309,0.043521042630393796,0.04323692041609547,0.043380860837457486,0.042973183607691444,0.043509396584097075,0.042985256555420445,0.04341727161138706,0.04358317236495801,0.04379623579936251,0.043851343929750944,0.04317367015428387
18.26,0.04384934622659012,0.04366404371991494,0.04348919007370214,0.04315582464607569,0.04371637698983552,0.04346683440520987,0.04370009616703164,0.043841845982988986,0.04272912655473096,0.04349984831572128,0.04367084993134996,0.04379072864996259,0.043520410996564986,0.04322980305824949,0.04339521398207548,0.042967812352419706,0.043509950403080026,0.04299110853972705,0.0434047540504783,0.043596426182992025,0.04378902073969418,0.04385388016679822,0.04316750786480701
18.28,0.043853563622907876,0.043683468629207176,0.04348447935888429,0.043162178270386764,0.043712299513971965,0.04344600132564395,0.04371163224101733,0.04384328896590773,0.04271960383743268,0.04348845526658744,0.043662340878117795,0.043797201046310734,0.04351660562818086,0.04321953225401266,0.04341094552407606,0.04297247067710284,0.043506470522703775,0.04300011591966503,0.043396026141037526,0.04360981961072364,0.04378698306518664,0.043857725469096435,0.04315879223183867
18.3,0.04385685097658968,0.043700717515739826,0.043488485668595235,0.04317019563196241,0.043709312692588285,0.043431818128387485,0.043711620036159325,0.043845641945408645,0.042714366159696225,0.04347700352514332,0.043655816757955726,0.043805114685267606,0.04352002661980022,0.04320084438039654,0.043425721535934346,0.042972790703662195,0.043504320896928565,0.04301126645626364,0.04338126614108604,0.043618964996724616,0.043783332348200976,0.04386067121512114,0.04315385098238799
18.32,0.04386167970887525,0.04371835588875758,0.04349379296730794,0.04317222647574539,0.04369961887359171,0.04341534653114163,0.04371203519177087,0.04385139029903357,0.04271190744630664,0.043461421010971474,0.04365694997080222,0.04381079588140174,0.043517574137140635,0.043181376469815624,0.04344384899054008,0.042973352880188616,0.04350060653621469,0.043030831852661884,0.0433602938697926,0.043629920300020344,0.04377537072303816,0.04386518652398784,0.04315611747089363
18.34,0.04386774138798534,0.043736171382526966,0.043497729475678606,0.0431713681305512,0.04369479965900929,0.04339342089368739,0.043716262563072955,0.043858295800308984,0.04271028243939847,0.043440292065937164,0.043656619023403766,0.04381358616325351,0.04352210067738246,0.04316092802893548,0.04346478230378866,0.04297899110003931,0.043506442609085816,0.04304487025075635,0.043336557657415654,0.04363739323523641,0.04376642866216594,0.04387096061339482,0.04315397587698557
18.36,0.043872136335065814,0.04375135944790181,0.043494037190291775,0.043171000728823794,0.04368226994954768,0.04337236895417486,0.043729174152539706,0.04386346559987042,0.04270798575942392,0.04342709633714586,0.04365350429515639,0.043814631845175166,0.04352932344627936,0.043138284151243586,0.043489949209311825,0.042991515186160865,0.043525105817279745,0.04305274966517296,0.04331285256742011,0.04365048786271124,0.04375231728905489,0.04387509147687554,0.043143292733372696
18.38,0.04387574389079333,0.04376487580571071,0.04348734613023977,0.04317291903802119,0.043669529220349446,0.043350794633297135,0.04373716796913298,0.04386778452182842,0.04270666643827713,0.04341154933585396,0.04364967433241555,0.043811043840033294,0.043535259781999576,0.04311839730834,0.04351808924332582,0.04301470284023699,0.04354587500280869,0.043057203754040936,0.0432920312642578,0.04366378435487836,0.043735231011617776,0.043878456586254236,0.04313587369628698
18.400000000000002,0.04387969700642909,0.04377792329550451,0.04347835575138231,0.04317590303376039,0.04365861645128102,0.04333244404774859,0.043739060382725896,0.04387015493533973,0.04271189505446961,0.043396809736597854,0.043646317868881665,0.043812583417351565,0.0435455143734971,0.04309610415601108,0.043538731908167275,0.04303432122251042,0.04356290136794359,0.04306091143057446,0.04326885066047251,0.043677020621548615,0.04372024003397074,0.04388218718278109,0.04313345606105074
18.42,0.043882058006830774,0.04378863536879323,0.04346909727717655,0.04317805263080799,0.04364434737552734,0.04331912851132879,0.04374214859658422,0.04387228847492094,0.042717721517404765,0.04338321448869965,0.04363978218692574,0.04380937890576614,0.04355765560596287,0.04308262721983541,0.04355459008946846,0.0430543531695687,0.04357857946509315,0.04307009164352092,0.04324353895713089,0.04369601229452027,0.04370336674388574,0.0438843438510028,0.04312898761924456
18.44,0.04388340477726645,0.043797649565666875,0.04345568443282154,0.04318446170804009,0.04363374829218796,0.043312032418022985,0.043743420324487775,0.04387293435674126,0.04272444906382024,0.04336450456289985,0.04362885848609083,0.04380662598519071,0.043561924872418605,0.04307936595058247,0.04356483267034241,0.04308264659608685,0.04359432274696108,0.04307703855174825,0.04322546839009999,0.04370686322721117,0.04368182840945699,0.04388550301656662,0.043132431595289206
18.46,0.04388436266565582,0.043803969917348556,0.043441525238350466,0.043192340724910586,0.043624493587174185,0.0433102946134516,0.04374954001985946,0.04387452708740647,0.042727705329199395,0.04334061141206816,0.04361669597938057,0.0438055321680256,0.04356556926335567,0.04307590901850123,0.043571807461070984,0.04310822693803602,0.04361249509582199,0.04307993854337885,0.043209697515126655,0.043716317980195527,0.043663763735582076,0.04388628868506257,0.04313838702103763
18.48,0.043885805897795144,0.043808764668613685,0.04343056260826181,0.04319858639269123,0.04361891366129646,0.04331572509446619,0.043748736413919985,0.043876777490966204,0.042725419588404936,0.04331285976365634,0.043607401156075656,0.04380881897488213,0.043567728893576504,0.04307166702945347,0.04357816337460732,0.043135874597676184,0.04362971830262706,0.04308905586995094,0.04319055033683742,0.043720712478050226,0.04365203198653192,0.043887573855542386,0.04313855156411675
18.5,0.043888251901332685,0.04381076185025974,0.043416523202450395,0.04320407771686528,0.04361548145389707,0.04331519770041604,0.043743751259148006,0.043879964212470424,0.0427323199349632,0.04328444380946909,0.04360159290849169,0.043803027513315634,0.04357267549677425,0.043074308793817954,0.043584401204032154,0.043161391822633836,0.0436397324738501,0.04309376980479711,0.043179838015196814,0.043724510707674795,0.04364081713238944,0.04388987481044704,0.043143286275307086
18.52,0.043885582558675126,0.043814692534012524,0.043403481675174604,0.04321133718731787,0.0436092668099506,0.043319259878838966,0.04374028001415918,0.043883522444793745,0.04274036758653971,0.04325249451733956,0.04359675339830925,0.04379720269413373,0.04357430190372689,0.043082340857765744,0.04359948106074275,0.04318584313056747,0.043645799215542534,0.04309600930829215,0.043172770573864525,0.04371591456722629,0.04363396646068226,0.0438926200783785,0.04314671154396592
18.54,0.04388821844313989,0.0438200579429985,0.043386362372062524,0.04322019245730439,0.043607714978460485,0.043323223808264436,0.04374101213924355,0.043886327339877323,0.04275267495950325,0.04321950847212059,0.043589205587690194,0.043787419330441876,0.04357037420724222,0.04308251946550587,0.04360489064310147,0.04321404441899387,0.04365830128779205,0.043097971953008164,0.04316321088363046,0.04371788065837273,0.043628467839428864,0.04389467860856654,0.04314574220325064
18.56,0.043890885247453444,0.043819809668455466,0.04337752086233863,0.04322417963872044,0.04360376242709836,0.04332198188067957,0.04374116948630883,0.04388914927949484,0.0427606585508226,0.04319841616564973,0.04358340840682658,0.043776546674859175,0.043567587876525586,0.04308246345739623,0.04360779459380611,0.043244921209408156,0.04367406100815446,0.04309739845046176,0.043146840885695564,0.043721710938773195,0.043626538221285684,0.043896815457828496,0.043146379611957074
18.580000000000002,0.04389367077205823,0.04381434475994221,0.043374914533527716,0.043237546132852224,0.043595196737003294,0.04332287720049143,0.04373133367577036,0.04389207720073719,0.04276613843788389,0.04318462951537857,0.04357183180616347,0.043760821986638915,0.04356571218628086,0.043088926970203376,0.0436122983845563,0.04327691274639276,0.043684233543393264,0.04309560348431813,0.043134618488107054,0.04372505015365959,0.04362214567798868,0.043899114543721494,0.04315000106293115
18.6,0.04389363602033896,0.04381653685544601,0.043374167507401196,0.04324469038659443,0.043584619739582345,0.04333238776341385,0.043721685136155666,0.04389217325162631,0.04276501718232271,0.043178937658067386,0.043562473364766395,0.043739100727908785,0.04356981776584581,0.04309554507962216,0.04361450603313306,0.04330885327091902,0.04369388479172135,0.043091730617693204,0.04312043477768935,0.04373033920327539,0.043614877619250994,0.043898632959454745,0.04315595228777072
18.62,0.043894539651332415,0.043815268720723555,0.04337419740760252,0.04325064688856456,0.04357385975250356,0.043337826332024314,0.043714662198722595,0.043893196920145545,0.0427577632288953,0.043181655072961775,0.04355297978516961,0.04371539786568471,0.043569489250145955,0.0431098399416701,0.04361908333533538,0.04333951325882979,0.04369542147221887,0.04309194300188864,0.04311593378481793,0.04373342210443908,0.04361198737955142,0.043899126532314744,0.04315224611445774
18.64,0.04389582798857699,0.04381429045167899,0.0433788430243211,0.04325521426522673,0.04356237287298023,0.04334195483468158,0.0437011273401501,0.04389459543152852,0.04274228688349538,0.04318354673120116,0.04355180852243901,0.043692790381526694,0.04357023181658897,0.043120320296905594,0.04362056219422444,0.0433721797709065,0.04370567433340195,0.04309308063475772,0.043117360954743,0.04372258521530244,0.043610030712732666,0.043900038505574404,0.04315327683705572
18.66,0.04389500512123958,0.04380735527060278,0.04338499241222789,0.04325701892838249,0.043558815577813575,0.043345848422691735,0.04369079593184477,0.043893873749982215,0.042732977003890636,0.04318497984288753,0.043551734187287944,0.043676973476034865,0.043562417175076244,0.043129047938061396,0.04362425291317689,0.04340665138257115,0.04371808930406084,0.043093501151746476,0.04311639788104905,0.043703084261668704,0.04361118245611755,0.04389886997919115,0.0431561356323944
18.68,0.043893035056755764,0.0438108576839163,0.0433900793069408,0.043258252745333806,0.0435489032203732,0.04335207629062341,0.043678537103064075,0.04389199659326213,0.042727548892816436,0.04318409474802745,0.04355341813077519,0.043662636223969764,0.04354990038374253,0.04313936126248805,0.04361927320996289,0.043433015872554395,0.043729840861164604,0.04310073825877309,0.04311066011555701,0.04368984125942519,0.043619275440018965,0.043896582534088846,0.043160074806365856
18.7,0.04389281269741122,0.04380927013591571,0.04339726556125017,0.043262460944244414,0.04354061898463285,0.04336639781226173,0.04366638034182305,0.04389185947769071,0.04272250772326501,0.04318352541189527,0.043556774860731645,0.04364664963033826,0.04353770645795099,0.04315954083048053,0.04361091872395092,0.04346046516473967,0.04373566607524654,0.04310468551793912,0.0431054198133133,0.04367021124858012,0.04362477144837938,0.04389606897495267,0.04315802216300679
18.72,0.04389189288768233,0.04381312754815249,0.04340634110402473,0.04326901486434714,0.04353123952937088,0.043383540347219036,0.043657708661880464,0.043891017928644055,0.04272492288353359,0.04318252587351573,0.043556093644430804,0.043630978047988614,0.04352796860140137,0.04318462614979071,0.04360113790836278,0.04348786259126489,0.043742148934700346,0.043092735150320395,0.043106028551757825,0.04364587157091003,0.04361677991341307,0.04389488182024924,0.0431615554870396
18.740000000000002,0.04389095843659172,0.043815811477747525,0.04341634860730792,0.04328182921552338,0.04351421863398008,0.04339283147585768,0.04365031466210683,0.04389015531457312,0.04272315215147774,0.04317688013113238,0.04355928157670274,0.043614658784089794,0.04351496422702696,0.043209458442629654,0.0436005442289486,0.04351234869923663,0.04374607990405534,0.043086675205675606,0.04310967028371495,0.04361834784699944,0.043610877342054634,0.04389370196794755,0.043170891384619665
18.76,0.04388890287648698,0.04381161048635081,0.043422944467969335,0.04329631450254912,0.043493933392529854,0.04340474767880839,0.04363981874580242,0.04388816571355097,0.042724064940772966,0.04317272037291755,0.0435633634806335,0.043601304261754105,0.04350039132349366,0.04323866336306236,0.04359242833025253,0.04353126078012918,0.04374850087344115,0.043073659379432916,0.043119918856350664,0.04359840187917236,0.043610896650489665,0.04389142108615185,0.04318656655789774
18.78,0.04388588518043729,0.04380682508191997,0.043431962780497727,0.04331990567471486,0.043472440888653686,0.04341927281332455,0.04363271890713561,0.04388520857690987,0.04272272491671658,0.04316512466731664,0.04356904526125718,0.043594497324923244,0.04348817515290016,0.04326730337474468,0.04358187662546614,0.043546755305991725,0.043751931396718555,0.04306218416140132,0.043132143306584256,0.043577802119631685,0.04360648443702116,0.04388819651414494,0.04319153553158828
18.8,0.0438837410718941,0.04380064271003758,0.04343363826285567,0.04333799697696757,0.043448567111586345,0.04343058824315686,0.04362660783731674,0.04388331028885644,0.04272620770799381,0.04316076927724074,0.04356930400559136,0.04359070395900325,0.04348365764759513,0.04330205983211516,0.04357433674891737,0.0435530213371635,0.04375233692843536,0.043050873075272396,0.04314553597634513,0.04356031255209147,0.04359710851072947,0.04388605281206673,0.04320262712676791
18.82,0.04388084546748379,0.04380052724283241,0.043427499399402734,0.043359964051313066,0.04342669076938565,0.043441307438519046,0.04361666898792396,0.04388142028041185,0.04273360210505773,0.04316186591514939,0.04356498937272324,0.043585757418438766,0.04348208060082531,0.043326112517982344,0.04356962725430042,0.0435577379190794,0.04375249835108925,0.04304156611652361,0.043157606349327846,0.04355033059661048,0.04358405536621884,0.04388393753819271,0.04321330894120818
18.84,0.043880666121087666,0.04380281514951844,0.043413410765299636,0.04338076708333238,0.04340614323929627,0.04345074642148314,0.0436025376736834,0.04388119373815382,0.042746320569600406,0.04316612379751492,0.04356148611517043,0.04357997957746437,0.04347462717286231,0.043343684138640946,0.043568460416880284,0.04357294345710268,0.043752761502790984,0.043037839974836296,0.043162703180430785,0.04353263558475542,0.04356843524275187,0.043883504312777794,0.04323021476456566
18.86,0.04388095639039477,0.04379642363513927,0.043398583721083205,0.04339974218298206,0.043387839631307906,0.04346495754880589,0.04359555536523654,0.043881440691705256,0.04276835500326373,0.04316303285364075,0.043554539066789806,0.043565710760842216,0.04346905679930209,0.043359408533948034,0.04356379416201239,0.04358664734265524,0.043763503030459186,0.04303413438357957,0.043167838082507216,0.043510547143526444,0.043558990698633504,0.043883561575183326,0.04324538139700138
18.88,0.043880409107352636,0.043790101232656115,0.043385209787490144,0.04341293110481907,0.043374865661569666,0.0434744405287367,0.04358531048483607,0.043880853640755724,0.042783842227829015,0.04316059653368655,0.043550690143561874,0.04355471994814491,0.04346799945865042,0.04337732653165845,0.043565283482633096,0.04360317996632264,0.04377260031009042,0.043035246763526096,0.043179396496906726,0.043490305505941816,0.043541042392587256,0.04388280037005346,0.043250848320190986
18.900000000000002,0.04387974557519438,0.04377915110408078,0.043373808841826955,0.04342872210731576,0.043363713431823485,0.04348007223335009,0.04358345829876136,0.04388015360469231,0.04279664012742849,0.043165692100733746,0.04354734547321486,0.043541954829914326,0.04345995007481672,0.043399420149072276,0.04356504139893371,0.043610403686020274,0.04378078975069969,0.0430356551572073,0.04319441280553735,0.04347716578448747,0.043523527812592576,0.04388194047373841,0.043251235178557605
18.92,0.043878179411858335,0.0437629293269456,0.04336662845529925,0.04344238031947782,0.04335921167040836,0.043486657134577514,0.04358417454995542,0.04387855392688572,0.042808581137384394,0.04316604845321182,0.04354902299259192,0.043526613706176616,0.043453061243785354,0.04341349006538439,0.04357162091857837,0.043618443941133705,0.04378735155870158,0.043044441470616826,0.04320531503484503,0.04345416716226818,0.04350997008536313,0.04388019402720481,0.04325296340734607
18.94,0.04387689461165836,0.04374321319305846,0.04335811486829241,0.04345438023208345,0.04335517077605921,0.04349444379957141,0.04358723268422226,0.04387723836620225,0.04282034737209501,0.04316577835416097,0.04355224559440435,0.04351333817284215,0.04344017038881568,0.043428103128644924,0.0435733295556278,0.04362548000508837,0.04379352682945785,0.043059763981955074,0.04322164226786382,0.043445915059370094,0.04348900754587967,0.04387874375823164,0.04324591945441495
18.96,0.04387428988808496,0.043723681611689456,0.04335056755946692,0.043463720315300734,0.04335265704409487,0.04349850789339243,0.043599243749526985,0.043874605398381596,0.04282474580878169,0.0431567752285654,0.043552057575057,0.04349466417276068,0.04341999854945539,0.043451215080151366,0.04358254010314743,0.04363457687575703,0.043797771936075675,0.04308093709871989,0.04323825124932037,0.04343577233497912,0.043476343054082246,0.04387598710138508,0.0432410903718236
18.98,0.043872667569362214,0.043701193423064645,0.04333789006316172,0.043471869019778106,0.043349604860680624,0.04349433039157494,0.04360979875072524,0.043872957161143776,0.04282463534654441,0.04314920901409779,0.04355177424903857,0.04348317013401341,0.043408004866612664,0.0434695995581229,0.04358727559081528,0.04364890785387885,0.04380243540806493,0.04310242747819116,0.04325691289771984,0.04342368817722773,0.04346829893474986,0.04387422536011745,0.043239123891313756
19.0,0.0438731149468221,0.043677772057292986,0.04332204868108354,0.04347563498671608,0.043345164372949704,0.04350206725866579,0.04361695976461984,0.04387338076097297,0.04282606910888966,0.043145919943416246,0.04354872503276075,0.043466775724537735,0.04339660191298913,0.043482213223774095,0.04359050351816767,0.04366293139568269,0.04380864936628012,0.043126784867665,0.04327583057884124,0.043412489341162326,0.04346077486765875,0.04387454483141549,0.04323504345763615
19.02,0.043872888971679604,0.04366065043743366,0.04330613680089287,0.04348304319275896,0.04333663041581838,0.04351141592975907,0.04362056413813055,0.04387313295697905,0.042823034435118416,0.043146229417478976,0.04355552671155913,0.04345258016210986,0.04338401161830388,0.043484740650015556,0.043591614423672355,0.04367862893532307,0.04381371735150393,0.043150637986694204,0.04329361373020565,0.04340418695869442,0.04345612243044232,0.04387420143311009,0.043226690912316
19.04,0.04387319910227825,0.04364372239193187,0.04329338078692895,0.04348392312000093,0.04332901771348249,0.043516728878068796,0.04362478076779482,0.04387342305396926,0.042825404967201726,0.04314555889591517,0.0435593739358571,0.0434443001661982,0.04337279602326093,0.04348772245164924,0.04360201097340319,0.04369019188860417,0.043818886057891054,0.04317100930442659,0.043307908218807104,0.043396067877377556,0.04345144273854559,0.04387440379763252,0.04321474688877434
19.06,0.04387354040849313,0.043631031113008804,0.04328046524674045,0.04348508282892065,0.04332318455342401,0.04351497386368889,0.04361709934909938,0.043873745971798675,0.042836903807339025,0.043140061087718985,0.04356633107194775,0.04343607154172535,0.043363630224725294,0.043502200137217784,0.04361675325537932,0.043691822652726336,0.04382368693836404,0.043189179215120735,0.043324308478459285,0.0433919892349019,0.04344483585859874,0.04387464618786044,0.043198456972741044
19.080000000000002,0.04387454847663728,0.04362043892788433,0.04327105578869454,0.04348027726045278,0.04331659935759016,0.04351428503436665,0.04361723763327484,0.04387473716439205,0.042854436581664324,0.04313457210918881,0.043575844608087826,0.043424605472449154,0.04336159005040602,0.04350483921123725,0.04362871866983662,0.04369708091480211,0.04382878768620031,0.04320738529986823,0.043333882599902174,0.04338734478539148,0.04343619356240171,0.04387556347795545,0.04317997532731591
19.1,0.04387514649830389,0.04360136103678351,0.043272609988958516,0.04346866545433852,0.04330376112238942,0.04351876876655103,0.04361417770327183,0.0438753196946004,0.04286958366774526,0.04312982702613916,0.043586052541212235,0.04340959150919167,0.043361222281371535,0.04350339054468826,0.04363488816454425,0.04370722639303954,0.0438310995746718,0.04323343480404197,0.04334636222609731,0.04338213598696025,0.04342714404036674,0.04387607816697248,0.043172152807760635
19.12,0.04387594336708652,0.043582677145680496,0.043271232435045624,0.04345259265387412,0.043289763420803824,0.043514659799737655,0.043608318253801834,0.0438761023446878,0.042886706285305214,0.043124536210929744,0.0435956183315109,0.04340469921843251,0.04336212000141322,0.04350182322340382,0.04364357199802666,0.04371491914656487,0.043829643976058485,0.04326802174673746,0.04335054061538292,0.04337804818200524,0.04342679006820285,0.04387679854963425,0.043164873025673914
19.14,0.04387651755285438,0.04356995699900768,0.04326820429198303,0.04344082988906165,0.04327817192787789,0.043504824373603396,0.04360749555589847,0.043876663478533084,0.042892400360346174,0.04312454211344879,0.04361036131059032,0.04339538807036377,0.04336876379366087,0.04349606923689463,0.04366212579645388,0.043712251590946036,0.04382840860428342,0.04330059719315972,0.04335060461530216,0.04336817331989718,0.04342995146421838,0.04387730252565997,0.04316039593595501
19.16,0.04387726494433021,0.04354773884042771,0.04326154486339507,0.043416445776642866,0.043265548666039405,0.04350275340034226,0.04360865302402278,0.04387739889031049,0.04289192286108363,0.04312394237303563,0.043625044779957114,0.04338904518758949,0.0433874697986959,0.043490614334946595,0.043680473576093205,0.04371507082311746,0.04382145511895579,0.043322525073328316,0.04335120480281799,0.04335440334788531,0.04344405740244216,0.04387798547517074,0.043167436639369915
19.18,0.043878483584306904,0.04352877308667551,0.04325111852633651,0.043392586318644275,0.04325327396047504,0.043501807851653654,0.04361754944077523,0.04387860653554873,0.04288112204425994,0.04312377279651018,0.04363648327736932,0.043383690047152076,0.04340744179641789,0.043483695561140775,0.04369784551621058,0.04371759745905171,0.04381758661718571,0.04335142756700638,0.04335320671993506,0.04333450780981117,0.043453184760244706,0.04387914497154254,0.043177093751746116
19.2,0.043878861812302106,0.04351058287382435,0.04323943066304394,0.043376329273024,0.043241927470420015,0.043499790674228184,0.04363280296481462,0.04387897466938648,0.0428711264569502,0.04312421156721281,0.04365509439295608,0.04337990418860068,0.043430404528062586,0.043469567904209784,0.04371305392464424,0.043718494425785806,0.043811728826928,0.043371346415239764,0.043351752989992845,0.04331476237032895,0.04345890341005529,0.0438794689003961,0.04319147929759327
19.22,0.043879073330977215,0.04349192262335839,0.04322714900992187,0.04335268379792533,0.04323261109512939,0.043494897127228684,0.043653216333952714,0.04387917692230275,0.04286494763846798,0.043124272948784736,0.04367367759787729,0.04337993914041599,0.043454362894955315,0.04346757071998446,0.04372687855329792,0.04370148204920086,0.043811299264614044,0.043388720823436956,0.04335363505339044,0.043294533039046026,0.04345639090100886,0.043879630576104715,0.043211928558618114
19.240000000000002,0.0438805897277427,0.043459571594617455,0.043218702847201626,0.043322065071131094,0.043223930237920975,0.043488809321817194,0.04366705619037306,0.043880684816909266,0.04285922364888516,0.0431284220827593,0.04368774074030707,0.04338454411415182,0.043477403067157736,0.04346693330430142,0.04373825786221532,0.04368912673150986,0.04380779924469123,0.043400898523320845,0.04336075473014696,0.0432841191173956,0.04346082818650209,0.04388110123750935,0.04323143760143281
19.26,0.04388231861971691,0.04343171656898311,0.04321056626855514,0.04328455344343651,0.04321986142426668,0.043486681836324634,0.04368630913812163,0.04388240590520131,0.04284990296035134,0.04313339349862612,0.043705296169196654,0.043392567134346326,0.04349404534286363,0.0434726074326252,0.04373371151860728,0.043683760769232687,0.04379717238203161,0.04341147342447615,0.04335908312945256,0.04327605279637648,0.0434679215106346,0.04388278815141403,0.043255810575159245
19.28,0.04388380807364667,0.04340646148176097,0.04321379033237422,0.04325160006184283,0.04321131818469625,0.04348351702952442,0.04370380151618937,0.04388388819569553,0.0428494251836385,0.04313404691165985,0.0437213136849363,0.043394864141356584,0.043514329412483836,0.04347509855092184,0.04372649012845272,0.04366911886213849,0.043797052582125504,0.0434244691737481,0.043356925051541075,0.04326864306796111,0.04347742532520787,0.043884239071330176,0.043268373976767895
19.3,0.04388590437420059,0.043377041701585455,0.043218718980561364,0.04321971128704853,0.043208040888782474,0.043479034278745665,0.04372066803622997,0.04388597792193203,0.042854777650300935,0.04313497498671076,0.04373674326523574,0.04339881106864116,0.043531533632405105,0.043474630033986994,0.04371561504346919,0.04365260899643898,0.0437985551467748,0.04343869107490112,0.04335426750189798,0.04326537265920577,0.04348225221317258,0.04388630000689256,0.04327976925088047
19.32,0.04388698628214048,0.04334750815369098,0.043227333540643745,0.043190124350530226,0.0432096176992922,0.04347349823545866,0.04373531112254202,0.04388705379370629,0.0428563829379672,0.04313723105682453,0.04375006703492168,0.04340219132813484,0.04354329312751829,0.04347902409761247,0.0437061124024468,0.04363623569747183,0.04379401054113804,0.043452140129757025,0.043352475204697316,0.043261307406182496,0.04349092562079393,0.04388734944470165,0.043293820791827364
19.34,0.04388889333525923,0.04332600932160086,0.043245263757934804,0.0431524678418596,0.043205589397754714,0.04347007784393602,0.04374966346976209,0.043888955307346496,0.042862219838906784,0.04314005442792376,0.043763208625747736,0.043406890413554396,0.043546631206926756,0.04348056599220856,0.04369845000126277,0.04361364151463933,0.043784629864883344,0.04346370494381532,0.043353130847682386,0.0432639177808768,0.04349953529877733,0.04388922669950081,0.043307272267840265
19.36,0.04388966241903065,0.043298761840573415,0.04325406353233794,0.043115794902377644,0.04320804001431888,0.04346038563945547,0.04376185954077784,0.04388971930489415,0.04286937176328865,0.04314021241536487,0.043774293007657714,0.043410613392102546,0.04356295514326547,0.04348428473386576,0.04369387242105639,0.043592271386285485,0.04377117597973812,0.043471641427964336,0.0433637692286032,0.04326919543754787,0.04350978606563084,0.0438899684231299,0.04331830198073277
19.38,0.0438906734254539,0.043275829952428145,0.0432618622657279,0.04309037128247668,0.04320979764623812,0.043451134163408005,0.04377335887406964,0.043890725642897255,0.04288323668160801,0.04313582679481459,0.043784771970621965,0.04341411706969818,0.04357242771059396,0.04348430942125066,0.04368712270049257,0.043572813847271234,0.043757298194876455,0.043479606923788966,0.04337378611183545,0.04326195004461276,0.04352901342432491,0.043890954316886985,0.0433290115346238
19.400000000000002,0.04389108873301679,0.04326115140654931,0.04327972491355856,0.043070107339912574,0.04321212011101744,0.04344093760774004,0.043783403026852304,0.043891136664600684,0.04289295583990526,0.04312455163771381,0.0437938793688513,0.043415504218640044,0.043577231872492336,0.04348961023798753,0.04369293991324894,0.04355378351390672,0.0437398727692997,0.04348577179458553,0.04337791702783335,0.043258462091778305,0.04354101009468815,0.043891346569678746,0.04333549324614271
19.42,0.043888703840924775,0.043247844428479794,0.043297120490488505,0.04305479296850586,0.04321469639900927,0.04343452545617302,0.04378986290121972,0.04388874783564759,0.042899262475026435,0.043116523475566444,0.04379947876877294,0.0434165595731861,0.043582888243623046,0.04348869696978773,0.043701933079680226,0.043537227574556955,0.0437280489968678,0.04348582095387022,0.04338711553055113,0.043254790664184535,0.04355586699021384,0.04388894050017016,0.04334055188349389
19.44,0.043888133839784425,0.04323530669656817,0.04330929650251314,0.043032214718768856,0.043215512474759556,0.04343275497166827,0.04379304888474936,0.04388817422248997,0.042903953158130004,0.0431072632947429,0.043797981771224626,0.043415633702812685,0.04359147702978004,0.04349145070416971,0.04371405633864123,0.04351706639931808,0.043722231755029164,0.04349203954102568,0.04339038502735729,0.04326183160266109,0.04356885849143044,0.04388835106903398,0.04334297780334137
19.46,0.04388907439513628,0.04322936272267724,0.04331711759216104,0.043010284111770714,0.04321990934963388,0.043428089011975014,0.043792494860479224,0.043889111463611616,0.042910389338470606,0.043096534744193206,0.04380054145280564,0.0434164748361826,0.04359048978158306,0.04349625500784237,0.043729283527506616,0.04349496352763621,0.04372333010035243,0.04349398983061214,0.04338951838058073,0.04326396492067997,0.04358430225011838,0.04388927379626528,0.043345244997725664
19.48,0.04388925753417778,0.043221388191516,0.043323492732001034,0.0429953796497768,0.04322984369340341,0.04342539662196045,0.04377585642083356,0.04388929155989619,0.042913679467113434,0.04309382309732396,0.04380317538734561,0.04341572858009029,0.043586301141774426,0.043509095157956784,0.043742583061674015,0.0434756926390337,0.04372428796544432,0.043497460984256435,0.04339394459322994,0.043265173371537236,0.04359937248377662,0.04388944056751283,0.04334033509836526
19.5,0.04388932240535963,0.04321487532446824,0.043322548265655195,0.04298584792350305,0.04323238308968031,0.043418232237110464,0.04375975122579254,0.04388787363442581,0.04291299810727543,0.04309104677836253,0.04379805884321275,0.04342339267623494,0.04358392267638293,0.04352263906053129,0.043754687988509434,0.04345513845043273,0.04372814733432366,0.04350554781092379,0.04340108310309806,0.04327334105727758,0.04361315331570981,0.043889490414052,0.0433365182776778
19.52,0.043889128309185205,0.04320638388335793,0.04333017302217403,0.04297445404336931,0.043235734197216526,0.04341806740962715,0.043733692632588556,0.043886164081621354,0.04291542997836813,0.043088725031469086,0.04379413726453659,0.043432198435688255,0.043586784303944824,0.04353226139466308,0.04376554633110637,0.04343722971776112,0.043726661611913964,0.04350800511941505,0.0434111290656858,0.043290129790103486,0.0436257416053204,0.04388928252567028,0.04332294024521352
19.54,0.043888128370475024,0.04319995813947745,0.04333587399179984,0.04296639715665187,0.04323867261030777,0.043422806664219625,0.04371347610479506,0.04388438266944054,0.04291631123259897,0.043082482629919795,0.04379426975843025,0.04343896664429894,0.043585467990187275,0.0435418107307191,0.04377469363587359,0.04343065530018412,0.0437215390296256,0.043502013398470187,0.04341943438946755,0.0433059831211691,0.04363606859981539,0.04388826992433528,0.04331233790773781
19.56,0.04388718664887119,0.04318763680859437,0.04334080897818939,0.042953928950974996,0.043244835818509464,0.04342015265767931,0.04369496330476752,0.04388051268888764,0.04292122513011399,0.04308185166469679,0.04379549077116287,0.043442831048415,0.04358632747539946,0.04355600921644493,0.04378306603022969,0.04343065064608747,0.043721572657470224,0.0434945980319391,0.04342575595225589,0.04331957163807456,0.04364215529186276,0.043887316579756586,0.04330155200961687
19.580000000000002,0.04388629936059227,0.04317725677546824,0.043342557492802795,0.04293594568763473,0.04324996724265861,0.04341986180106226,0.04366927553766572,0.043874349991973614,0.042925059869848646,0.04307652789534841,0.043791353423159055,0.04344789739406402,0.043593872687045364,0.043567047405235045,0.04379072812652892,0.043431569876370216,0.04372181680425019,0.0434854978187314,0.04343502203253418,0.043333984384865895,0.04365844381842458,0.04388641862280203,0.04329924595093376
19.6,0.04388543863725235,0.043163627928662254,0.04334580464927598,0.04291961889315082,0.04325032869889334,0.043417994933699876,0.04364711526475387,0.04386908230039742,0.04293167940002149,0.0430691840257312,0.04377915694034914,0.04344654774948596,0.04360444868226091,0.043587232000577146,0.04379771488699886,0.0434338901522963,0.04372310124887279,0.04347561982856414,0.04344021257094917,0.043349360520300736,0.04367187990103983,0.04388554810668011,0.043305412679786236
19.62,0.0438851056426314,0.043142725950681186,0.043355910896512785,0.042902334630609135,0.04325445467924757,0.04341875672493357,0.04362011993298477,0.04386169061699255,0.042937975303929905,0.04306463952806575,0.04377246165327187,0.043447771667168976,0.04361289771416361,0.04360789019006763,0.04380458417002253,0.0434354866383277,0.04372632813576616,0.04346819599474404,0.04345030801669542,0.04334725788689252,0.043684739338978755,0.043885206124422295,0.043313158562889864
19.64,0.043885606442563584,0.04312972139557506,0.04337337021353088,0.04288339841361383,0.04326025460137569,0.0434260895603526,0.043595054600008044,0.04385332434733442,0.0429449673595805,0.04306572866191299,0.04376763982589718,0.043446595632275944,0.04361052273661175,0.043623518191277966,0.04381169456942645,0.04343800113910927,0.043731967552061275,0.04346600605622643,0.0434552313578739,0.04334193274031272,0.04369191164289606,0.04388569867631367,0.04331176428386963
19.66,0.04388692293162321,0.04311458421330519,0.043393259855313775,0.042865765289696246,0.04326929576524463,0.043429933641713096,0.0435631732295234,0.043843104164792174,0.042949253382451105,0.043064127487621395,0.04377053166222533,0.04345015131966651,0.04360555267837917,0.04364634347939956,0.043819076784896174,0.0434418509894417,0.043737170482917,0.04345856634927906,0.04345420049994268,0.043345056392999716,0.04369653019435258,0.043887007596025235,0.04330854160919105
19.68,0.043888955298393005,0.04309886554661075,0.043412262397702156,0.042846461298648164,0.043281577701162484,0.04343977297932007,0.043538522754721434,0.04384083015632701,0.04295725644061965,0.04306062917665136,0.043767012035229605,0.04344503980354297,0.04359634339066242,0.04366775878896912,0.043825575317250155,0.043443973446480454,0.04373866852716951,0.04344215462022736,0.04345600846527936,0.04334073605720201,0.04371160126653997,0.043889033016099706,0.04331096151519125
19.7,0.04389124927413308,0.04307960254972725,0.043426481989553005,0.04283528059453838,0.043289225765009674,0.04344425610505782,0.04351799147581504,0.04383767194146209,0.04297878881029889,0.043055925900653,0.04376841989466749,0.043444236723066416,0.043585428890258494,0.04368819990733422,0.043833069038503245,0.043444518050972165,0.04374412259665873,0.04342580682098834,0.04345767804020041,0.04333236331204095,0.04371777360842471,0.04389132061581553,0.04331058809482106
19.72,0.043895248913821454,0.04306018180168446,0.043442674209849666,0.04282456346294495,0.043286875989164024,0.04345661289200604,0.04349766502922021,0.04383410607058306,0.04300500788222335,0.04305293724682081,0.04377232556125322,0.04344246819756441,0.043569633191808156,0.043693517069193694,0.043839385548178754,0.04344361819656671,0.0437529156520938,0.04340671204042251,0.04346496441942032,0.04332438193960923,0.04372318634389911,0.043895314405399545,0.04331570393627252
19.740000000000002,0.04389837378853022,0.0430459783227789,0.04345524190287028,0.04281220826841325,0.04328639041310035,0.043466868449618785,0.043476460388523236,0.043830540716539475,0.04303073456393411,0.04304600753519957,0.04377198271942525,0.04344039962860635,0.04355568982052891,0.04370556726390736,0.04384291689998299,0.04343966155845331,0.04376771365412407,0.0433956042742841,0.04346785443641201,0.043319539785855524,0.043730610817430904,0.04389843390897074,0.04331522088251039
19.76,0.04390049273965651,0.04303483666906923,0.043470194870085466,0.0428041185542662,0.04327464032993578,0.04347486995170793,0.04345130667971795,0.04382888205504117,0.04305565696137725,0.04304136823994946,0.043767603672560274,0.043446004273555515,0.043541697532195625,0.04372265453631879,0.04384713589477503,0.04344671602387991,0.0437805504366537,0.04337896737347987,0.043466511920732094,0.04330675223897499,0.04374040878525574,0.04390018493290536,0.04331844532790616
19.78,0.04390186035006161,0.04301927867095868,0.04348718569434179,0.042790737104553646,0.043263902414575964,0.04348374911095352,0.0434337281443936,0.04382312475312517,0.04308287144712136,0.043030309466175545,0.04376306481943105,0.04345267987764394,0.0435369760697604,0.04373861206341678,0.04385288092188366,0.043455354253428356,0.04379175816113959,0.04336489237443668,0.043462685474540554,0.043296227375945635,0.04374710138595993,0.04390023662481599,0.04332078344133647
19.8,0.04390313159419467,0.043011838703939834,0.04349720354023581,0.04278188196331066,0.04325872300980932,0.04348985454914569,0.04341896719384992,0.043818821244836645,0.04310946141248142,0.04301886373080968,0.04376087350719165,0.04345805334269628,0.043537499501645045,0.04375327620765097,0.043858170441504196,0.04346330050804394,0.043802062196044635,0.04334959256046169,0.04345496900266516,0.043284942592731586,0.04374625328547144,0.043894864368129394,0.043327395543150356
19.82,0.04390416632015788,0.043007630216172085,0.04350303569638946,0.042775345455498166,0.0432541410108157,0.0434959883554482,0.04340254013097718,0.043811100770878186,0.0431431326858355,0.04300297706501285,0.04375935283131014,0.043465333500100525,0.043530913978743584,0.043766605493605004,0.043862893907670605,0.04347536665323815,0.043808634743850154,0.04334058391965126,0.04344513439159311,0.04327301973841921,0.043751949530261576,0.04389152838710456,0.04332862521726683
19.84,0.04390598552331411,0.04300665085235948,0.04350720637142173,0.0427660538381363,0.043257303011438944,0.043502080291357124,0.04338092508146294,0.04380542697088223,0.043175580698549626,0.04299340850328759,0.04376347772522654,0.04347231672274295,0.043523940893430584,0.04377970807587653,0.04386735017131723,0.043488676169278116,0.04381430126012677,0.04332942546900151,0.04343389041335814,0.043261949343499,0.043753477253311725,0.04389433521383709,0.04331653014678379
19.86,0.043908820012132345,0.04300743030583339,0.04350585567760793,0.04275608883808657,0.04325504844467396,0.04350963920983667,0.043362029616585154,0.04379805051335314,0.043206250750604434,0.042977077232500646,0.043771409393972616,0.043474186824108106,0.043528037781713796,0.043792572044842326,0.04386794138901769,0.04349535514223697,0.04382465388668386,0.04332319923440341,0.04342061370694129,0.04326027650928035,0.04375400690608922,0.04389570746519002,0.04330574911430625
19.88,0.04391076059945383,0.04301158915818536,0.04350295988616488,0.04275443923659234,0.04324170350002539,0.04351552116523936,0.04334618760651186,0.043786917330825785,0.04323731323020407,0.042953024482919364,0.04377978463204625,0.04346624053619575,0.043533646940665784,0.043804046608724535,0.0438732346012813,0.04350910829000799,0.04383349728603672,0.043319508486019905,0.04341712074044891,0.04325554261793414,0.04375870434777758,0.04389302008330675,0.043296128633432136
19.900000000000002,0.043912695570566374,0.04301944612907836,0.043493959396892996,0.04274909980913333,0.0432315929148039,0.043526295473886686,0.04333238401791088,0.04377197051683909,0.04325670205717652,0.04293368771131534,0.043792461063523094,0.043467502463898924,0.04353649270908188,0.04381437862344442,0.04387824711425118,0.04350861867351323,0.04384176869302458,0.04331829448443012,0.04341763602830969,0.04324784590851978,0.043762606884314714,0.043890579329637545,0.04329573442644764
19.92,0.043915555776844604,0.04303177191733762,0.04347752144418387,0.04274511564109964,0.04323158236929576,0.043533291372339696,0.04332663574784348,0.04374848949649769,0.04327429630554686,0.042911898912989355,0.04379945727142626,0.0434695552561386,0.043544475250388626,0.043825299665890986,0.043880992906899716,0.04351122754955902,0.04385044407111736,0.04332137071038222,0.04341968932782783,0.04323816993365881,0.04376138725474744,0.04388837258915678,0.04329339922882754
19.94,0.04391957363233037,0.04305198648130611,0.043467652480001874,0.04274364742851097,0.043234413633664814,0.0435348714693659,0.04331912764416505,0.04372573140626948,0.04328621654856625,0.042893243745017115,0.04380872573745699,0.043468463997179234,0.04354993511347977,0.043836714837113315,0.04388784350644063,0.043506207814634885,0.043859798427814206,0.04332291075929932,0.043425187172929286,0.04322563707269917,0.04376139681149231,0.04388002935527351,0.04329068492498962
19.96,0.043923925906544085,0.043075551003916294,0.043463793588856305,0.042749798065317174,0.04323800261953745,0.04353868606752362,0.04330609883508458,0.04370953469942643,0.043295187309383414,0.042867259273280514,0.04381363932404027,0.04347664480211074,0.043553306710389136,0.04384785699977217,0.0438931477150542,0.04350328812412794,0.04386904899881569,0.04331411378229635,0.04342287576737644,0.043213820036144164,0.04376631628152379,0.04387323063938305,0.04328487345009602
19.98,0.043927316542439275,0.04309874905339646,0.0434595997041845,0.04276394426860241,0.04323442164296805,0.043547739762707406,0.043293798544484265,0.04368699445925333,0.043304984562410595,0.042843456796861364,0.04382198863083468,0.04348420953007304,0.043560760164960605,0.04385748208649514,0.04389313197705402,0.043497843081130826,0.043876937232971876,0.04330955472273993,0.04341796462892136,0.04320070538995559,0.043766813883590855,0.04386887927740083,0.043282724056563734
20.0,0.04392856444411119,0.04311486128545475,0.0434582573016589,0.04276952815027379,0.04322260718465589,0.04355425468089647,0.04329062084543056,0.043664272652268625,0.043320479930807156,0.04282977942508978,0.043831873095787774,0.0434861411326132,0.04357510234340925,0.04386445619776126,0.04389446523895798,0.043501080681755844,0.043882316082344636,0.04329891169544833,0.04340079569077334,0.04318650373594488,0.04376780573079665,0.04386962901239918,0.04328769346136058
20.02,0.04392922511246453,0.04313131854361639,0.04345133416574441,0.04277426429785232,0.0432115604997441,0.04356469493260565,0.04328163663434493,0.04364940685255358,0.043339240866240254,0.04281841830887648,0.043840463135712784,0.043484702785360436,0.043581767012783976,0.04387037419383762,0.043897922282298815,0.04350611032429837,0.043886769442095776,0.0432970238979557,0.04338783705146699,0.04316522550647004,0.043772125135929096,0.04386328463563692,0.043295294382110876
20.04,0.04393104849719623,0.0431399734552828,0.04344783789828953,0.04277663797997007,0.04320939037169561,0.04356931195494615,0.04327142862317869,0.04363063079393918,0.043357628281715216,0.042809216068066785,0.04384956337055097,0.04348143725169433,0.043588785673890504,0.043877022271857476,0.04390231192356693,0.04350718953763058,0.04389207341120324,0.043294233899992075,0.04337403558187034,0.043146581031406554,0.04378033960773189,0.04385976599467641,0.04330355651964844
20.06,0.04393301291639549,0.043149142959589375,0.043443431468919505,0.0427852233482839,0.04320513831079208,0.043585994313289286,0.043259223916384294,0.04361631732816751,0.043367707149524745,0.04279654626006984,0.043858207577271144,0.0434783987637664,0.04359475921481415,0.04388341552022688,0.043906632038999666,0.04350719699155984,0.043897232834248734,0.04328995407388377,0.043362037177865145,0.04312937788816665,0.043781619726151716,0.043856298893902156,0.043313131327727745
20.080000000000002,0.04393416255186837,0.04315878735116571,0.043440351086091865,0.04279750552498682,0.04321424310390754,0.04359993512091342,0.04324820461876124,0.04360788540961462,0.04336975228863335,0.04278273033179996,0.04386549044290947,0.043480850677800206,0.043594881751989244,0.04388863160670272,0.04390974752130235,0.04350585702766107,0.04390131605015468,0.043284417270362294,0.04334529851370725,0.04311392995257106,0.04378180782920507,0.043853296111297846,0.04332091785659385
20.1,0.0439349932136983,0.043161538934501455,0.04343437547958891,0.042805172997365054,0.04322473803672401,0.04361213905732512,0.04324497745215292,0.04360547116533645,0.04337519396279901,0.04277010541561806,0.043871951798689544,0.04348292974477981,0.04359795732962078,0.04389319552824136,0.04391020125151233,0.04350443979547023,0.043904839924721,0.04327534602921014,0.04333437576417162,0.04309660104636649,0.04377456370645435,0.04384834388926098,0.04333654847639198
20.12,0.043934556704884255,0.04316386567160255,0.043431502099015105,0.04282144186507463,0.04323574208665551,0.04362643403947494,0.04323833839906466,0.04360789895650745,0.043379155381958655,0.04276578731860261,0.043876685880685794,0.04349409100315524,0.04359991691769346,0.04389618722179691,0.04391179815346215,0.0434944080834592,0.04390687655707716,0.04327393146441739,0.04331914227632898,0.04307871159176988,0.04376271472480445,0.04383973903296987,0.04334107456953911
20.14,0.043934819389998915,0.04316472569047863,0.043433793291265385,0.0428471329460136,0.04324162067525649,0.04363959933889075,0.04322700368934876,0.04361543262003428,0.04338418210402111,0.04276393628309143,0.043881694268009225,0.04349824919627078,0.043592659100175,0.043899596399866514,0.04391392715565883,0.043489419391804576,0.04390940915523362,0.0432823717378758,0.04330108085265495,0.04305944573630864,0.04374945328463721,0.04382973809481713,0.043340709598288576
20.16,0.043934688668338544,0.043165664248401986,0.04343214358203864,0.04287282694540403,0.043254472765591134,0.04365303255631303,0.043211190687139626,0.043615136767466076,0.04339864110967998,0.04276439219169775,0.04388592048959194,0.04350434770476834,0.04358542218380563,0.04390235441639837,0.04391550986590848,0.04348134905160321,0.04391136239962395,0.043289405926582813,0.043274687803062796,0.04304624855059656,0.043737626381712455,0.04382282551518076,0.04334075018909404
20.18,0.04393424177822854,0.04316995755024113,0.04342444142955354,0.042889281006794795,0.04326528949947896,0.04366302824901502,0.04319495336489427,0.04361308596441139,0.04341840212758733,0.04276783699576848,0.04388947355043915,0.0435122861119533,0.043575738601011015,0.04390455957164506,0.04391663601524982,0.043481858552753806,0.04391282872286886,0.04330422965518961,0.04325631435104154,0.04303405919247379,0.043719314120455495,0.0438067471426244,0.043345436446320745
20.2,0.04393504510727984,0.043168232353894,0.04342588760408845,0.04290208398900813,0.043273454093350296,0.04367427133417296,0.04318277719431312,0.04360918797060628,0.043428953263689805,0.04277302845481118,0.04389394762051877,0.04351277992162904,0.04357483932325474,0.04390779667346104,0.04391888291711363,0.04348229487315019,0.04391538780113633,0.043319876126242454,0.04322935427248985,0.043018150169922824,0.04370767715472636,0.04380070369068523,0.043345388090455544
20.22,0.04393403624066113,0.043167078950292495,0.043422498047829966,0.042919395265712625,0.04327827462026999,0.04368980398298107,0.043166779359310306,0.04360770298423934,0.04344611763803634,0.0427816583339908,0.04389631001453591,0.04351110353393321,0.04358003272696263,0.043909023018276455,0.043919199848245355,0.04348486816839538,0.04391599143950591,0.04333089835462437,0.043209637799857356,0.043001399486743495,0.043695050781911195,0.04379378010046536,0.04333935930321937
20.240000000000002,0.043934972397430064,0.04316745920801597,0.04341886443099073,0.04293889412147638,0.0432762978554576,0.043701807011812824,0.043152809322121025,0.043608088749537734,0.043454654009302165,0.04280144318344668,0.043900339416675274,0.04351519216581786,0.043585386740419556,0.04391201005694606,0.043921352469179074,0.04349129392114371,0.04391840712400308,0.04333672206991766,0.04318858063814281,0.04298233175953289,0.04367710913325932,0.04378743288662118,0.04332855132875032
20.26,0.04393590461954315,0.043166886097389744,0.0434108135811936,0.042961091176986196,0.043280882975214464,0.04371135327187803,0.04313963355498457,0.043599460554310854,0.04346383405135344,0.04282071365350544,0.04390411121036329,0.043524400602311,0.04359631177026062,0.04391482497029482,0.043923401394511785,0.04349942061247246,0.04391947899593036,0.04333491231455253,0.04317183798260749,0.042966371334427315,0.04365840973617039,0.043776477746085396,0.04331946779365305
20.28,0.04393628190897258,0.043161483894982394,0.043408296214008824,0.042981158704975625,0.04328648706716807,0.04372025834748339,0.043120255458069225,0.04358939659875514,0.04347082541334338,0.04284271542106754,0.04390709557165011,0.04353513260661782,0.0436093698096206,0.04391693079912083,0.04392480395323276,0.04349847698545998,0.04391575090322245,0.04334110716011191,0.04315571933264791,0.04295678286529376,0.04364525509720469,0.04375713189166139,0.043319283995329624
20.3,0.043937188121107675,0.043160048244552995,0.04340431737355879,0.04300626397813622,0.043286821338985836,0.04372647652855652,0.043096377058382915,0.04357678514746303,0.04348011337781644,0.042863245337037864,0.04391039473333206,0.04354763718782036,0.0436256280589547,0.04391942358339203,0.04392665122791651,0.04348752289307993,0.0439106358319701,0.04334612088010132,0.04313704542551107,0.042955920593195536,0.043634333983482966,0.04374146449631465,0.043319584599330566
20.32,0.043937313312625015,0.043161582959739576,0.04340512599140575,0.04303258676514481,0.043274401789917975,0.043725870957205225,0.04307715030471471,0.04357460318059286,0.04348754073186954,0.04288704185654053,0.043912717075223755,0.043558829538085174,0.04364608974481762,0.04392100552838224,0.04392764048108269,0.04348636682406808,0.04390539968110886,0.04335106713774959,0.04312304243343232,0.04295063936868171,0.04362367518372234,0.04371769880261783,0.04331261035127176
20.34,0.043937753299502995,0.043169391193261485,0.0434160266467979,0.04305632033413824,0.04326317708211481,0.04373366004473245,0.04305935923302806,0.04356232827891811,0.04349107802704036,0.04290607957357284,0.04391488967138344,0.043568162767525453,0.043664439185026604,0.04392278269915904,0.04392887360787483,0.04347794547027538,0.04389902889806271,0.04336246961925455,0.04310375058879122,0.04294699531338678,0.04361280447051807,0.043697295329636225,0.04330538866599864
20.36,0.04393935750294048,0.04317213762237693,0.043428627296635866,0.04307856575356226,0.04325443031370672,0.04374136770861192,0.04303695701875668,0.04355959020152269,0.04349304856386331,0.04291852304177229,0.04391836804267446,0.04356916574038142,0.04367808401064091,0.04392561406644672,0.04393120569371626,0.043469259257918134,0.04389565820645621,0.04337527159803506,0.04308738175294203,0.04294434787357153,0.043604595723892595,0.04367696680945797,0.04330147620011759
20.38,0.04394058799495798,0.04316524780581411,0.04343906509772498,0.04309095063008396,0.04324696354718293,0.04375303945213167,0.04301809523372382,0.04355868951605044,0.04349212933674103,0.04293164177498571,0.04391256711029551,0.043576913184757766,0.04369268465322241,0.04392797119929477,0.04393310444371415,0.04345857501752531,0.04388595680095904,0.043387071600221344,0.04307578917911674,0.04294085229590284,0.04360068300262739,0.04366556554322762,0.04330585557973837
20.400000000000002,0.043938421277904906,0.04316184914349246,0.04345389628087076,0.04309962457902704,0.04323867345363818,0.0437626969207513,0.043001026360518044,0.043552810464676746,0.04350124262214099,0.04293912403188848,0.043906157766507574,0.04357749591684864,0.04371470751234528,0.04393184169134827,0.04393655431267404,0.043444113887109774,0.043871100103519675,0.043397048128983554,0.043071395404600504,0.04293525011119371,0.04359563783030986,0.043650580626868975,0.04331875157278121
20.42,0.043935203590108385,0.04315699630097299,0.04346067726140118,0.043105606539457005,0.043241505326196215,0.04377282760256174,0.04299557271157925,0.043547591069694774,0.04350423535148732,0.0429445092085045,0.04389111405547399,0.04358453366409908,0.04372724672180148,0.04393547684504407,0.04393980331760245,0.04343617372889417,0.043862331884341715,0.04340973754353268,0.043066633613220884,0.04292747716776297,0.04358672800236595,0.043637719496956315,0.043330298996940735
20.44,0.043932151084275645,0.043154097932441265,0.043468086843028574,0.043115261783408236,0.04323549621242598,0.04378057579126585,0.04299368297440003,0.043545222819508025,0.04350928171056308,0.04295784793996012,0.04386359856811113,0.043595335727301086,0.04374243745911407,0.04393793975315205,0.04394191163865026,0.04342947580805654,0.04384988653036959,0.04341625624696722,0.043058407057803394,0.042919508087638794,0.04358395065367069,0.04362552550066318,0.043344061877225185
20.46,0.043933394581819454,0.04315415140878406,0.04347377872244681,0.043128011090830635,0.04322685260750924,0.043788387290223676,0.0429913184622169,0.04355108293350358,0.04350908290622307,0.042967752100908856,0.043828871299179416,0.043604251519541136,0.04375923533368729,0.043938708645152244,0.043942354880848,0.04342382898039015,0.04384140788444836,0.043431481811026074,0.04304579569167904,0.042911873396527536,0.043578278573207285,0.043617919995452864,0.043352179884394416
20.48,0.043934656745684544,0.0431532503627538,0.043472953296583704,0.043131064795545536,0.04322196460814144,0.04379688285048932,0.04298942660298845,0.04355271772343983,0.043507169100560454,0.04296991811283154,0.04378879166555375,0.04361421251932401,0.04377563795458062,0.04394040017518836,0.043943747535780245,0.04342289434963172,0.043836646222783875,0.04344796511363318,0.04302789161859024,0.04290894841657288,0.043578309994097224,0.043614199447114324,0.04337035078813082
20.5,0.04392941016953365,0.04315303014969746,0.04346998750232204,0.043139176848637426,0.04321726279061768,0.0438059305194107,0.04298968310884109,0.043553480936555304,0.043499271860567866,0.04297925636594572,0.0437520833264578,0.043623699933961355,0.04379079315965659,0.04394205046525383,0.04394512345578602,0.04342275803404113,0.04382774782509751,0.04346305479434491,0.043013177892042086,0.042903969543163376,0.04357902143678349,0.043614079438694706,0.04338595044258837
20.52,0.04392307909573058,0.04316112067390767,0.04345710447030943,0.043143115702435904,0.043221513044534705,0.043812193840802295,0.04298176581442127,0.043554710490467614,0.04349215263601796,0.042990910830823896,0.04372170920376123,0.04363099401710094,0.04380560864309628,0.04394433744455603,0.0439477537652016,0.04342433215117925,0.04381607715676003,0.04348032257985693,0.04299771227468727,0.04289697452578805,0.04357935153593567,0.043613415110579555,0.043403744992045794
20.54,0.04391968793478558,0.04317044404943351,0.043444576054068026,0.04314817699607635,0.04322898910974241,0.04381164775108787,0.04297815774890476,0.04355751482676031,0.043480339586571694,0.043001811282151144,0.04369690172611116,0.043637917239452206,0.04381900982136991,0.04394636960736591,0.04394950595585111,0.043419643778340275,0.043797243112976926,0.0434995058878184,0.04298579905782384,0.04289013439969497,0.043582596544320874,0.04361788654193938,0.043416140987353365
20.56,0.04392222478087997,0.04318071737639717,0.04342960775423059,0.04314740536808791,0.04323719865711582,0.043815935763904114,0.04296428133804373,0.043554964845466636,0.043472018436731256,0.043021388322215026,0.04367661050184359,0.043648653604989186,0.04383093276375733,0.04394785422704557,0.04395073352251081,0.043413958186727795,0.04377994841023174,0.04351994983466111,0.04297893272654927,0.04288529799763231,0.04357912782481786,0.04362614183071621,0.043416115925445004
20.580000000000002,0.043919809415624345,0.043185624404063434,0.04341510524257276,0.04314101438019371,0.04324830568124137,0.04381688216483089,0.042948171530578456,0.04354204960059955,0.04346272915831205,0.04303908958262494,0.04365805049398724,0.04366125536870675,0.04384170434595476,0.04394904257806131,0.04395168587789916,0.043406121871778815,0.04376541950278493,0.0435405334335135,0.04298077319769414,0.04289066863635796,0.04357687974466618,0.04363081892397323,0.0434282648639805
20.6,0.043918112924607275,0.043191932514682646,0.04339674693827668,0.04313683288538211,0.0432597810023556,0.04381790858353601,0.04293040603208784,0.04352908425227163,0.0434549280375931,0.04305855532518102,0.043634757938468466,0.04367430264556201,0.04385265742005063,0.043945750280435375,0.04395362698891193,0.04340871062870939,0.04374550285837173,0.043552824134036,0.04298456448403569,0.042902178734221544,0.043577250739534765,0.04364151360886894,0.0434320710428197
20.62,0.04391810274796324,0.04319464808934065,0.04338329627749945,0.04313479734074239,0.04327725815031244,0.04381929274668212,0.04290781594712996,0.04351260848690077,0.043442778104467915,0.04307116089265805,0.04361838991262966,0.04368415539812527,0.04385742115398465,0.04394043703624118,0.04395488352113238,0.04341630812747085,0.04372884287315637,0.043561014488209975,0.04298854917331765,0.04291551517316454,0.04358063706866737,0.04364900394480367,0.04344308334539948
20.64,0.04391325630195536,0.04320807277875301,0.04337989144105598,0.043139212560180606,0.04329421365391987,0.04382400127857271,0.04287958577879832,0.043494247603608836,0.0434280958275909,0.0430887004632166,0.0435997778205423,0.043693929738052306,0.043865955984129006,0.043939864961342924,0.043955429911562385,0.043417246053887866,0.04370774921661297,0.04358005726412137,0.04299213149637333,0.042920142950749,0.04357434093182623,0.043653120522980114,0.04345097546016798
20.66,0.043906942657429046,0.04322169070237758,0.043375602493930875,0.04314619190839486,0.04331208635094181,0.043820948707183456,0.042852263263879115,0.04347505160853877,0.04342134113802907,0.04310261327669565,0.04359083846023344,0.043704650525502216,0.043873286618705536,0.04394113691410103,0.04395542592891381,0.04341494393289753,0.04369063795645801,0.043597410101204964,0.04299788775396652,0.04292434817427469,0.04356256904267894,0.043657714072169874,0.043454418411493015
20.68,0.043905934542953946,0.043239540773323766,0.04337164574765916,0.04314882491621459,0.04332626277230157,0.043809525899344864,0.04282911219296246,0.043461052520444673,0.043409833325308296,0.04311957426081107,0.04358355609471985,0.04371706882204,0.04387840414800958,0.04394242950311031,0.043955547214494156,0.043418827524506924,0.043666465585016884,0.043616755452992956,0.043003187785354585,0.04292941436232092,0.043554617997286986,0.043659374092513976,0.04345304446630844
20.7,0.04390269983540579,0.04325305581455078,0.04337852384432484,0.043156055905791774,0.04333866327504539,0.04380606723509514,0.04280793127979672,0.04344660089621222,0.04339945730001738,0.04313279771696126,0.04358092657977172,0.04373213940654855,0.043880135945137115,0.04394118028557925,0.043955658910443444,0.04342267853161571,0.04364427081999008,0.04362654305020774,0.04300549027788198,0.042932316056519995,0.04354970147756543,0.04365402786751245,0.04345307768802528
20.72,0.043897740381987085,0.043258681104844474,0.04338969535075226,0.043160169897723026,0.043349876360071586,0.04380658749371782,0.042788137340155505,0.04343571525243763,0.04338563164839048,0.04314320253204269,0.04358199330653324,0.043749402477826806,0.0438830820734771,0.043938148000988976,0.043954594125845674,0.04342471222670402,0.04362489084471144,0.04363358347720474,0.04300858731384671,0.04293924402225047,0.04354236273542391,0.04365319673381762,0.04345076529924672
20.740000000000002,0.04389554076054438,0.04327053469638301,0.043394788862013756,0.04316178500589912,0.04336442307906319,0.04381414023769492,0.042774171396914334,0.043422079418080656,0.04337639419307465,0.043147748073147134,0.04358048622663679,0.04376499276144593,0.0438877103534843,0.043938260760932386,0.043953358269500975,0.04342250638491475,0.043608681169577286,0.04363529307839191,0.0430134398391905,0.042939612094756795,0.043533640554983065,0.04365643591518618,0.04344397686818404
20.76,0.043892781593235605,0.04327902560614755,0.04339489894213628,0.043158454718145015,0.043379028806323196,0.04382131092792744,0.042766485819168365,0.04340773196366985,0.043369624303092366,0.04315427039084483,0.04358404298074627,0.04378020321925629,0.04389286002700968,0.04393926614889604,0.043953125914982676,0.04342307829562974,0.04359414374040865,0.04363226553896482,0.04301430891256821,0.04293700237053264,0.04352284723151978,0.04365832022487069,0.043444922323924044
20.78,0.04389197548509385,0.04328627443619379,0.04338993323941969,0.04315751002678019,0.043397153542186415,0.04382950637656466,0.042765912604242805,0.04338685436316273,0.04336359945421334,0.043163005413528674,0.04358682742356567,0.043795160062186186,0.043898583247128406,0.0439411858116961,0.04395390959803285,0.04342409850517214,0.04357502003885497,0.04363010131120086,0.04300818488369841,0.042935253903509274,0.043514811449514905,0.04365559773900528,0.04344954108504869
20.8,0.043894178212996925,0.043291478555264634,0.04337832168388915,0.043161701445968904,0.04341757100868777,0.0438345693532291,0.04276151567056859,0.04337092336095179,0.04335967737613449,0.04316592501226258,0.04359122394582043,0.04380533672887394,0.0439020357711626,0.04394114492219225,0.043952825357080685,0.04342735233107853,0.04356582683965191,0.04362749484064153,0.043002257662951085,0.04294284651445495,0.04350914943489734,0.043647872637869324,0.04344877133337143
20.82,0.04388719036600727,0.04329558813361312,0.0433613286115503,0.04317327363136881,0.04343946818185181,0.043832572917934624,0.042755942701518536,0.04336594130586248,0.043355427088659096,0.04317288488857454,0.043590623094659844,0.04381752186822349,0.04390629378265698,0.04394219687049116,0.04395291977468878,0.04342556197299212,0.04355331047513759,0.04362773378932474,0.04300075950940442,0.04295780144422148,0.043503863202448145,0.043639655000840806,0.043442141387969854
20.84,0.04387918595617951,0.04329853390601342,0.04334634967085604,0.04318745428600348,0.04346037347225971,0.04381965423295338,0.04275032415598156,0.043356072820160824,0.04335248060844532,0.04317792723740775,0.043595484986470624,0.04382620551064918,0.043911019651178225,0.0439439801134636,0.04395382416590354,0.04342737292994771,0.04355271812760808,0.04362885936539791,0.04300072673017819,0.042968423499453054,0.04349191028972281,0.0436338008233271,0.04343731746043891
20.86,0.04387931110771944,0.04330706855782309,0.043333547457344156,0.04320227864115111,0.043477447005501775,0.043810058636214566,0.04275006631732312,0.04334155894203505,0.04336076090219925,0.04318104240644538,0.04359559662081328,0.04383318583501014,0.04391502781742774,0.04394528660481424,0.043949777713152754,0.04342439363093335,0.043556907142324415,0.04362745885036961,0.04299323284704067,0.042983541588384654,0.04347588150560095,0.043629511549719134,0.04342705832065205
20.88,0.04387371994581946,0.04332301906549604,0.0433158502669837,0.04321194680091749,0.04349487754962983,0.04380434027781513,0.04275220192858239,0.04332749676244862,0.04337493194708995,0.043193615724796984,0.04358896137895749,0.0438407881167752,0.04391773082575519,0.04394550876910174,0.04394103491902443,0.04341840802542886,0.04355735814251638,0.043630252667889474,0.042988134676870966,0.04299550830783002,0.04346156508437595,0.043625760682524384,0.04341698813337029
20.900000000000002,0.04387473420748738,0.04335116930300595,0.043299364386037584,0.04321674136542517,0.04350526254709965,0.04380327695581424,0.04274894458794708,0.04331575244844225,0.043381315177661646,0.043207146543818735,0.04358146030233808,0.0438464270347592,0.04392069227421831,0.04394619305058927,0.04393417698052657,0.04341204731821961,0.04355447322485562,0.04362547341682736,0.04298966727307003,0.043009792424859465,0.0434467117824772,0.04362616942522364,0.043403007969296026
20.92,0.04387294705014653,0.04337501506910839,0.043277339716616896,0.043218458685644036,0.043511372630417273,0.043801991928489555,0.04275005177264527,0.04330945524384318,0.043388575859239366,0.04322076649725268,0.04357352192640431,0.04384508788518491,0.043916379549793244,0.04394724161822084,0.043928969733848834,0.04341260331663985,0.04355700463350167,0.04362315948023989,0.04298775819700192,0.043029440823576445,0.043436131350125626,0.04362695508901971,0.04338977194303966
20.94,0.0438651299297569,0.04339169305858211,0.043259133270260694,0.043220085651309505,0.04351827820990523,0.043799887265259185,0.04275197129424882,0.043304977129855905,0.043394202063500885,0.04324002041126126,0.043568682744236545,0.04383764716288888,0.04391327100274146,0.04394861298328721,0.04392575686972054,0.04341776994998991,0.04356117554203545,0.04361074583969614,0.04298463314396115,0.04304952739460014,0.04342455306985554,0.043628341950870037,0.04338390406217636
20.96,0.04386243757777082,0.04340882319355915,0.043245047520664534,0.04322910748678494,0.04352747420734503,0.04379133417383238,0.042744384454223974,0.043307241444661006,0.043399828969160115,0.04325796986430208,0.04357148590875017,0.04382899362696954,0.043912275217221505,0.04394847813278186,0.04391693993665201,0.04341820165051614,0.04356497134562098,0.0436002446974723,0.042985676272297435,0.04305824029996071,0.04341152128019027,0.04362747306118089,0.04338184967808225
20.98,0.043863502129763775,0.043419568348136935,0.04323768712702984,0.04323781412772245,0.04354111050178671,0.04378499509542723,0.042738580778485726,0.04330983911697982,0.04340806487883484,0.04328156993892204,0.043566624854361524,0.04381789408918217,0.04390843179420967,0.043947649998889705,0.043909231270814926,0.043414738147281015,0.0435615850517129,0.043584805755411224,0.042985358385987965,0.043070451629614204,0.0434007107897217,0.04362839675487935,0.04338138943484417
21.0,0.04386889047761338,0.0434387730928798,0.043232924636729286,0.043243437052968424,0.04355638772580083,0.0437792612907977,0.04272700555786712,0.04331555299512617,0.043418763471782064,0.04330450024843626,0.043557197025181404,0.04380558421466538,0.04390508478241878,0.04394626595453233,0.043906298733875415,0.04340282724215472,0.04355504953043104,0.04357349992855695,0.042978289904799884,0.04308433717578127,0.04340007383362821,0.04362723493032648,0.04337276019364719
21.02,0.0438689773222947,0.043460890313382954,0.04322968282506086,0.0432514581886211,0.0435679949528383,0.043780288247944575,0.042717966431117284,0.043323647452395246,0.04342521668407191,0.04333213187191038,0.04354561885048621,0.043785428774940134,0.04390824769829901,0.043946052220830534,0.043905023858537874,0.04339299144906519,0.043548153785980925,0.0435633182517957,0.04297407541114266,0.04309278610556289,0.04339354349734001,0.0436228889269689,0.043363616879412564
21.04,0.043862476538551826,0.04348801774505421,0.043219492709316215,0.04325748540150809,0.043585569484289516,0.043789525548880416,0.042707373565366746,0.0433318044984105,0.043436501909739376,0.04336071730270447,0.04353158988649882,0.043765050850825646,0.04390779358113897,0.04394480389264192,0.04390825836349202,0.0433806453758271,0.04353986266558772,0.043560410153259,0.042961039871013976,0.04310076307210122,0.043386935994685905,0.043618772633276015,0.04335510895583031
21.06,0.04385483538410047,0.043513732427084575,0.04321958537674458,0.043260266009489894,0.043593179840423955,0.04380111072471582,0.04270150133076176,0.043337712535983855,0.04344471851119912,0.04338153914357857,0.04352277584699279,0.04374519642015169,0.04391149287268014,0.04394456782602044,0.0439124494691477,0.04337589290010725,0.04353051971585472,0.04355026702245723,0.04294873515626972,0.043102360821745886,0.04338256904496135,0.04361476961089382,0.043350222008634656
21.080000000000002,0.04384854519600214,0.0435406430146299,0.0432206672891679,0.04326552626774153,0.0436047113324078,0.04381076195433262,0.04270394192584224,0.04334502570919295,0.04345203060112919,0.04339408836769471,0.0435135378385893,0.04372310384924821,0.043907184707541534,0.043946837039883516,0.04391735065466926,0.04337054619405155,0.043519755293778155,0.043541010409927416,0.042939689845430604,0.043105728636496095,0.04337809904613489,0.043605416857016514,0.04334579796909205
21.1,0.043844376487428526,0.04356725472484361,0.043221433728642046,0.043272187065747536,0.043615253982997204,0.043817038539272324,0.04270929873468719,0.04335036910924123,0.043454488562397094,0.04341366867755216,0.04350351167360845,0.04370344794796057,0.04389408055203542,0.043948861246978756,0.04392179119018284,0.04336225691450745,0.04351036568787125,0.04353316803400015,0.04293971621148077,0.04310296701058195,0.043368289831179574,0.043600219869471483,0.043345954217332484
21.12,0.043839517341755584,0.04358924405148515,0.04323287210713865,0.04328173339705152,0.043625981476712185,0.04382773002519448,0.042719176971182125,0.04335636841940196,0.043455465222288193,0.04342051513175507,0.04349093519366396,0.043685167454087605,0.04388017559173634,0.043949086352627516,0.043924235536260334,0.043357937888056586,0.04349773450296403,0.04352848342930241,0.04294161034366543,0.04310361736523168,0.0433548425569521,0.0435935757997603,0.04334399384172674
21.14,0.04383237163350409,0.043604444098933264,0.04324109718985963,0.04328593096714576,0.04363670579490494,0.04383820257874093,0.0427256345587764,0.043361478809101274,0.04345560882939278,0.043430876557454284,0.04348279044362895,0.04366964722786034,0.04387099813640648,0.043949610753269794,0.043924968001848815,0.04335902064049702,0.04348816866249267,0.0435230361474562,0.042935411951826964,0.043106551819503,0.04334390836579945,0.04358815834251774,0.043345378489079135
21.16,0.04382696721638643,0.043615775011967894,0.04325105337765609,0.04329193357391276,0.04364418678792567,0.0438462327276453,0.04274062996903549,0.04336609574527901,0.04346233233421135,0.043441549501262305,0.04347059206125943,0.04365314449375461,0.0438535267777417,0.04394919531381273,0.04392657310707572,0.04336263274042644,0.04348767041780461,0.04351573440242708,0.04292611201755625,0.043104772218840494,0.04332450723446383,0.0435910202381157,0.04334776273143891
21.18,0.043829830013186175,0.04362604413656096,0.043258747087569605,0.043301811177220456,0.043645809929289646,0.04385297530290605,0.04276185454208518,0.043364028290108554,0.043468660449098744,0.043453760929539266,0.04345582647841233,0.04363107417186432,0.043830966638726536,0.04395052132218184,0.043929753181861944,0.043371413852399225,0.04348257792039755,0.0435006396763925,0.04292844617655952,0.043099497100881595,0.0433110851469376,0.04359182954886424,0.04335284692695603
21.2,0.043834296182663005,0.04363231323699465,0.0432646146752616,0.04330178160375214,0.04364053114267677,0.04386074482738027,0.04278547810015829,0.04336589025003446,0.04347565773477119,0.0434696428136589,0.043439538654276716,0.043605201394703044,0.0438118050687873,0.043950293243979796,0.04393122784187348,0.043383301038541336,0.04348034116055847,0.0434858235609667,0.04292773554844158,0.04309092762608283,0.04330515419411157,0.043596699098811614,0.0433610010015144
21.22,0.0438445658031605,0.04364093414856709,0.04326715158694751,0.04330648900837545,0.043637942662155,0.04386315305712299,0.04280103372421946,0.04336532855600748,0.043494265502583264,0.04347809997927103,0.043419145778865915,0.04358147081588443,0.04379048797942061,0.043951054850433074,0.0439335521957699,0.04339903196469783,0.04347225990588978,0.043473506615249756,0.04293738341952627,0.04308141349601045,0.04329130810072491,0.04360825274017383,0.04336216810894354
21.240000000000002,0.04385457029649232,0.04364985444672823,0.043273691992853525,0.04330760621330741,0.043631201420820845,0.043865404084185475,0.042819143794072506,0.043368020753053856,0.04350597062335374,0.04348731398890487,0.043398573193320744,0.04355930077515824,0.04377318967828581,0.04395255810780215,0.04393648981178829,0.04341016184177206,0.043464215322797164,0.04346819202665929,0.0429434941500779,0.04307349199173468,0.043275607775980766,0.04361322962639284,0.04336871808445733
21.26,0.04386436461879868,0.043665290738860524,0.04327320174260301,0.0433044083035156,0.04362667370319234,0.043868261829559725,0.042832990731924196,0.04337188357451659,0.043510401920098925,0.04350000264343704,0.0433878821494774,0.04353949737581845,0.0437521941022879,0.043954323026495,0.043939571412957776,0.043417980023449626,0.0434605031186546,0.0434671293325795,0.04295035003417367,0.04304989131040041,0.04326856226863261,0.04361679534468844,0.04337784069387816
21.28,0.043871895383100525,0.04367531756053031,0.04326948319028152,0.04330008131734184,0.04361749198544368,0.04387298055689093,0.04284629846032395,0.04337848342010525,0.04351633116033473,0.04352065064075893,0.043387957503350116,0.04352437780335107,0.04373052009145104,0.04395447958950626,0.0439409372166656,0.04341792428125503,0.04345737071755724,0.04347534750453587,0.04295476634361885,0.04302145302400984,0.0432575415028015,0.04361994171462897,0.04338836903215699
21.3,0.04387952853945449,0.04368729225005788,0.04326492788373808,0.043300166469049155,0.0436144544339735,0.0438796765380651,0.04286113265680002,0.04337689986315723,0.0435228045687199,0.043536821740619826,0.043386794363533765,0.043513818425634024,0.043710306390347134,0.04395534427684587,0.04394291181514854,0.043415200953449355,0.043453755575045404,0.043479429494999215,0.04296069483555331,0.042996312160830656,0.04325344044302902,0.04361362481725015,0.043394661504698284
21.32,0.04388526242197075,0.04370701278996313,0.043262277784798506,0.04329628219241299,0.04361402638643612,0.043885398286909585,0.04287403126352439,0.043375504377669225,0.043526901246256106,0.04355393985539754,0.04337780279560687,0.04350581372809734,0.04368600415048173,0.04395486240321983,0.04394344921737232,0.043420368946363135,0.043444834629970716,0.04348354496541433,0.04297074831239702,0.04297213462747374,0.04324506828570001,0.043616326633905515,0.04339840469865913
21.34,0.04388969958658492,0.04371889742948287,0.043260379617156286,0.043295908595850814,0.04361576276333125,0.04388982431028245,0.04288389749971747,0.04337605115980782,0.043532958391988036,0.043561765304949845,0.04336923726036957,0.04350737355261538,0.04366279340740112,0.04395359220733438,0.04394311492929764,0.04341740435109793,0.04343417800738068,0.043480479039717725,0.04298100900837952,0.042953514429807375,0.04323991571652316,0.0436208507623351,0.043411392668588636
21.36,0.04389375863730308,0.04372102586443031,0.04326087273132231,0.04328711526420822,0.04361954110018106,0.04389387313332986,0.042891417967522126,0.0433741176427987,0.04354332639067608,0.0435636887536534,0.0433643521946082,0.04351032975439568,0.04363993772751352,0.043952411895351574,0.043942793781630046,0.043424861039703735,0.0434217050153277,0.04348343681064388,0.0429900512811457,0.04293959945916234,0.04323985946956627,0.04362004007016829,0.04342188401535787
21.38,0.04389660147968955,0.043724861121304366,0.043266614301931225,0.04327280134834098,0.043631919522654994,0.04389670658462636,0.04289770882512677,0.04337492588887891,0.043548378380027106,0.043566004836267026,0.0433581243994977,0.043516579747801556,0.043620681288318516,0.043950443933037195,0.043941614707575995,0.04342488379490316,0.043412817935477105,0.043482467397610886,0.04299545156991746,0.04292841701133604,0.043242671179793954,0.04361744270440775,0.043431882041475404
21.400000000000002,0.04389891282551053,0.04373226273765953,0.04326680295580039,0.043251031707021055,0.04365445228485464,0.04389900930896921,0.04290717679525467,0.04336466740268578,0.04354971995880959,0.04357035008371298,0.04334971798083845,0.0435226900828504,0.04360374166647893,0.04394833872576403,0.04394023373815986,0.04341505102492271,0.04340625020665793,0.0434864526890063,0.0430023604151585,0.04291663402393262,0.043253278295626786,0.04361633725355922,0.043444527836765896
21.42,0.043899722652805825,0.04374007017074773,0.043267597281740365,0.04323093862134722,0.04367176334725047,0.04389981121933649,0.042920555301820734,0.04335671322914544,0.04354879725576635,0.0435804982936946,0.043336153591858814,0.043529557119883225,0.04359176687837578,0.04394509292218489,0.04393765298747395,0.04340823157534578,0.04339089133999093,0.04348069901111615,0.04301093241822074,0.04290477046317608,0.04326596186830699,0.043625639983646915,0.04345618246676474
21.44,0.04389640106228546,0.04375112297426593,0.043268518555207774,0.04321374854658989,0.04368216881805115,0.04389921170610044,0.04293903522465643,0.04334857690657534,0.04354000256183878,0.04358624695265896,0.04331981366655004,0.04353810360923398,0.04358033663376217,0.04394077656463818,0.04393394731983647,0.04339805606351394,0.0433785223549396,0.04348307233711528,0.04302592143987044,0.0428983999851547,0.043279204600490145,0.04363822671183925,0.043460585404825655
21.46,0.0438833834869109,0.04376309214693924,0.0432649872226141,0.04320463573083476,0.043698378494313704,0.04389902648670829,0.042959713455342594,0.04333779561070005,0.04353381738790894,0.04358868107913712,0.04330685452456185,0.043546937623208846,0.043572205976205855,0.04393717990684315,0.04393091117274204,0.043387962461308535,0.043360673937639545,0.04348698931440942,0.04304710387797436,0.04289508280655008,0.04328950495984817,0.04365150042414674,0.043453581913151705
21.48,0.04386974173748369,0.04377310172331181,0.04326938940128634,0.04320224135235256,0.04371680697907076,0.04390099575021104,0.04296726411707564,0.04332931340841553,0.04353127087206586,0.04358295050178095,0.043293928762360184,0.04355282610321807,0.04355873900694554,0.04393601943265894,0.04393026492489184,0.04338176504379621,0.04334459980524703,0.04348726807977072,0.04306775106795031,0.04289336485050808,0.043296107945107014,0.043665892576212846,0.04344839655827902
21.5,0.04385896096776485,0.04377665465881146,0.04327609480538858,0.043204279936138075,0.043733823572265365,0.04390290366337143,0.04296800896054296,0.04332452231589119,0.043536089456986546,0.0435808398860707,0.043276416572967394,0.043559595841992226,0.04354641113601276,0.04393505441492105,0.043929771939276586,0.04337725328112996,0.043332846701366196,0.043484715258975064,0.04308446986286625,0.04289191182247125,0.04329860971460618,0.04367604038144479,0.04344472484873898
21.52,0.043856783108719835,0.0437790883053356,0.04327984469449045,0.04320951467044754,0.04374974105745282,0.04390495285962581,0.042966166388739374,0.0433102200646203,0.043542789220197595,0.04358627182730095,0.04325821294623818,0.04356627640542202,0.0435323164655302,0.04393446654190851,0.04392961734553448,0.04337690644991653,0.04332363308931761,0.04348017768679343,0.043099773256812135,0.04289630188385064,0.04329392055600698,0.04368347484257319,0.04343955033316579
21.54,0.04384948247493628,0.04377189986210772,0.043282847063216924,0.04321560271516398,0.043757696535510725,0.043905212132950545,0.0429683823281127,0.043300213681295344,0.043554448707326124,0.0435897604090287,0.043254219693125665,0.043571082247642445,0.04352278802034929,0.04393230404292223,0.04392785275181115,0.04337662740218021,0.043308510968937765,0.04347116937776676,0.04311727282070239,0.04289819027242177,0.04328854150844526,0.04369392309426498,0.04344197188978115
21.56,0.04383150304207541,0.04376392571768289,0.04328733205682956,0.043221704920171286,0.043763570464326884,0.043906056633402114,0.042966533528886415,0.043286236790638116,0.04357474557758558,0.04359259722697053,0.043256088903415806,0.04358355593857125,0.04351229449927115,0.04393092583534836,0.04392683974257459,0.04337093699618361,0.043294897866148596,0.04345464571085559,0.04313327342004407,0.0428969576895852,0.04329634452093493,0.04370854804372278,0.04344048487477534
21.580000000000002,0.043819397230643625,0.04375354470675093,0.043289118610163164,0.04322940120127634,0.04376994984341624,0.0439068455665749,0.04296506071795918,0.04327214295763118,0.04358995347647031,0.04359531122945575,0.04326626968165532,0.043592039395365184,0.04350458064998124,0.04392967442579254,0.04392592356812995,0.043373849856544855,0.04329085033858726,0.04343071012371812,0.04315126621441579,0.042894370241712595,0.043296048220755015,0.04371230365180448,0.04344138809119626
21.6,0.043811298487501295,0.04374441328387133,0.04329199640078692,0.04323836220566264,0.043767209446668745,0.04390615598047655,0.04296849355164641,0.04325698790838897,0.043607340838944034,0.04360732248242733,0.043271851275978414,0.04359828528540366,0.04348997824373635,0.04392711121793944,0.04392366820257631,0.043384635635081624,0.04328759076572218,0.043412440458447554,0.04316182619252848,0.04288792922798361,0.043300121722587515,0.04371351662585375,0.04344146455978699
21.62,0.043801171861156014,0.043733525470829634,0.043298410449168975,0.04324588340865905,0.0437656032431356,0.043904532510218655,0.04296805655673647,0.04324231102135248,0.043630248064913404,0.04361705567863808,0.04327885717605081,0.04359863490375391,0.04346776270255837,0.04392376746482728,0.04392060709767115,0.043396526776699605,0.04328433246515731,0.043395144083761425,0.043172967610807016,0.04288816594439603,0.043306379211166604,0.043717585977759175,0.04344247032058311
21.64,0.04378620362232866,0.043730247288141226,0.04330394879349023,0.04325775769025329,0.043752808051582666,0.04390258034751978,0.04296004383886853,0.043221332873951857,0.04365013617928809,0.04362701478309678,0.04328546889434175,0.04360054996617916,0.04345015690715904,0.04391702495950467,0.04391733516511922,0.043414177017157364,0.04328341828806265,0.04337779284330609,0.043185800295029886,0.042890431229502445,0.04331424739138657,0.043726538026105606,0.04344498554862458
21.66,0.043769116766722,0.04372624519360682,0.04330496471594287,0.04327277209941759,0.04374454074716745,0.04390073472233448,0.042951672544472935,0.04320791005130581,0.04366312846873879,0.04363160055977393,0.04329148003312199,0.043600433547960456,0.04344246098823313,0.043911730113620775,0.04391427811040185,0.04343092052955289,0.04328369264303425,0.04335179148494151,0.04319568938779151,0.04289082454401271,0.043331553243645994,0.04373310505892907,0.04344935444527109
21.68,0.04375507874829974,0.04371347449342456,0.04330028643722765,0.04328617687093331,0.043739059099586176,0.04389889326318794,0.042946680151817,0.043187283456123035,0.04368053271146202,0.043630969480429875,0.04330393417317456,0.04360001899327028,0.04343852269331575,0.04390818287478322,0.0439113246432008,0.04344582551011784,0.04328547977320212,0.04333517044134688,0.04320805687248057,0.04289402049876029,0.04335089747138631,0.04373415530549593,0.04344597603697407
21.7,0.043734203085666404,0.04370968753026265,0.04330402831191492,0.0433017638004388,0.043729164529975426,0.043897272152032756,0.042949154295491815,0.043172941572117284,0.04369494298799955,0.04363103391306082,0.04331512208710483,0.04359688450673747,0.04343211352687467,0.043903511565241506,0.04390868284570119,0.043455144863765026,0.04328251476644309,0.043313876870051525,0.04322139857819894,0.042893002434819714,0.043371038636447694,0.0437331890363726,0.04344932810328123
21.72,0.043725169506441376,0.04370987612997512,0.04329981555868864,0.04332063168729305,0.043726671148485365,0.04389583643046548,0.04294994304676986,0.04315989283105569,0.04371011940961577,0.04363384654810581,0.04332179554589276,0.04359580637697196,0.04342197947949851,0.0439015635595154,0.04390631025436554,0.043451816347281014,0.04328161526912557,0.04329937670208129,0.043235914992899784,0.042899919042848046,0.043387815389139515,0.04371752052476823,0.04344676421871635
21.740000000000002,0.043714300010570556,0.04371305657547931,0.04329073841884608,0.04333661011295554,0.04372285939421679,0.0438955532867,0.042948999984207405,0.04315296079122746,0.04372508045828279,0.04363467929869597,0.043321418230113685,0.04359722945992418,0.04341003047738202,0.04390081031636471,0.04390516738871616,0.043449961518452145,0.04328245118851697,0.04329314675312473,0.04323754551215729,0.04291208310994417,0.04340555636655221,0.043703657514110934,0.04344610383345893
21.76,0.043703021302313884,0.04371065337976968,0.04328732296806856,0.04335244761558652,0.04371655941049146,0.043896200379203554,0.04294980292925984,0.04314885207660867,0.04373971722233491,0.043630659933916745,0.043323476575310306,0.04359656175661284,0.04340247121412411,0.043901025996314055,0.04390502551015207,0.0434503907356506,0.04327486183810759,0.04329168722216291,0.043248034095728013,0.04292585712301884,0.04342173366850888,0.04368263557249661,0.04344100147425926
21.78,0.04369831253639503,0.04370451252800032,0.04328711927285935,0.0433657536321623,0.043700120280208726,0.04389986333882128,0.04295206430556259,0.043145959485299694,0.043756211763514,0.04362591245318252,0.04333630779148094,0.04359375507346044,0.043394758862269754,0.043903151406446524,0.043907964811135715,0.04344323048597943,0.04326692536797209,0.04329472400020829,0.04325976502380957,0.04294500411385946,0.04343133389372226,0.043656726358682715,0.04343052321496721
21.8,0.04369801731178043,0.04369442445273666,0.04328066291187142,0.0433838437817358,0.04369762134970523,0.043902454598357205,0.04295880423344596,0.043145882198744295,0.04377058473485182,0.04361803710030709,0.04334512442635138,0.0435951515444237,0.043388627317821886,0.04389863446808533,0.043909891621209285,0.04343323483696032,0.04325685535071939,0.043293221597544874,0.04326600345717721,0.042966485135330426,0.04344365179381973,0.0436369700864531,0.04341581569056751
21.82,0.04370017715928918,0.04368231594184932,0.043281396094266796,0.043399072020501694,0.04369244332122328,0.04390265111234221,0.04296158885248406,0.04315251301694863,0.04378160268988093,0.04361333268604174,0.04334993133738812,0.043586784174527375,0.04338524078307702,0.04388821818120094,0.04390947784181718,0.04342860027906406,0.043250205315728985,0.04330487184731981,0.04327064277765456,0.04298880253938539,0.043454928584213195,0.04361907142355171,0.043396132020243575
21.84,0.043702686227646254,0.04367416495899423,0.04328341984272165,0.04340902097736881,0.04368525145472095,0.04390299107892028,0.042964139058623736,0.04315707500806253,0.04379187566975216,0.04360200663419699,0.04334194788997139,0.04358494886029684,0.043394216768241935,0.043872412147894946,0.04390925761939613,0.04342005351358051,0.04324169417271505,0.043313602922769645,0.043268681767233266,0.04301461229963519,0.04347725356439756,0.04360622761820735,0.0433824599446525
21.86,0.04370774888104712,0.043660349372518795,0.04328032419540188,0.04341581970201457,0.04368072193343732,0.04390326211510658,0.04296407711560701,0.043154505547902414,0.043801264729564346,0.04359300434833619,0.043333136056248646,0.043588279644176886,0.04340536401536252,0.04386214898547445,0.04390901442929699,0.04341708142878089,0.04323405297190308,0.04332343546118035,0.04326729816747667,0.04303923538450339,0.04349845803139133,0.043594340512428824,0.043367076970839795
21.88,0.04372338702990547,0.04364620976213747,0.043277311900669295,0.0434220976706758,0.043679151102758135,0.043903562507372526,0.04296841118869366,0.04315854517318718,0.043809934819170844,0.04358564868684431,0.043326532774211085,0.04358597180839558,0.043422856662031696,0.04385848331111635,0.043908842798397574,0.043406278146454084,0.043223145179585684,0.04332365077336626,0.043257407206549456,0.043058148870380224,0.04351777885056049,0.04358257733302241,0.04335406644451453
21.900000000000002,0.04373442402746561,0.04362864456791052,0.043276429758616376,0.0434266188231759,0.043682134478243956,0.04390283644354675,0.04297703898045435,0.04315698696572891,0.04381628487711588,0.043580872942250805,0.0433254519410846,0.04358216111510596,0.04343940242151451,0.043855852707694286,0.04390768333406444,0.04338792763299102,0.04321319625698985,0.04331989137007586,0.043241616025546055,0.0430834875905748,0.04354448377829192,0.043572305858779935,0.04334426810277762
21.92,0.04374510087413334,0.04360744129215378,0.04326858879298763,0.04343046429346827,0.04367904519786414,0.0439011456349291,0.04298822266127579,0.04315349317450536,0.04381875439814462,0.04357681609065202,0.04333001233874454,0.04358166612470801,0.04345627717379497,0.04385570613042258,0.04390559459417171,0.04337943879389243,0.043206476661759474,0.04331473030270797,0.04322730787735627,0.0431068399064114,0.04357221383909412,0.043562385321213544,0.04333227852560873
21.94,0.043756407415016275,0.04358041666661825,0.043259328961129793,0.04344673381374085,0.04368284119076803,0.0438967411951403,0.042997098474141245,0.04315094558638431,0.04382218145019623,0.04357154489827294,0.043331612046736155,0.04357911002108033,0.04346692969752875,0.04385007407755165,0.04390372470780439,0.04337892233506775,0.04320077218815203,0.04330577215783827,0.04321480576355727,0.04312510902068571,0.04359520431317068,0.04355748225712078,0.04332624176229823
21.96,0.04376357577005284,0.04356183450089646,0.04325553918803928,0.04346746417069396,0.043690191830712224,0.043884617823546856,0.042999713966545366,0.04314595626731837,0.04382677177414566,0.043570969094577645,0.04333314589717103,0.043562005698191304,0.043482865172747444,0.04384187871830461,0.043901619722200746,0.04337362500861995,0.04319707646128343,0.04329500270106483,0.04320529803934785,0.043140392128861026,0.04361843115273686,0.04355949399633449,0.043322530916607635
21.98,0.04377314200619493,0.04354678916420921,0.04326237893255825,0.043482500367945126,0.043702377365451836,0.04387038065025533,0.043009324058303725,0.043139051035122694,0.04383018134086763,0.043568735511440526,0.04332837669389554,0.04354693044013354,0.04350121911499403,0.04384340892996188,0.04389985199500002,0.04336593466441283,0.0431882064729236,0.04328645318392853,0.04320074063206838,0.04315008935684599,0.04363837883188207,0.04355507676979159,0.04331047248181282
22.0,0.043782140138817184,0.043525558732895035,0.04326543013290879,0.043492429834957554,0.04371567985423161,0.04385316221884755,0.04302556355286472,0.04313734916990868,0.043831448149670625,0.04356674955913438,0.043318803595830936,0.04353450250585545,0.04351355717800816,0.043844910236267125,0.04389921623504757,0.043363112622426446,0.043185584545334395,0.04328291728780256,0.04319618745493182,0.04315820018511392,0.04365878285460682,0.043552081553701626,0.043296632400837
22.02,0.043785303368374946,0.04349762850756923,0.043274491781719555,0.04349502069279684,0.04372141628415358,0.04383773656056814,0.04303388608749276,0.043142662744083446,0.04383204104334898,0.04356400597766841,0.04330501554471778,0.043528966851900906,0.04353169777330348,0.04384880179803153,0.043899709254147136,0.04335574414415984,0.043183488226727525,0.04328363243914075,0.0431985750870351,0.04316353425025217,0.043679006046995004,0.0435503674490809,0.04328726808673202
22.04,0.04377984469970427,0.043474679176157945,0.043288887959168944,0.04349757706837272,0.04373607920791899,0.043824551108594935,0.04304574346034704,0.043157885476026635,0.04382493350888975,0.043565188814732855,0.04328686343879637,0.04352560808905903,0.04354263683783899,0.04385440270452801,0.043901133684827454,0.04335262680042679,0.043180722174735627,0.04328357896342431,0.04319779586878725,0.043164320929171614,0.04369853709068558,0.043541837875621096,0.043274565062183745
22.06,0.04377474160209685,0.04345533018240831,0.043302741152126144,0.043497532863327686,0.04374321758481156,0.043816027335361045,0.04305407617323876,0.043173000158442144,0.043818481110340805,0.043569274918813426,0.04326856563658629,0.04352221285964859,0.043554836251474036,0.043859277770790975,0.04390217465516233,0.04335308849647779,0.0431798985335076,0.04328210040104338,0.04319658220360875,0.043165058566275075,0.04371620032684211,0.04352825292703567,0.04326732829058098
22.080000000000002,0.043772655516303605,0.043444643579989964,0.043318848738304966,0.04350100374780527,0.04374831940561693,0.04380904332977197,0.04305876056120131,0.043182927315824744,0.043809343685202666,0.043572836586261585,0.04325345354020469,0.04351822386050283,0.04356308616534789,0.043863902452032914,0.04390327994749093,0.04335020534416177,0.04317517301966587,0.04328724854986997,0.043197174625901905,0.043167975484438695,0.04372848276496417,0.04351455550922603,0.04325885626990923
22.1,0.04378000454813314,0.04343708474275337,0.04333969389418217,0.04351011078601873,0.04374236453734003,0.04379790986313763,0.04305868035780068,0.04319913913486101,0.04380204228188075,0.04358245571903318,0.04324574613839572,0.04351010842041517,0.043578467187568255,0.04386659538021803,0.043902740948870984,0.04334357225118665,0.043171861800734325,0.04328690659304369,0.04320351818572262,0.04316597752219516,0.04372687967651736,0.043494161233310846,0.043253978796680505
22.12,0.04379021898579075,0.043428164436142974,0.04335644038642671,0.04352240060211625,0.0437391392992008,0.043785747849023504,0.04305526194012551,0.043220576669534404,0.04379349869033802,0.0435841470073048,0.0432387090316954,0.043508269771128635,0.043591668110424774,0.04386970398745212,0.04390288337278953,0.04333753308446699,0.04317793601694721,0.0432856133398674,0.04320468960604382,0.04315755701054154,0.043724871168941734,0.04347202295692906,0.04325294667676803
22.14,0.043798259217551955,0.043418308742856355,0.043371972151198986,0.043529320543564363,0.04374204851827754,0.04376972155491384,0.04305161425531803,0.04324155835631203,0.043783021719498556,0.04358598392452653,0.04323072680893888,0.04350879230864798,0.04360844411014915,0.0438733044222805,0.043903761554223424,0.04333057234695215,0.0431790372139804,0.04328556983516327,0.04320716379029808,0.043148390800323295,0.043726447974877077,0.043448523269652255,0.043257456580495374
22.16,0.043802493129527276,0.043410952569023796,0.04337885223997383,0.04353721694281194,0.04374950275145724,0.04375545628833809,0.04305067725712354,0.04326307881998266,0.04377498139481001,0.04358697257610331,0.04322326237642884,0.0435109016146439,0.043616890447646856,0.04387592349135582,0.04390388128424957,0.0433213284742782,0.04318682540379152,0.04328922491123364,0.043214394047243,0.04313386167725756,0.04372631063491113,0.04342583954169297,0.04326117212611526
22.18,0.043808572838451826,0.04340425946206829,0.04338012354332578,0.04354561604916653,0.0437603528145097,0.043747617795467486,0.043052731619322555,0.04328311464832175,0.043772963854804364,0.0435787501323464,0.043215036482374604,0.04350483097892204,0.04362962582283754,0.04387639424393048,0.043902056664933894,0.04331069463408647,0.04318911308975531,0.0432845847543487,0.043228268921976155,0.04312540384874562,0.04373393613879504,0.04340226345454337,0.043263688206966154
22.2,0.043811965251608,0.043397992091601854,0.04338656578524052,0.043549078236248144,0.04376985560518309,0.04374171715078468,0.043062950271029174,0.04330557507283349,0.043772112010669786,0.04357260074927128,0.04320926144260459,0.0434913390867408,0.04363635537021546,0.04387636876848104,0.043899924025018314,0.04329590510320243,0.043190024790162276,0.043281343916745596,0.04323974997534561,0.043117058980337734,0.043743548222223656,0.04337975899406184,0.043268949100390794
22.22,0.04381511181626681,0.043401738319544476,0.04338912628978446,0.04355104451203452,0.043777817331287716,0.04374020153155232,0.043069586451804885,0.04332880470248814,0.043773826761401936,0.043566898882007536,0.043201687427349776,0.04347471469896401,0.04363845097942994,0.04387619816563875,0.04389781920633334,0.04327209992238326,0.043193656824530365,0.04328364999368523,0.0432508668206132,0.04310605335861601,0.043754284042939004,0.0433636802628039,0.04327268169854049
22.240000000000002,0.043819163313732715,0.04339333586895502,0.04339641133036599,0.043543585740163114,0.04378493185848379,0.04374750693424143,0.04308438271132001,0.0433456329230688,0.04377722153718416,0.04356393955749825,0.04319772029097455,0.043461832353878044,0.043647730028693654,0.04386953087072172,0.04389507787116406,0.043245834138249666,0.043198702315036946,0.04329354137624729,0.043259253472415965,0.043093617453340505,0.04376333138035892,0.043346845915796586,0.04327087075810886
22.26,0.04382405834341003,0.04338526557217889,0.043394938710544256,0.04353449539552561,0.04378834283597876,0.043758285401658506,0.04310498252095908,0.04335945741755158,0.04378240229831367,0.043552915720848864,0.04319487611316107,0.043453257006721945,0.04366063884029644,0.04386229497250071,0.043893702532039,0.043219935171287624,0.04320475708323993,0.04330344877193953,0.04326402952765143,0.04308152728794826,0.04377281056159715,0.043333659345425664,0.043269918569222236
22.28,0.043830816930888174,0.043380159668615526,0.04340420743551535,0.043534654687591705,0.043789210956553706,0.04377044123915318,0.04313216454419392,0.043374614129617385,0.04378516443271417,0.043544734394538986,0.04319071870512268,0.04344140182660292,0.04366793711722244,0.04385028493452561,0.04389081753712971,0.0431932735509777,0.04321272485445569,0.043307252925304573,0.0432530914989468,0.04306574555959129,0.04378377448160067,0.04332114415620046,0.043275664432937296
22.3,0.043838047583204504,0.04337286881967008,0.043415905668234306,0.04352847932233582,0.04378640096734158,0.04378262495154401,0.04316364123848329,0.043392367183291314,0.04378489641567605,0.04354167304186443,0.043190067390951395,0.04342555303035292,0.04367299407675093,0.04383919772931345,0.04388762169851508,0.04316638196782607,0.04321982040494711,0.04330102612812199,0.04324213417858403,0.04304887030689419,0.04379486437048518,0.04331696059271096,0.04328760293290124
22.32,0.04384484956187866,0.04336172573389823,0.04342542277540166,0.04352471727719572,0.04378601488478824,0.043793973463616,0.04319303737113547,0.043405724364866324,0.04378882189983945,0.04353773421733038,0.04319287726671866,0.0434065263735657,0.04367234194654537,0.04383138709195873,0.043890356920267465,0.0431463541907146,0.04321769535602903,0.04329197923233231,0.043237320093489254,0.04302911846838181,0.043805208835558336,0.04331423704183172,0.0433025756326567
22.34,0.0438514568051424,0.04335888641341468,0.04342782401434107,0.04351591705832361,0.04378712244485541,0.04380475388363373,0.04321987168805284,0.04341999953828955,0.04379463999099564,0.04353601072135666,0.043201735016885366,0.043387341683194545,0.04367007083434531,0.04382464787238478,0.04389323136450281,0.0431243635927272,0.04321936135356665,0.043279859728047015,0.04323610588671082,0.043005140043004264,0.04381506765988352,0.04330372012991137,0.043322872276430585
22.36,0.04385825761223579,0.043350745914123294,0.043420405702197996,0.043510347854654394,0.04378475569121874,0.04381583837728578,0.043246329677926965,0.04343514903784796,0.04379649178659003,0.04353702264898244,0.04321553442127556,0.04337541280572169,0.04366176038814586,0.04381410919589564,0.043897060582972935,0.04310350005474516,0.04323082861465483,0.0432678331034933,0.043234018123044345,0.04299028836701635,0.04382530640969068,0.043295842997295615,0.04333316063298456
22.38,0.043861929068539196,0.043350416945714114,0.043406162016885706,0.04349322081688608,0.043781990584797655,0.04382301251311416,0.04327800507183988,0.043443660811556754,0.04379760451781358,0.043533926415829545,0.04322255064983831,0.04335555774241474,0.04366867546041438,0.043801460343625004,0.04390012709932853,0.04308871824528701,0.043243904271275245,0.04326733939849895,0.04323967497059192,0.042972255986568335,0.04383425754024308,0.04328849612685952,0.04334705340207843
22.400000000000002,0.04386212307120949,0.043346281524141314,0.04339642071480756,0.043485212966004945,0.04378853701226935,0.04383206391728974,0.043303824758683516,0.04344890127599731,0.04379670658166275,0.043531142950038064,0.04322316036629471,0.04333412197003935,0.043670482486612386,0.04379065587995468,0.04390305715154506,0.04307358258779379,0.04325118194310982,0.043270401272099766,0.04324527179986486,0.04295519781055398,0.04384258944655949,0.04328635626211214,0.04336272625135584
22.42,0.04386412793396401,0.04334567908786152,0.043385285575836666,0.04347417211846659,0.043789378546713026,0.043842251135351056,0.04332665457946863,0.043455978619036634,0.04379012986047169,0.04352679116579826,0.043223426681472124,0.043310452557676765,0.04367185840883043,0.04378206461772135,0.0439074248219306,0.043065456636672404,0.04326751256811259,0.043267403207549904,0.04324995454301845,0.0429469043864139,0.04385191385255089,0.043281482553972773,0.04337369654110967
22.44,0.043870713790177186,0.04333719567860199,0.043385438405555504,0.04346222821705448,0.04378735539966699,0.043850630749723285,0.04334807608446379,0.043463954376768636,0.04379095247414849,0.0435224797887204,0.04322190302184824,0.04329246533692352,0.04366308572749306,0.04377770947582301,0.043905638527551145,0.043061085595802864,0.0432811540137181,0.043263705127257204,0.04326219480246767,0.042932290431473445,0.043859501185651864,0.04328136876272115,0.04337887302638797
22.46,0.043876816995554874,0.04333093030037551,0.04338360163701979,0.043458974860850236,0.0437843143785735,0.04385838061241839,0.04337014707343242,0.043464712291845675,0.043783998745493415,0.043519258255972554,0.043223188485467245,0.04327308525013213,0.043653051298376516,0.04377535118515123,0.04389818400745677,0.04305992338500906,0.04329947229383792,0.04326181959808334,0.04328159962534503,0.04291506095258802,0.0438665237397373,0.0432748658426669,0.04338673918461202
22.48,0.04388185630973598,0.04333356998579854,0.04338090296544755,0.0434506833107653,0.04378704593448354,0.04386493178780273,0.043394811507824385,0.04346682748187899,0.04377975120210286,0.04351532809609216,0.04321755929834308,0.043250717203966345,0.04365352233184681,0.04377335491306152,0.04388825262624658,0.04305114321649066,0.04331665095860702,0.04325850699361529,0.04330587650058369,0.04289824260316483,0.04387240714432433,0.043267093560276804,0.043390964067541046
22.5,0.043885959471491445,0.04333766930824128,0.0433813178266804,0.043451917582731106,0.043797039217396534,0.04387042301688304,0.04341114771772126,0.04346835035368799,0.043773285654127185,0.043509509082415576,0.04321073123317687,0.043226353850336394,0.04365749998412458,0.04376972464492903,0.04387613677548346,0.043038744099764784,0.04333171596218457,0.0432537774271391,0.04333014763889831,0.042881376024045154,0.0438772852808653,0.0432677670686564,0.04339212077902026
22.52,0.04388918153832419,0.04334644401103822,0.04338429972552314,0.043451565213377605,0.04380339930698621,0.04387491948544336,0.04342923067601071,0.04347691373133503,0.043769724688728744,0.04351068384002031,0.04320241076342772,0.04319843034168823,0.043665958153727515,0.043767273080547946,0.04385785868461419,0.043032379336292566,0.043341304531078574,0.04324583927249219,0.043351552901273606,0.04286638379997107,0.04388121886160504,0.04326944882467803,0.04338357923181567
22.54,0.04389207148314836,0.04335321856784606,0.04339157610535592,0.04344980388656395,0.04381332579374662,0.043878979317453104,0.04345082123136224,0.043484555366237125,0.04376764189296615,0.04350666736761046,0.0431968140020527,0.043169139124381944,0.04367489016735856,0.04376536787141575,0.043839879458903906,0.04302550490422998,0.04334563756078889,0.04323366754110388,0.04338209885703574,0.04285350489760716,0.043884761968602595,0.04326331485586181,0.0433767577783671
22.56,0.043895686390986344,0.043359334404027616,0.04340085046824244,0.04345027719726306,0.04382339846603519,0.04388366788561269,0.043472679217826944,0.0434897612944571,0.04376306603778516,0.04349884922757594,0.043192396548518454,0.043142576504008455,0.0436862068969226,0.04376088944475837,0.04382683702187599,0.04301576269595327,0.0433569041953751,0.043228559898288055,0.04341451857825097,0.04283622008170202,0.04388897631399129,0.04324612035984545,0.043366460870697454
22.580000000000002,0.043898993180951966,0.043365546835987485,0.043405924759339805,0.04344949660134311,0.04383263345072865,0.04388628483947074,0.04349612285533639,0.04349656784346591,0.04375726428468463,0.04349493857271709,0.04318759432356218,0.043115536466714205,0.04369060855984861,0.04375699791487901,0.04382847440559313,0.043006064397466175,0.04336225876887463,0.04322901290583072,0.043446301277259444,0.04281530776551663,0.043892833384561764,0.043232924109042954,0.04335231249682482
22.6,0.04390209539345063,0.04337411504562241,0.04339763555894627,0.04346043185939005,0.043841177605601016,0.04389042922109476,0.043515019088744646,0.04349965552706409,0.04375184100755547,0.0434963923579881,0.04318641696700287,0.0430985973233161,0.04369361552146994,0.04375557385331612,0.043822212600567005,0.04299394092055385,0.04336996875006851,0.04322998539653462,0.043474168772911874,0.042798257584805356,0.04389644074162441,0.04321557400115069,0.04333645490122097
22.62,0.04390668874390421,0.04338477320267079,0.04338872418863232,0.0434703968819007,0.043850764399391846,0.04389541917393352,0.04353217376449452,0.0435095135447595,0.043750838712252715,0.04349074099521509,0.04319032002401251,0.04308511916254579,0.04369323311961464,0.04375286422407931,0.04380986555758073,0.04297569565118211,0.043374600616223905,0.04322980318577549,0.04350252945730253,0.04278311495525073,0.04390149760502688,0.04319510535560705,0.043326217478643056
22.64,0.043910316345542814,0.043392735152696295,0.04337858533785075,0.043476511717772406,0.043858976819735045,0.04389305153725615,0.04355188513465531,0.043522580616388674,0.04374051747332896,0.043482416645266635,0.04319580967087221,0.04307266744928308,0.043699120055407555,0.04375105385696776,0.04380588150869235,0.04296365560703639,0.0433777793338365,0.04322833075666496,0.04352342175384759,0.04277305257851484,0.04390555078931344,0.04317316335466515,0.043322936504404996
22.66,0.04391390216366325,0.04340061302978445,0.04337391417892388,0.04347747960601967,0.0438667713072261,0.04388898265901711,0.04357102496467538,0.04353440690722117,0.04373572038712894,0.04347566219551407,0.04319777005161946,0.04305568698127675,0.043700280225430335,0.04374910480661828,0.043797961541080864,0.04295706848318477,0.04338462369891008,0.04322446809893233,0.043543405120386965,0.042760580269812644,0.0439095272742782,0.04316065158953486,0.04332039445976068
22.68,0.043917030878083727,0.04340714407965464,0.043367783663427056,0.043480303327343456,0.043873377160279364,0.0438844282931776,0.04358614562079196,0.04355173846909123,0.04372971542770385,0.043469669806888836,0.04320379838530963,0.043040964671141504,0.04370079734062582,0.04374405126110569,0.04378585493710004,0.04295630052629273,0.04338981161778153,0.04321790839563869,0.04356886923108157,0.04274812472484988,0.04391301464469815,0.043151932939880996,0.04331123459805212
22.7,0.04391887598615673,0.0434169626657712,0.04336588528825818,0.043483147791111024,0.043875706000730964,0.043886307886897964,0.04359644852093762,0.04356293477501364,0.043722379976338197,0.043454855835578406,0.04321159285146183,0.04303365923539319,0.04369663720790759,0.04374256643728453,0.04377747441072768,0.04295945965125228,0.043395119473312635,0.043215288960209826,0.04359372572157711,0.04273281919322485,0.04391518909216513,0.0431449331482391,0.04329802989045051
22.72,0.04391881851915213,0.043423388687546194,0.04336933043260228,0.04348728817998452,0.0438791901414681,0.04388892226310413,0.04360994381991171,0.04357518060595324,0.04371338816914278,0.04344579756060441,0.0432141352847648,0.04302749582231211,0.04369309539632761,0.04373695437205514,0.04377209587451477,0.0429636506962757,0.043396405571585424,0.043205654601203375,0.04362034314646576,0.042721995506939246,0.0439154340930019,0.043130439475838826,0.043291051779245956
22.740000000000002,0.0439187531017517,0.04342705138658671,0.04337450079074838,0.04349355459830112,0.04388237579354743,0.043891309502392596,0.04362410802198407,0.04358916456148954,0.04370932998011001,0.043437995070626186,0.04320991532850403,0.043029268960510916,0.04368658324369214,0.04372817592415329,0.04377206599165308,0.042974694190934075,0.04339715540693013,0.04318851436127738,0.0436447643275917,0.04270733245514836,0.04391564633028244,0.0431178152716265,0.043279925400158265
22.76,0.043917818242260896,0.043429705085784635,0.04337571533289084,0.04349877944857571,0.04388442595444166,0.043892626588072275,0.04364128201248138,0.04360276644136149,0.04369769411775095,0.043428201267558475,0.04320347707966433,0.043023057440755436,0.04368585470884186,0.043722151443905455,0.04376959837607714,0.04298958578751572,0.04339899227440102,0.04317424113702683,0.04366631222222742,0.042703779869619485,0.04391150256850228,0.04310720701855836,0.04327522558172648
22.78,0.04391508974665828,0.043427678531719735,0.04337030485091431,0.04350380824048952,0.04388443884220735,0.04389196623413718,0.043658832883885064,0.0436147615624037,0.043691445303470654,0.04342593862210794,0.04320609845445924,0.04301907787260247,0.04368247386918894,0.04371248599102087,0.043767334060235086,0.04301204234030999,0.0433999101036241,0.04316789665314606,0.043684231440973685,0.042702542799496306,0.04389618635324452,0.043099224680116524,0.043266230563588394
22.8,0.04391331358280153,0.04342421324715453,0.043360960252394894,0.04350597508934242,0.043883479945814756,0.04389208807312401,0.043676184344333686,0.0436165224557654,0.04368681706948915,0.04341714750218929,0.0432102018577683,0.043010465308195224,0.04369509945086132,0.04370844764346353,0.04376401221824442,0.04304261375888937,0.04340112527197662,0.04316542707467191,0.04370140437579963,0.042695417733300385,0.04388208749710165,0.043093488802257544,0.04325350744506042
22.82,0.043912779868026636,0.04341968884173443,0.0433553095781531,0.043510106630656784,0.04388539432422035,0.043893296084492564,0.043695109017144775,0.04361322308305475,0.04368012266622408,0.04340750754598253,0.0432106128177211,0.04300344879946432,0.043697430135760745,0.043705906023934746,0.043760441363702045,0.043076672655176534,0.04340562817722947,0.043155825142000906,0.043718259539382895,0.042678235827929116,0.04387645402993145,0.043095784458175,0.043242763389901774
22.84,0.04391006110992212,0.043427120294579645,0.04335173074879682,0.04351887462399906,0.04388492404922568,0.043892177037480225,0.04370910302530065,0.04361451659215322,0.043672219899951015,0.04340975657334614,0.04321004061233096,0.04300159204093846,0.04369366269479872,0.043704321070290215,0.0437472474968716,0.04310504610808747,0.04340744031333445,0.043142287052339946,0.043731511823393555,0.04267139473019901,0.043870504522264535,0.043100269086395464,0.04322419849400104
22.86,0.04390759470462065,0.0434353345574759,0.04334939826881683,0.043519868039061174,0.043884521500592535,0.04389117898850775,0.04372014053524523,0.043614296608460654,0.0436640161566078,0.04341293276229841,0.04320876962507789,0.043002810038285974,0.04369663588924434,0.043705449007367884,0.04373852757049664,0.043134985558415745,0.04340559303288186,0.04312959446547582,0.043743705053125734,0.04266669746740195,0.04386679971016096,0.04309098611818396,0.043210164342194386
22.88,0.04390717923875372,0.04344755535268423,0.04335547351564947,0.0435149874077139,0.04388599954858539,0.04389211068647381,0.04372958418575079,0.043605250035665094,0.04365618762571623,0.043413423349290645,0.04321143506315678,0.04300874226741385,0.04369477024849806,0.04370795680123385,0.043724532955483494,0.043162588652393405,0.04341308093481946,0.043113043116400344,0.04375673927227878,0.042664000072378826,0.04386004957547548,0.043084277036510105,0.043191033057674584
22.900000000000002,0.04390706603696746,0.04346862840685379,0.04335606479748038,0.04350850329445233,0.04388762434976793,0.043893234008375574,0.04373488434726763,0.043598025653453866,0.04364827421876916,0.04341665819685592,0.04321580285225691,0.043015474590528915,0.04369154095473918,0.04372230226134145,0.04371052121748178,0.04319207825796001,0.043414520523243905,0.04310022018473649,0.04376835431950145,0.04265489078502481,0.04384564707294909,0.04307118816354133,0.04317849550645048
22.92,0.043905909916430376,0.043488078133139166,0.04335817805459887,0.04349777080574689,0.043887171577348526,0.0438932132468097,0.04373846944621288,0.04358765572409407,0.0436400936269853,0.04341708773694849,0.04321876636685897,0.0430326711083001,0.04368813256782416,0.04373490593337548,0.04369466448576122,0.04322689757219595,0.043415385031235695,0.04308192875293201,0.04377858391811551,0.04265351052840194,0.04383566912052449,0.04305951135042381,0.04316574499573643
22.94,0.04390577951311574,0.04350649628102941,0.043356854962334504,0.04348886328603196,0.04388764232261502,0.04388407942663765,0.043737929361879625,0.04358325357288917,0.04363957070118002,0.043416594016860856,0.0432227781678325,0.04304352914850206,0.04368423093609905,0.043746661869999974,0.04367782764947816,0.043261331678171026,0.043413717323553404,0.04306638106159793,0.04378890219482197,0.04265631313617918,0.043828920875615796,0.04305244988097902,0.043149892632595936
22.96,0.04390653867080893,0.04352052554650898,0.043356548569992236,0.043475356112573554,0.043889889528860436,0.04387469802258964,0.04372665639112591,0.04357534495176691,0.04363802316542285,0.043423018839876905,0.04323161495781341,0.0430603603829998,0.04368177741329031,0.04375511759325158,0.04366487970689091,0.043297677452889746,0.04341344303305877,0.043046522034769816,0.04379660254565115,0.04266403926165668,0.04381401720109469,0.04305253207976854,0.04313481653733822
22.98,0.043906325253498316,0.04353403731725559,0.04335690376907532,0.04346963907733564,0.043891042391426105,0.04385849787653733,0.04371954192567618,0.043566381462351894,0.043641941744942576,0.043427786938064844,0.04323913222652959,0.04308063483055598,0.04367268416479352,0.04376733025602078,0.0436603859190338,0.0433258616978646,0.0434156815608314,0.04303118517003568,0.04379746530433999,0.042675079296605384,0.04379746345265105,0.04304650977366212,0.04311848859091233
23.0,0.04390483868475076,0.04355093269135731,0.04335600013164971,0.04346210566556279,0.043889003084986736,0.04384244050450841,0.04371632151254596,0.04356326836741341,0.043649625709250496,0.043435880233931246,0.043240707278505076,0.04310298348465047,0.043661239782081626,0.04377725379554016,0.043656424793947796,0.04335567282592729,0.043421658646543626,0.04301810925871323,0.04379040119891264,0.04267755654589294,0.04377590621269286,0.04304528440886467,0.043106385181770644
23.02,0.043905756034644826,0.04356205252283949,0.04336436104735364,0.04345653920099125,0.04388416198190759,0.04383351157824306,0.043716386293516346,0.04356339147213496,0.04366085228196727,0.04344621075669879,0.043242844338835594,0.04312064361999783,0.04364617151608562,0.043779793752302225,0.043657961507352246,0.043390659652997265,0.04342475778395801,0.04301020994281053,0.043773712763546316,0.04268224287978788,0.04375057713955457,0.04303991783166896,0.043087284100805576
23.04,0.04390480882142603,0.043581173671606147,0.04337453203091128,0.043448421977474595,0.04387845561179667,0.04382862506447401,0.04371350099647142,0.043563037545430804,0.0436675754397223,0.043459009837803333,0.04324397486412306,0.04314155101947968,0.04363013840956858,0.043776243324907364,0.043656957581826514,0.043429763328236046,0.04342164234523473,0.0430029952828505,0.043748049815454146,0.042689080324308896,0.043733229034446555,0.043038999815878276,0.04306823385656912
23.06,0.04390546357747396,0.04360687211265939,0.043382795775779505,0.0434503008390598,0.04387293862957782,0.04381648257384225,0.04371391314732526,0.04356127386932062,0.043674746977804185,0.04347536191637224,0.043240075637476526,0.043158635913662924,0.043614056983707836,0.04377637402876118,0.04365443494033989,0.04346012060173934,0.04341593771283789,0.0429989474114182,0.04371966828899286,0.04269718680624027,0.04370751829131573,0.04304543018856882,0.04305146377572351
23.080000000000002,0.04390761161065153,0.04362480857729711,0.04338916321568857,0.04346033888891561,0.043870292207765824,0.04380454036321657,0.04371713644916511,0.043567118394383014,0.0436860042679499,0.04349464918417336,0.0432420750553316,0.04316548666954688,0.04360798724287177,0.04377553650503975,0.04364853855253015,0.04348652594875873,0.04340825123236073,0.04299173703676082,0.04368947938067956,0.04270644659483507,0.04367218123772316,0.04305426134580209,0.0430298300385529
23.1,0.043907788033204075,0.04364229834317349,0.04339432568611473,0.043469805677132885,0.043868301959064736,0.04378964571277903,0.04371849121704513,0.04357516060007412,0.043691596073940894,0.043514216434094394,0.043237482755753856,0.043166364140236925,0.04360042651370147,0.043777693022431625,0.04364693376113556,0.043510437815796804,0.04339996352652338,0.042981584285354195,0.04366471481809192,0.04272380272641491,0.043639793858329896,0.04306883616255901,0.04301033687704697
23.12,0.043906913242705736,0.04365878643341542,0.043389957082451545,0.04347320125684189,0.04387218296520612,0.04377488151642239,0.04371675289853625,0.04359082850770384,0.0436995222122841,0.04352951106001003,0.04323633256177647,0.043161349399288285,0.043596952942834534,0.043778425352052126,0.043651069094669426,0.04353401299687898,0.04338242528458449,0.04297034707776937,0.04364492865398474,0.04274535083824594,0.04360939677143366,0.043081967999275016,0.0429949038516295
23.14,0.043907768074837566,0.043667735955822726,0.04337654243490575,0.04348230221204442,0.043873939848135556,0.04376482228645079,0.04370821709490759,0.04360872207153384,0.0437079601591405,0.043534533700940056,0.04323678842262585,0.043160484479761625,0.04358979388534549,0.04377992253279151,0.043665116979839734,0.04355095286680371,0.04336692055152727,0.04296372537394025,0.04362157719323304,0.042769676410943036,0.043587776786701185,0.04309276385967933,0.04298195681808913
23.16,0.04390955350818812,0.043678110676978237,0.04336601096668484,0.04349119445853487,0.04387501537656519,0.04375408263469737,0.04370336961087376,0.043622251607965304,0.043715800932845626,0.04353671403524644,0.043232424435825374,0.043158352637600074,0.04358395180129268,0.04377913983304108,0.04366700874062092,0.043569252270038786,0.04335690489926378,0.04295815633206417,0.043602916432702116,0.04278948550491337,0.043569491561644226,0.04310275788883231,0.04297805385358132
23.18,0.04391022316900081,0.04368622833186266,0.043347777596306244,0.043493785126277426,0.04387677032042279,0.04373909257383641,0.04369204627825918,0.04363517523530717,0.04373236594784929,0.0435459766571232,0.04322855110050723,0.04315555784467925,0.043578718855741445,0.043776707050777686,0.04366724090090695,0.04358955865367249,0.04334478932869583,0.04296035475758318,0.043586356871923124,0.04281008224639087,0.04354399486090872,0.04311961986656183,0.04297902642540617
23.2,0.04391077558418257,0.04369677657487974,0.04332664507526534,0.043488288977974056,0.043876505114302834,0.04371951269050577,0.04367482101790919,0.043647151855561526,0.04374750990281503,0.043557244774735056,0.04322915707772809,0.04315487658236045,0.04358452860543557,0.043772757014045795,0.043668279178185034,0.0436164186261321,0.04332550764310546,0.04296754982804571,0.04356669593765662,0.04283946942431371,0.04352181579440222,0.043131831938582964,0.04297588078187507
23.22,0.04391087919034877,0.043709204239477197,0.043305152410985044,0.04348729922168343,0.043871816500148104,0.04369465484197581,0.043662466161047776,0.04365600749866481,0.04376100932502513,0.043572219929755636,0.043241081708327515,0.04316123869008832,0.04358892277653869,0.043773642440887155,0.043666159236229886,0.04363756966936198,0.04330730591724071,0.0429689487497126,0.043551292876454074,0.04286515551107967,0.04349787554490716,0.043141761873270235,0.04296833568679031
23.240000000000002,0.043910901185032394,0.0437221975704915,0.04328756169501068,0.043487895032998526,0.043864551981434616,0.04366975832078892,0.04364726437596567,0.04366312672261524,0.043773328249023906,0.04358788016210718,0.04324989359700079,0.04315417146334942,0.04359889411667651,0.04377609538690145,0.04366367531528107,0.043654045206828036,0.043287897843477564,0.04297498210092156,0.0435303649633526,0.04289116257512398,0.04347746282723708,0.04315615694475543,0.042970732363626016
23.26,0.04391250474746704,0.043731720772194865,0.043266051702248544,0.04348558480140261,0.04386129993914792,0.04365120175730346,0.0436312541009775,0.043676610165397645,0.04378621521527801,0.04360237724204449,0.043248507226204956,0.04315259406698497,0.04360871931278864,0.04377803864498127,0.043661500553216014,0.04367109879598515,0.043274600511139266,0.04297505209305309,0.04351628530727721,0.0429122004790919,0.043463132571965386,0.04316023645689728,0.04297321353695269
23.28,0.04391155005962034,0.04373306191295512,0.043250252391355805,0.04348838297153017,0.04384832751734425,0.04363503652969302,0.043616739150882836,0.043683855602133864,0.04379904112658981,0.0436134761182943,0.04324864635122267,0.043149942052909514,0.04361660022389758,0.04377758974435716,0.04365979208592996,0.043687181375757375,0.043268035120903374,0.04298269479716543,0.04350641908369884,0.04292938659286045,0.043446546888173156,0.04317029593110368,0.04297714637162101
23.3,0.04390938616200899,0.0437350235307351,0.04323664846314122,0.04348182331776374,0.043833195354518316,0.04362243604667332,0.0436010626940087,0.04370151657546117,0.04381020097011503,0.04362670541445094,0.04325313313563437,0.043153033632364085,0.04362158783268837,0.0437750656148014,0.043659382425921454,0.04369670884613404,0.04325235899222291,0.04298877784729105,0.043492454542554466,0.042944899559776026,0.04343410021108868,0.04318978610876799,0.04298071272187869
23.32,0.04390222159224363,0.04373874723359914,0.043224541748725386,0.043487177436255735,0.04381400301205808,0.04360546060783561,0.04358770567954251,0.043721510476069786,0.04382128361357643,0.04363418077713091,0.04325961743785937,0.04314910647822702,0.043626252816124526,0.04376798013286474,0.043668732479013816,0.043706207692350445,0.043235699750593055,0.04299809857991602,0.04348364110652866,0.042949298087672096,0.043420672129734356,0.04321284938954518,0.04298501174253355
23.34,0.043899710485121805,0.04372988283161835,0.043220501172647544,0.043490334069517134,0.04379562130466122,0.0435948050228531,0.04357668815935146,0.04374050411963643,0.04383209799056545,0.043637240753219585,0.04326016847565353,0.043149395104891596,0.043631288226036596,0.043761522759731386,0.043677933588883944,0.04371058628248946,0.04322517765511374,0.04300595872590292,0.04346473536505624,0.042960352754425515,0.04340955044899108,0.04324485940271676,0.04298108530091501
23.36,0.043895001961039196,0.04372252556027646,0.043223774081801815,0.043497366713083636,0.04377733879566392,0.04357364332440552,0.04356476493275648,0.04375607289331633,0.043840154433702684,0.04364327318585842,0.04325832181567124,0.0431540209680976,0.04363214038185888,0.04376067088618315,0.043688326858151216,0.04371766471910339,0.043219978481839866,0.04301271936211538,0.04344903140959236,0.04296807021427848,0.04339774633172143,0.04327310189124269,0.04297429079823996
23.38,0.043891045222851345,0.04372492672468987,0.04323393626420894,0.043500433323036825,0.043765308661402436,0.043551045381902305,0.043547667684297915,0.04377078200791502,0.04384796809860798,0.04365992452864753,0.04325404140771984,0.04315546566966362,0.043625893787300356,0.04376227197556957,0.043696462500555464,0.04372111355463552,0.04321558893328034,0.04301738618829927,0.04342757382321903,0.04296832450219717,0.043394188270695695,0.04329920864163997,0.042969442847663956
23.400000000000002,0.04388855940918348,0.04372318478435404,0.04324586347237045,0.04349578657838729,0.04375382481165382,0.04352609938858409,0.043529911889746205,0.043783275779281164,0.04385413027679381,0.043678576036573886,0.043248010445992295,0.043162085928000075,0.043621264434335436,0.04376089206116196,0.04370445431855858,0.043724046509332995,0.043215793752599534,0.0430265268637976,0.04340637231628404,0.042974258160661465,0.0433944587344737,0.04331985168980232,0.04296277235807199
23.42,0.043891843788549864,0.04372663520377511,0.04325713161314127,0.04349494743218276,0.04374222427507324,0.04349850721516327,0.04351237376523729,0.043795195604478324,0.043860238560579405,0.04369435058397854,0.04323810777041091,0.04316757885176293,0.0436179828251537,0.04376279387765818,0.04371314785867811,0.04372600817332786,0.0432186104026059,0.04303429522730506,0.04338756149682796,0.042979486294325464,0.043389232976010536,0.04334034901151677,0.04295139719225758
23.44,0.04388537399466417,0.043723005436859405,0.04326873082341048,0.04348964012824068,0.04373873509443792,0.04348246527900779,0.04349853342261766,0.04380599111620867,0.04386569899820756,0.04370227257696242,0.04322062297299232,0.04316886869142892,0.04361739766508322,0.04376642517669708,0.043730673242941956,0.04373622986035083,0.04321821757287687,0.04304395097580487,0.04336493636901425,0.042981098039242736,0.04339583602075333,0.0433594342830151,0.042935862259181765
23.46,0.04387639912272706,0.04371990644134631,0.0432756350944411,0.043480001070343846,0.0437354696331393,0.04346383751452439,0.04348776749882999,0.0438164322682932,0.04387124334394654,0.0437089917482285,0.043210172054929843,0.04316726068045158,0.04361242655707112,0.04377098649319598,0.04374144230435576,0.043741318711184106,0.043231621798381456,0.04304706568651387,0.04333866320365857,0.04298317277350087,0.04341195580057712,0.043381245092321725,0.042926985108037795
23.48,0.04387390041983934,0.043720428944930494,0.043285512189831066,0.04346843234135479,0.043732373705862165,0.043441973355764205,0.043479333686919884,0.04382436570448142,0.043874679678288266,0.04372122705081925,0.04319862965006861,0.04316555368230965,0.043600950376580044,0.04377950168616471,0.04375033215305855,0.04374132463324462,0.043243770311442484,0.043046261166962474,0.0433173102351235,0.042986205695278557,0.04342675361645269,0.04340073384128176,0.04292044587394159
23.5,0.043864138041914816,0.04371821442982067,0.04328777943005525,0.04345745203804946,0.04373344580653445,0.04343272826991232,0.04347935451171622,0.04383256573290342,0.043878752546805504,0.04372888627438475,0.043187794466791336,0.04315968596675102,0.043583972148460576,0.043791003748247015,0.043762022555143845,0.043734032394033596,0.04325021042178364,0.04304634914909402,0.04330121996321805,0.04298817300838779,0.04344797423372581,0.04342108964727051,0.042913155214996064
23.52,0.043862214275755394,0.043715277162981694,0.04328572759036226,0.04345363933644414,0.04372712214963061,0.043414488823302747,0.04347730672783964,0.043838980696287715,0.04388137781754481,0.04373833152934091,0.04318239596915883,0.04316118646067466,0.043567390624135144,0.04380082893057167,0.04376921593026761,0.04372220811085067,0.04325466595576974,0.043047915530161754,0.04328754085443675,0.042992340950324656,0.04346723443201219,0.04344511558441157,0.042907494557735036
23.54,0.04385966010266706,0.04371357634162738,0.04328466934604467,0.04344494272120782,0.043724379702448087,0.043397981030002725,0.04347031811736232,0.043845076607128185,0.043883995169330496,0.04374538588829129,0.04316953425106199,0.04316034667410729,0.043558421302139265,0.04381005508153581,0.0437723510149541,0.043712101171776825,0.04325824597129214,0.04305412453088585,0.04328174980094277,0.0429951038260593,0.043480173137859825,0.04347311219507544,0.04290469601619941
23.56,0.04385681043897388,0.04370833793653998,0.0432824284065223,0.043429616762321537,0.043719555456228264,0.04338464120123225,0.04345562929295729,0.043850522681401424,0.04388624796813519,0.04374718796739011,0.04316430360956671,0.0431586935526947,0.043556451635226395,0.04381837467867877,0.043772443109359294,0.04370552925079938,0.0432601206581154,0.04305483989114188,0.04327489527386252,0.04300923691920914,0.04348775500128308,0.04350823420842321,0.04290814409993737
23.580000000000002,0.04385683496235867,0.04371082360739313,0.0432875061497198,0.043416066143595965,0.04371104620404132,0.04337646841460554,0.04343789063573789,0.04385706515654628,0.043889860330678133,0.043748631756089444,0.0431631983897884,0.04315637120023797,0.04355109435046119,0.0438275538651426,0.043760487010551664,0.04369632122412765,0.04325454361061261,0.04305679666976391,0.043277088757812616,0.0430218368528906,0.0434964445915818,0.043531368945153325,0.04291470117110962
23.6,0.04385427086665237,0.04370902230867776,0.04328927730467539,0.04340427873314956,0.04370728551937164,0.04337537826462613,0.043417029046359565,0.043863483076418214,0.043893588742404864,0.043744630654526925,0.04316319225882398,0.04315405117658896,0.04354830704370913,0.043836391984348945,0.04375385093216126,0.043687517445380915,0.04324697139169452,0.04305897595827838,0.04328061293496959,0.043031819272389873,0.04351335382204828,0.04354826100071003,0.04291845026203363
23.62,0.043861779825994145,0.043717888383047736,0.043285268071211046,0.043381154652190036,0.04370220697974626,0.04337479227537112,0.04338869818496812,0.04386826529376866,0.04389787398088027,0.0437474435081328,0.04316169113524053,0.04315273198528079,0.04353995534149773,0.043845366855183796,0.0437449066141801,0.04368012824673052,0.04323693166510181,0.04305660844225458,0.043293121980936586,0.043042635948167894,0.04352673780490908,0.043564690108245145,0.04292912271696111
23.64,0.04386614442232812,0.04372676647655283,0.04327902415662715,0.043357819216173855,0.043698455834333495,0.043382763496497376,0.04336095442828392,0.04386405070220829,0.04389927726321092,0.04374941433589879,0.04316261624089611,0.04315054173558829,0.043533847864149496,0.043851078039641264,0.043732693593512104,0.04366872262188133,0.04322770869381263,0.04306067204866919,0.04330751614934678,0.04304534456737788,0.04354167823925275,0.04358994243304426,0.0429429674407131
23.66,0.04387223247137125,0.0437384338146736,0.04326642749899184,0.04334032155709556,0.04369062506303933,0.04339413203798385,0.043334008943622854,0.04386479945308677,0.043902648399820644,0.04375362741064444,0.04315220419845446,0.043141294372626385,0.043530101075178865,0.04385840154092324,0.04372659671543404,0.04365135098738752,0.04321796495846492,0.04306638014832784,0.04332545285993356,0.04305341883859819,0.04355385391405199,0.04361867920760628,0.04294704453268275
23.68,0.0438756789102256,0.043752621945304535,0.043253823570290534,0.04332965868233234,0.04368236417101019,0.043409159975750594,0.04330834216971976,0.043860470232597454,0.04390365234604642,0.04375462030716535,0.04313767555316661,0.043136101450424014,0.04352045184024535,0.04386303568981801,0.04373307982656779,0.04364081230065808,0.043206644690538656,0.043077449949338494,0.04334106057666018,0.04305642687246421,0.04356102342342174,0.0436429812080934,0.04295286430816097
23.7,0.04387636876868259,0.04376605020845518,0.04324358469261026,0.04332067224288926,0.04367597539214128,0.04342511787760632,0.043274783141180925,0.04384861918707312,0.04390468979121389,0.04375277658718476,0.04312602098583199,0.04312635361638941,0.043510329557180996,0.04386740540181347,0.04373806996455292,0.04363484154084968,0.04318898164940055,0.04310172137301825,0.0433599954094498,0.043067224239440205,0.04356826591032528,0.043665404603427035,0.042956747859282704
23.72,0.04387911324655734,0.043777846654696244,0.043233007774092676,0.043317347958986986,0.04367002036769944,0.04343429582485933,0.043251662583977175,0.04384374897687853,0.04390511044434394,0.04375034551564618,0.043122806413049025,0.04312640882811968,0.04349978276745117,0.04387088535079288,0.04373078677889419,0.043616241224447044,0.04316984054808642,0.043129634428340675,0.04338229895270281,0.04307212782999505,0.04357610260937224,0.04368545932308144,0.0429551255979296
23.740000000000002,0.04387804996486856,0.04378790645284415,0.04322175087041166,0.04331926577530503,0.043660249343082505,0.04344253208503173,0.04323232282400406,0.0438351800400132,0.04390472581647497,0.043754640701220676,0.043122539613977634,0.043130378722659644,0.0434913833275453,0.043873309545908866,0.04372399409482703,0.04360257893310908,0.04314818104847245,0.04316124138751903,0.04339893216244479,0.0430717058261901,0.043580504052425396,0.04370310126735763,0.042955526144306366
23.76,0.04388008603795925,0.04379415547528812,0.04320667255889561,0.04332125989678117,0.04365031547026982,0.04344908779143653,0.043218060936757605,0.04383529083472348,0.043904572737687775,0.04375834609276012,0.04312572012744519,0.04313659975716346,0.04347343419904571,0.04387573464114665,0.04371437505021599,0.04359175992298132,0.043127367969693325,0.04319023164125635,0.04341396848814522,0.04307087272037358,0.04358212178292069,0.04371949449295241,0.04296047137410054
23.78,0.04387320011077597,0.04380262908740215,0.04320082870514569,0.04332740091475085,0.04363259181665283,0.04345473539324742,0.04320452764932987,0.043839107936993714,0.04390398393005626,0.043769758734951925,0.04312864155774186,0.04314385211919878,0.04345650335276057,0.04387751270016115,0.04370396228413284,0.043581723412920194,0.043110997103752345,0.04321223514354354,0.04342314505660392,0.04306464886275677,0.04358176002726177,0.0437340958530819,0.04297215824677762
23.8,0.0438726452705334,0.04380950830156771,0.04319243847096951,0.043330895659860834,0.043613172804072384,0.04346054126008794,0.04318544066025983,0.04384142992901309,0.043903388281974064,0.04378017968089194,0.043136745204531646,0.043150825289362274,0.04344809694244435,0.043879089690329144,0.043682612922668194,0.04356760520575263,0.04309906825559759,0.04323859519605169,0.04343065240253546,0.04306451874513943,0.04357396345514081,0.043747443846294365,0.04299114252492182
23.82,0.04387336009777927,0.04381540679085199,0.04318582538888421,0.043333469583774556,0.04359192417044313,0.043470269364830186,0.04316484687270653,0.04384344657513621,0.0439015790510657,0.04378848610423018,0.043143732147480456,0.04315483590890922,0.043439606006647674,0.04387927541877914,0.043662511096380204,0.043551593298497,0.04308906245428983,0.043270459191204834,0.043437584579889846,0.04306808409081368,0.043563794785345396,0.04375843794225736,0.04301240907980333
23.84,0.04387400091425073,0.04382080569968931,0.043185034041034166,0.043331500542054875,0.04357302333325126,0.04347521677024318,0.04314191018431891,0.04384654335678499,0.04389990303018441,0.04378850519362978,0.043156988246613626,0.04315499994426423,0.04342813477927396,0.0438794305745492,0.043647277042528944,0.043541998735475075,0.04307705401109829,0.04330332149742152,0.04344052452732155,0.043074453756147706,0.04355939967978197,0.043768514117293315,0.04303146002278894
23.86,0.04387363659872205,0.043822411334406675,0.043178330483889596,0.04332272800330317,0.043558677070487724,0.04347955598449666,0.04312281181468205,0.04384811359321167,0.04389741157851428,0.04378505815246073,0.04316485369530042,0.043158945655690936,0.043422491420852326,0.04387862036391735,0.04363995792319155,0.043539217391309115,0.043062365824075376,0.04333506706670627,0.04345053217510648,0.04307792938621222,0.043549763654638175,0.04377681259899824,0.04305470822982699
23.88,0.0438729116721647,0.0438258935526274,0.043172052381190235,0.04331504387590189,0.043543036723800034,0.043482492766393606,0.043111605494780186,0.043847467221452614,0.043894734006452434,0.04377779226516144,0.04316519516705747,0.04317010608671224,0.04340992494829791,0.04387748611937995,0.04363720576471022,0.0435352417780736,0.043044835667751455,0.043360341075136,0.04346775184143535,0.0430812969678649,0.04354218440459361,0.04378403985365996,0.04308136036540304
23.900000000000002,0.043871081563634715,0.04382783304957916,0.043164851647936237,0.04331100579477579,0.043522031240226695,0.0434809418496683,0.04310367005769133,0.04384772749254451,0.043891111091962004,0.04377141148163952,0.04316557684366045,0.043177616730105756,0.04339865771715709,0.04387528019879774,0.04362950994380757,0.04352900628795742,0.043032413638645024,0.04339035064604356,0.043493933252904016,0.04308602833151033,0.04353215632184767,0.04378951097715355,0.043108293840751696
23.92,0.04386902499371251,0.04382645706064179,0.043167295392641795,0.04330780724399913,0.04350815801659883,0.04347948420899986,0.04309631218111393,0.04384299731417919,0.04388765112555158,0.0437589459191051,0.043173907852328205,0.04318547872754725,0.04338053236568625,0.04387312085826818,0.043617392830276804,0.043521962392526675,0.043018327672482204,0.04342142547953051,0.04352305417644912,0.04309417559930762,0.04352876433269146,0.04379439821752721,0.043123326038834724
23.94,0.04386280699701649,0.043819493447969905,0.04317076207824351,0.04330309538176634,0.04349883281493571,0.04348036654526362,0.04309189807248126,0.04384328676350241,0.04388427174118643,0.04374242590683733,0.04317848841931223,0.04319916547186601,0.043360692148989875,0.043870935305570964,0.043606690318810364,0.04351433089375754,0.043006313735162026,0.04345030192194811,0.043549630702418005,0.04309614857192733,0.04353165859453711,0.04379868065194042,0.0431397235145569
23.96,0.043862993441486614,0.0438128687761462,0.04318838486785911,0.043297650177045094,0.04348909939769188,0.043480969827625816,0.043084834875895484,0.04384507640105823,0.04388269529027856,0.043721191601994586,0.04317286370855137,0.04319928246318807,0.04334467445332298,0.043870454173597216,0.04360441539116025,0.04350178813312646,0.04299723689903486,0.04348123478749925,0.04357553825671718,0.04309779033335185,0.04353962013655093,0.043804133781000294,0.04314520282581783
23.98,0.0438622892244739,0.04380569070494146,0.043200434115544147,0.043286545944612106,0.04347885982012346,0.04348419707041487,0.04307152723675366,0.043845844035378924,0.04388037260326622,0.04370192817398028,0.04316424046623471,0.04320583352011248,0.04333997785266775,0.04386913707140688,0.043604299368868,0.04349451724532222,0.04298548092669587,0.04350869767712618,0.043598447945064144,0.0430992747380459,0.04354903190039487,0.043808264774920856,0.04315510758365111
24.0,0.04385775604635614,0.043796274961882306,0.04321662789045054,0.04327308087387402,0.04347164367424703,0.043480706857516316,0.043064791327865067,0.04384617944582258,0.043877871289659386,0.04367905563445413,0.04315927982989482,0.04321413973768811,0.043335350668601315,0.043867558822537324,0.043609105349976474,0.04348574174424949,0.042970684046338595,0.043527709859846206,0.0436191083930733,0.04310911580160125,0.04355741271786154,0.04381168754167447,0.04316911748452962
24.02,0.04385486319202615,0.04378327249078779,0.04323359555365596,0.04326023962274636,0.04346247725491995,0.043474020323622006,0.043056934494506274,0.043846708344718835,0.04387579666464062,0.04365882013736944,0.04315400869090536,0.04322618575876158,0.04332944602949446,0.04386633137936488,0.04360802893167225,0.04347801213388512,0.042965684190294146,0.043540843639838483,0.04363829145798414,0.04311642173594654,0.043571843380809314,0.043815049992881105,0.04318312459916915
24.04,0.04385256151192472,0.043770685058752194,0.043248526451593446,0.04324366409573918,0.043464655568079325,0.043470996615408486,0.04304625084258879,0.0438450769566984,0.043871774346445985,0.04364153418888847,0.043146927989431365,0.04323995099762378,0.04332425943246753,0.043863087065408174,0.043608198025300644,0.0434740119592325,0.04296273638235476,0.04355601769999897,0.04365379100858952,0.04311279172200481,0.04359199331950533,0.04381602078019696,0.04319448798176648
24.060000000000002,0.04384981373181111,0.043765684995026796,0.04326698327547571,0.043232117253282513,0.04346220831057809,0.04346642538434273,0.043033983342461,0.04384294447316652,0.043867447101548065,0.04362128937663475,0.04314067494257465,0.04325704913783584,0.04331889110248013,0.043859473991782354,0.04361013656113389,0.04346895244168656,0.04296373379269963,0.04356539918961801,0.04366738392041446,0.04310876848950941,0.0436072400299513,0.04381627697114724,0.04320712218483908
24.080000000000002,0.043846891506345846,0.04375158881745043,0.043285085668252316,0.04321711415180409,0.04346662075774049,0.04345715249257869,0.043029597840424406,0.043840587019028626,0.043863075109499876,0.04360481550844433,0.04313947471811571,0.043266823145106714,0.04331415295327509,0.04385575752662849,0.04360245285742194,0.043467953603297436,0.04297117438753964,0.04356838884291614,0.04367946056630718,0.04310886319825003,0.04362426153912661,0.04381611204480491,0.043222595745640933
24.1,0.04384494317527184,0.04372889183659882,0.04329908515638735,0.04320725319583033,0.043476277405405536,0.04344959666763247,0.04302435527028426,0.04383915692853673,0.04385979645614951,0.043594974061092646,0.04313651280581542,0.04327098976051193,0.04331663455047306,0.043853080392198866,0.043594356664258295,0.04347062495292947,0.042978834955835994,0.043562068698095945,0.04369127536988038,0.04311475069334459,0.04364061380538924,0.043816693842710995,0.04322923335536635
24.12,0.04384296346474776,0.04370477024973701,0.04331444840807072,0.043190591818330654,0.0434853239087352,0.04344429143188184,0.043028016337473156,0.043837652881455365,0.04385659571875925,0.043580985744582704,0.04313113325155831,0.043272129343890825,0.04331953561266045,0.04385043175468381,0.043593484590032004,0.04347503121520524,0.042989966723769,0.043555236518924845,0.04370192805487842,0.04312232490928254,0.04364967262036364,0.04381703639312657,0.043236449047850664
24.14,0.043842120048283445,0.04368315870262551,0.04333572120878798,0.04317850761951694,0.043496267588086356,0.04343848962147941,0.043032483460114644,0.04383724591787291,0.04385463192884029,0.043561490008431625,0.04311575380522057,0.04327058744472627,0.04332188588261338,0.04384897455316319,0.04359133918981208,0.04347747637226737,0.043004177658390305,0.04353912387553741,0.04371267570246342,0.043129380632688986,0.04366470255413368,0.043818323805707604,0.04324548241923675
24.16,0.04383970810850923,0.04365338547172375,0.043346154815316354,0.043173672114226874,0.04351193820385155,0.04343561243175244,0.04304323580623377,0.043835234728011575,0.043851191265043346,0.04354876602197503,0.04310455291362239,0.04325999418579268,0.04332094924638551,0.043845999037529886,0.043589543658342854,0.04349178852411003,0.043017700199129476,0.043527815558234775,0.04372090664786908,0.04313529039055117,0.04367687784107204,0.04381786838767904,0.043251814443036884
24.18,0.04383672427094429,0.043623808123553806,0.043358778032366825,0.043179402728847995,0.043521224707665,0.04343259362367368,0.0430525697631494,0.04383261876292464,0.0438472630997487,0.043542862670508456,0.04309094707056584,0.04325070850407739,0.04332016067737365,0.04384249785974563,0.04358628975507991,0.04349970606494396,0.043029459064267,0.043519518586547366,0.04372769255551997,0.04314175984000619,0.043687284497342056,0.04381668055924518,0.043259449181903026
24.2,0.04383303545568691,0.04359900772661881,0.043370856603040533,0.04319216525742856,0.043527123183530594,0.04342534187458192,0.04305730568700547,0.04382926764951124,0.04384270740470356,0.04354035342612181,0.043081298996246194,0.043243459482942566,0.04331388575317312,0.04383833413332614,0.04359119636315613,0.043506959557928084,0.043037247178930475,0.0435162620126486,0.043732972231171785,0.04315295706425805,0.0436958879701204,0.043814640455516,0.04325773453235312
24.22,0.04382968327645901,0.0435816508238125,0.04338458057098024,0.04320372031584913,0.043527322204270996,0.043412450508732214,0.04306247595344745,0.043826225391572174,0.043838559658303404,0.043537901232408444,0.04306867833310407,0.04323890851195405,0.043309266837868565,0.04383454611081796,0.04358800276340762,0.04351231592695822,0.04305025925747101,0.04351252721349755,0.04373785076288305,0.04316919977780354,0.04370381687158124,0.04381280135894026,0.0432572563378774
24.240000000000002,0.04382718797252695,0.04356622413148651,0.04339554700577541,0.04321876591707598,0.04352782994166386,0.04339956268685708,0.04306928563525991,0.04382401447424103,0.04383533433467904,0.04353513139551601,0.04305944566449203,0.04323918949372924,0.0432956761803508,0.04383165087311731,0.0435840573848929,0.04351324662976634,0.043058116441078695,0.04350414035669553,0.04374290803436746,0.04318872550975833,0.04371167319016524,0.04381169447344814,0.04326059227305649
24.26,0.04382386644317866,0.04355751938821665,0.043402193639773566,0.04322546676186581,0.04353267445747572,0.04339230516954445,0.04307964735847848,0.043820954011252536,0.04383134264863897,0.04353788330426157,0.043052881440036245,0.04324271324986607,0.043279236287107004,0.04382796220532863,0.043577085114490946,0.0435055764423792,0.04306327071114972,0.04350208480897107,0.04374651975491471,0.04320639236738792,0.04371785443063659,0.04380964750959214,0.04326492249545344
24.28,0.04382070745052128,0.04354897519579914,0.04340832154392985,0.043225660318173174,0.0435345202473814,0.043384906622673025,0.04309957776493049,0.04381803461520492,0.04382756861208439,0.04354764047397905,0.043039772747600506,0.04324731720071736,0.04326857853907386,0.04382446626720765,0.04356873472817716,0.04348970547019048,0.043071537728064914,0.04350553037062237,0.043749723830907375,0.04321862568483756,0.04372341671265399,0.043807658263856984,0.04326901961141284
24.3,0.043818866644743236,0.04354731547971306,0.04341610280821824,0.0432285984678115,0.04353398126617984,0.0433872684585583,0.043108632524223936,0.04381641363593283,0.043825163512216124,0.04355403178789787,0.043037745177622086,0.04325236770081116,0.04326080725303873,0.043822316318725005,0.04355166380840335,0.04346777842251764,0.04307587704079997,0.04350798286896679,0.04375372105075844,0.04322422606793269,0.04372957755323088,0.043806890684361284,0.04327267146733702
24.32,0.043817759569534875,0.043544802499057324,0.04342276556046646,0.04323787003831642,0.043527175404786504,0.04338386463803821,0.043122171618729256,0.04381550827774862,0.04382353862991197,0.043556626107978835,0.04303818198540846,0.043265427248360445,0.04325765171684166,0.04382092556823308,0.04353537555487719,0.04343216232986329,0.04308304403765588,0.043509014695374125,0.043757971060000456,0.04323176448546494,0.04373581294240838,0.04380676842220345,0.04327381760874015
24.34,0.04381606132784999,0.04353465911394906,0.043430592149541106,0.04325520851361973,0.04352459593404108,0.043382256324788246,0.04313500589490578,0.04381399519756365,0.04382136507912051,0.04356330582518063,0.04303993411132086,0.04327325189612417,0.043254485391424354,0.04381896693335026,0.04352024374807019,0.043395695980710317,0.04308605572673843,0.04351325931083158,0.043761190230696675,0.04324017753419831,0.04374085454692405,0.0438059741669934,0.043272865062057755
24.36,0.043814657099264576,0.04352196076990485,0.043436308655249514,0.04326762006769591,0.04352945783671669,0.04337760792482402,0.043144164739611635,0.04381276089486161,0.04381952465121805,0.043568687258536125,0.04305082933745558,0.04327887159847854,0.04325267631356972,0.04381732373746224,0.043501506018065975,0.04335903949052485,0.04309070544588151,0.04351505567699444,0.04376429879577052,0.04325266810115413,0.043745635590762603,0.043805399542296286,0.043273240453700595
24.38,0.04381343319053374,0.043508806549125055,0.043437516095582114,0.04328697046133742,0.0435356269181069,0.04337332267242466,0.04316100443106424,0.04381169293413169,0.043817900424359416,0.04357034392835351,0.043059139734195784,0.04328465092610556,0.04324621011694922,0.04381588051856872,0.04349271675388128,0.04332598301315913,0.043091612490141644,0.04352101612186246,0.04376721646415409,0.04325958057082615,0.04374883463215464,0.04380493699531545,0.043265604057667134
24.400000000000002,0.04381281054572516,0.043488174744773525,0.043443179321761255,0.04330706848274227,0.043540701654596684,0.0433703782888661,0.04317153786628639,0.043811213393569935,0.043816910431307636,0.04357939927123053,0.04306570127233322,0.04329503102440146,0.04324444833748819,0.04381505662580911,0.04348172437679434,0.043293568730102386,0.04309147062437538,0.04352459033811271,0.04377039429944227,0.04326796404046588,0.04375352403678423,0.043802003856722886,0.04325314843630843
24.42,0.04381193536771172,0.04346655101245565,0.04345359449760947,0.04332525921831612,0.04354729538641136,0.04337054317831158,0.04318246075301914,0.04381046956225942,0.04381569808663671,0.04358329500751889,0.0430701789173981,0.04329825662108354,0.043239329644272566,0.04381399673451548,0.043474777484041854,0.04326308091215975,0.04308884323440257,0.04353231030348617,0.04377300735145238,0.04327108346365532,0.043757524466553246,0.043800537962440926,0.04324997083428822
24.44,0.04381099919827538,0.04345611124895255,0.043467595577280756,0.043338288341758104,0.043553549442234184,0.04337415049383606,0.0431814212683619,0.0438096539419101,0.04381445246799592,0.043580297337693114,0.043076732259028715,0.04329458127201901,0.043230871451618226,0.04381289103652008,0.043467800738084386,0.04324692521517312,0.043093780722126857,0.043533087000925605,0.04377527265518022,0.04327815019713515,0.04376106309590288,0.04380053912530718,0.043241785912680464
24.46,0.04380962222693048,0.04344749338765199,0.04348306508517639,0.04335128090242923,0.043568394017188386,0.043373308298929346,0.043177472058949104,0.04380549613928472,0.04381279145935462,0.04357757643878998,0.043082191227941505,0.043299313604989065,0.04321457721705063,0.04381135845826818,0.04345664707002005,0.04323985478196002,0.04308897095942261,0.04353634357413217,0.0437768342526503,0.04328348724359528,0.04376379345374408,0.04380002251271978,0.04324010562882213
24.48,0.04380889307764812,0.043439150494424573,0.043502705453529605,0.04336484530836288,0.04358405972674789,0.04337408054260941,0.0431752094120413,0.04380510632150854,0.0438118016708168,0.043569013786690085,0.04308521755683468,0.04329304934604768,0.04320418978527784,0.043810486520454536,0.043446806027227274,0.04323144803313728,0.04308685589014761,0.04354112956310572,0.043778801602728214,0.04328775589012146,0.04376683328562912,0.043800082848722686,0.043232477856186585
24.5,0.04380785429234975,0.0434338468579442,0.043518867611947135,0.043378168620779894,0.04359916487350698,0.0433739479312051,0.04317667192262771,0.043804378990244724,0.04381052365884424,0.04356196286188105,0.043092721324938174,0.04328781972431933,0.04319316641515231,0.04380931667728695,0.043436933668326766,0.043219983182898936,0.04308291924460317,0.043547774443264464,0.043780237788334786,0.04329447438315984,0.04376925384427424,0.04379976868926318,0.043220242992847206
24.52,0.04380800695504965,0.04343051219393652,0.04353067839087841,0.043389032125784564,0.04361262793949768,0.04336866742564955,0.04317796491903335,0.0438048174099068,0.04381045683269473,0.043550797790839695,0.04309974785340241,0.04327931350487434,0.0431889865024252,0.04380934909528163,0.04341748850725738,0.04321888371760734,0.04307826921446937,0.043547412488051655,0.043782661220036816,0.04330025655162332,0.04377258043155601,0.04380058619125057,0.04322090273889301
24.54,0.04380783872837352,0.04342970962341294,0.043534739430797435,0.04340555810713359,0.04362822993887456,0.043363587176534844,0.04318718469841174,0.043804911464409575,0.04381008714883014,0.043543226906794,0.04310737116462693,0.043267931208173224,0.04318362202813303,0.04380907050235998,0.04340131761258548,0.04321849917396919,0.043064865214795425,0.04354714265404233,0.043784577211944134,0.043302721759135285,0.04377532538212943,0.04380102818533962,0.043221454679193444
24.560000000000002,0.04380815060644515,0.043426879416915386,0.043543212512438485,0.043416022079745056,0.043643256153249384,0.043353269642641946,0.04319747042280918,0.043805464027282776,0.043810214157809634,0.04353909455660837,0.043110243549778646,0.043250159941201904,0.04317880762630078,0.04380928110180379,0.043388274247021096,0.043225092390133106,0.04305790298621905,0.04354710087254095,0.0437868016928883,0.04330045261883117,0.04377831056482465,0.04380190003826111,0.04322263879424998
24.580000000000002,0.043808709253085935,0.043425435109186894,0.043554069800065466,0.04342002077419423,0.04365232162899215,0.04333982133542038,0.04320193115530159,0.04380624355386439,0.04381060314739745,0.04354682743254333,0.043123223059249434,0.04322825825775567,0.04317566254646046,0.04380974680357573,0.04337627371729371,0.0432324969357777,0.043051439348033335,0.043546482922329176,0.04378911556298538,0.04329630038965538,0.04378132254197565,0.043802972581961,0.04322072214289563
24.6,0.04380946760692277,0.0434176355448989,0.04355746792817221,0.04342388018127706,0.04366083342197148,0.0433200688608061,0.04320914491201637,0.04380720461507616,0.0438112058024609,0.0435470378834771,0.043141005531970596,0.043209458297071436,0.043182235508937905,0.043797925499671105,0.04336273344877414,0.04324523518365363,0.04305781171199959,0.0435526728177502,0.043791484731901004,0.043290484726061916,0.04378433238223432,0.04380019114088957,0.04322048226200555
24.62,0.043805092994800766,0.04341462894983145,0.043556896695234604,0.043427726001792004,0.04367061260028739,0.043304094271613226,0.04320906084703607,0.043807636799356314,0.0438113090077776,0.043550041042862184,0.04315335065968496,0.043193704685846594,0.04319484361442274,0.043777891762615186,0.04334775870438185,0.04326582717452316,0.04305873135022383,0.0435644645844799,0.04379320941022738,0.043287787334835306,0.043786645129139684,0.04379676987024414,0.0432219165087838
24.64,0.04380608955178962,0.04341377673020957,0.04355365038760125,0.043432895221066165,0.04367994025775222,0.0432847240953666,0.04321097298727698,0.04380842422471032,0.0438117945329919,0.04355947103426164,0.043155603725119354,0.04317011852070715,0.043205390939523046,0.04376482434880265,0.04333566677741681,0.043289120018405534,0.04306059919736015,0.04357491710008492,0.0437951829422218,0.04328834704308514,0.043789158324777894,0.04379125240941793,0.04321807963005147
24.66,0.043807171615571266,0.04341582794280066,0.04354486912832634,0.04343938770203976,0.04368585801483391,0.04326818678580575,0.043207759558447044,0.04380931435820767,0.04381240759803102,0.04357088570510997,0.04315055668964179,0.04314539130741315,0.04321184621148269,0.04375402010794192,0.04331837765430431,0.043311408258589486,0.043065514036606585,0.04358420222678228,0.04379716162353663,0.043294353883552954,0.04379163228169577,0.0437905376468434,0.04322332966243583
24.68,0.0438074022501946,0.04342060228205926,0.04353430850289695,0.04343963855876905,0.04369374073815332,0.04325416493474808,0.04321069445745816,0.04380936880664605,0.0438122077060207,0.043585836518102,0.04314509695388673,0.043122137812348284,0.04322394400175725,0.04374513247618359,0.043305489820024114,0.04333125353468716,0.04306416170484543,0.043590327753768345,0.04379821532588542,0.043299018256323686,0.04379314063203992,0.043787838826267085,0.043226278146934576
24.7,0.04380820903488543,0.0434271354467847,0.043523485602226936,0.043442686577666485,0.043703294125431315,0.0432489496071883,0.04321139897939208,0.04380174456673603,0.04381261942387695,0.04358822773881875,0.04314008749914061,0.04310910524141785,0.04324217319534192,0.04373613485470045,0.04329283033154042,0.04335133854626672,0.04306343623237897,0.04359666217473582,0.04379977738733618,0.04329997052080613,0.04379511989496056,0.043779242958103384,0.0432263700602639
24.72,0.04380847725243142,0.04343496605606982,0.043516772015830034,0.04344995807119306,0.04371196371667025,0.04324776060151241,0.04321612511290508,0.043785063245587535,0.043813154043886096,0.04359530866998464,0.043137175184726234,0.04308697405081005,0.043261178104604586,0.04373620891433841,0.04328184515602536,0.04336831273704876,0.04306659217800012,0.04360067482765936,0.04380136773655675,0.043292129904918625,0.04379709313132969,0.04377518289579918,0.0432157163921124
24.740000000000002,0.04380858221943377,0.04344005317573822,0.043507898967557565,0.04345926714327296,0.04372000450886678,0.0432507613883038,0.04321433540330519,0.04377284850413033,0.043812874461724834,0.04360207990696109,0.04313551546219462,0.04306247221961666,0.043280752146152984,0.043732486374693805,0.04328413080155831,0.043383096548159944,0.043074122506923315,0.043599908739628976,0.043802057283480994,0.04328452977071089,0.04379813415765616,0.04377448430636897,0.043199604003559704
24.76,0.04380656366417708,0.04344374253718053,0.043492142336276615,0.043463263640102785,0.04372062176264446,0.04325400255984908,0.043209754943223794,0.04377076935732296,0.043812271931451714,0.04360683397400303,0.04313387980434887,0.043048422221011545,0.043303100766386105,0.04373251147117221,0.04329185749169549,0.043401801502565854,0.04308192951844763,0.04359401019156147,0.043802344274044835,0.04327462166971582,0.04379874375565869,0.043776258426461656,0.043180552200697664
24.78,0.043806757500900566,0.0434472703982834,0.043482642715798964,0.04347501657929486,0.04372011067257554,0.043253892089642476,0.04319387228468561,0.043768889092959146,0.04381199639772632,0.043606011447428816,0.043135345409678935,0.043036003585407906,0.043333791345136555,0.04373342449326599,0.043295823510732176,0.04341219706692319,0.043099742236378705,0.04359094053134442,0.04380288505616262,0.04326833551580428,0.043790071213023155,0.043766401410149904,0.0431685794466964
24.8,0.04380798898887431,0.04344706903433153,0.043469558539390524,0.04348380760183727,0.04372196387707024,0.04325535473959933,0.043186667743004684,0.043773233529115205,0.04381279722554725,0.04359754989295295,0.04313997632041021,0.043020304914229056,0.04336470264511562,0.04373380685106999,0.0432951557744573,0.0434161681987284,0.0431256919676526,0.043588732671367036,0.04380443487597188,0.04326118193178975,0.04378137934775898,0.043756844710696595,0.043155628619029114
24.82,0.043809846944181094,0.04345327164747385,0.04345612846519256,0.04348181457446316,0.04371922561322443,0.04325431854562213,0.04317568634007536,0.04377794800484039,0.04381425999614556,0.04358416907098193,0.0431516280421641,0.04300292642078302,0.04338913391597545,0.04373150299729779,0.0433006710363221,0.04342752194967616,0.04315382396055651,0.04358790199306348,0.04380658494066653,0.04325840803958399,0.04377740141187982,0.043743881730979005,0.04314194435885154
24.84,0.043812452537083234,0.043455248444611204,0.043450702489440364,0.04347806225071189,0.043715669799945255,0.0432489415857094,0.043170849999367426,0.04378317474162512,0.04381650296745591,0.04356982581755456,0.043156027974896385,0.04298496912961529,0.04341413871115811,0.04372382160938321,0.04330122233255172,0.04343605863243983,0.0431841565480211,0.04358945113766377,0.04380945857321933,0.043255735883912655,0.04377869086246802,0.04373607386213502,0.043128764109031124
24.86,0.04381224413203846,0.04345856805081063,0.04344550632746648,0.043473066008344226,0.04371354924265806,0.04324552116343772,0.043162766061497375,0.04378812849127985,0.043818718237722286,0.04355268208175491,0.043157014583987484,0.0429721491266542,0.043442408868626894,0.04372159535120658,0.04330600017585663,0.04344007977010406,0.043210394601662344,0.04358867362921209,0.04381225266002753,0.043257042517743705,0.043782370107297144,0.04372538986022704,0.043113878950384314
24.88,0.04381360618371358,0.043459593902801914,0.0434448276145016,0.04346265923437524,0.04371849801584324,0.04323827509979084,0.04316426196673218,0.043792817354126615,0.0438208937248726,0.04354646084857582,0.04315755552058938,0.04295322052587416,0.043463996844393865,0.043728248234039514,0.04330603210239673,0.043435016485153854,0.04323117575787175,0.0435950966707346,0.04381495938485489,0.043256399377716304,0.043780060992937415,0.04371168520493295,0.04310465895317092
24.900000000000002,0.04380641102203876,0.043458969810449596,0.04344568300308447,0.043463431397280324,0.043713441058840466,0.043222676515636084,0.04316897691025002,0.04379784418043644,0.04382361410999802,0.04354478579412025,0.04315902655206193,0.04293642799792049,0.04349252116099651,0.043727417188764627,0.0433055340957154,0.04343113094852104,0.04324880219617912,0.04360123924754275,0.043818167269106985,0.04324716271660312,0.043776279284456716,0.0437026190784498,0.043107838461547025
24.92,0.04379260927472901,0.043460528993985253,0.04343705879725274,0.04346922308081364,0.04370394535896793,0.04320704931326006,0.04317843930190327,0.04380077284913152,0.0438244248989689,0.04354063357407401,0.04315907697209979,0.042924881816486765,0.043518310597059094,0.04372619912972505,0.043314320498360946,0.04342929537429543,0.043267492491687994,0.0436034838774713,0.043819425702059836,0.043240684670215794,0.04377967806945271,0.04369203946769857,0.04311042589030049
24.94,0.04377726916737773,0.043463557619658144,0.0434267008385282,0.04348609467355978,0.04369363821448338,0.04319949178204943,0.0431874557668613,0.04380275248987976,0.04382446036509543,0.043538798198822004,0.04316306054294632,0.04290616221162403,0.043539668662851395,0.04372028075413155,0.043313297232630006,0.04342815125948802,0.04328125603642022,0.043609804462494,0.04381987209712599,0.0432364102158483,0.04378339167979699,0.04368457467777191,0.043113851050555985
24.96,0.043769328403662815,0.0434605414196633,0.04340949964501852,0.043506713004614776,0.0436798685780822,0.04318904250731532,0.043194824988259335,0.0438040732049945,0.04382399648909409,0.04354890621241618,0.04316459782703387,0.04288810734561001,0.0435570772833178,0.04371725730413587,0.04331663669920949,0.04342810716937336,0.043290290741147756,0.04361873638781664,0.04381978541982213,0.043233570385971205,0.04378630403524182,0.04367537861838452,0.04311735632981443
24.98,0.04377255650210992,0.04345174113338414,0.04338701691024154,0.04351616972318512,0.043660028159053635,0.04317940286339617,0.04321349027497455,0.04380444434240487,0.04382053805022733,0.043551967819592315,0.043170703516980116,0.04286911725985495,0.043576829023890075,0.043719975575163904,0.04331859032007968,0.04342739364443292,0.04330502541288896,0.04362606686448029,0.04381886458882737,0.04323004133112046,0.04378813627830521,0.04367187244040874,0.043120027964997636
25.0,0.04377605146106549,0.04343905324712776,0.043371900039206865,0.04351592567070702,0.0436436633761245,0.043171788977980775,0.04323449415027062,0.04380531761554353,0.04381655468090597,0.043555243140882195,0.043177462079738695,0.04285192563430634,0.04359641588335956,0.04372574124825743,0.04332115473809521,0.04343066336569877,0.04331877864410965,0.04362502385381282,0.04381855228918428,0.04321589530635795,0.04379035033275598,0.04366597399464424,0.043132070269864375
25.02,0.04378048742575121,0.04343721261533343,0.04336246984582945,0.043513588559884936,0.04362894834311695,0.04316422824326465,0.04325870024980146,0.04380734819216488,0.043807159836103816,0.04355154225414555,0.04318605688654864,0.04283281450382367,0.04361561611353408,0.04372988242304809,0.043328223968328604,0.04342730891908719,0.04333020314951018,0.043627698969156074,0.0438194951067003,0.04320044968807978,0.04379361107179584,0.04365171814864776,0.04314523548634351
25.04,0.04378523729889945,0.043437333627724846,0.04335137462241258,0.04351197609480449,0.043620261627610034,0.04315396993733953,0.043282012342110626,0.04380989075835888,0.0438008188914777,0.04354674433106962,0.04318947080034274,0.042819603566128336,0.0436319919186264,0.0437264527363305,0.04334160048744997,0.04342495602260225,0.043330559387436615,0.043633962788459414,0.04382103948957691,0.04319187836106766,0.04379728249786132,0.043634285086651,0.04315729732565906
25.060000000000002,0.043789791366462334,0.04344186641659365,0.043338145090037666,0.04350582797853358,0.04361641595142705,0.04314989380884212,0.04329618096678952,0.043812419006860136,0.0437925973112679,0.043547168316458926,0.043195903618857334,0.04281511360863104,0.04364842245980237,0.043723239485725277,0.04335117355603637,0.04342560239027378,0.043319919160112706,0.04364156800662896,0.04382265162680171,0.04317839758863942,0.043800846789782445,0.043615692880324554,0.043171162615110975
25.080000000000002,0.043795154827283134,0.04344276422852182,0.043325702662712594,0.04349763683115932,0.043611815543442276,0.0431460924690079,0.04330723136220934,0.04381592367511114,0.043795724423414346,0.04355262754078948,0.043200513350523856,0.04281297577641268,0.043662796103292364,0.04371369435380837,0.04335608992080792,0.04342700937906258,0.043303831215256154,0.04365118927758305,0.04382531571611552,0.04316983053316442,0.043805302080844405,0.04359963607601717,0.04318114265346018
25.1,0.04379988870671209,0.043448233644246236,0.04331671086440919,0.043490467789483074,0.04360304488532568,0.043146042223060774,0.043315339368195094,0.04381895137393438,0.043800084577406403,0.04354823121008575,0.04320128061778022,0.04281749567815816,0.043666529914397186,0.04371304469004264,0.043360021559802425,0.04342712559703632,0.043293992195647606,0.043654325389840015,0.04382757184983595,0.043171530810835676,0.04380920235374059,0.0435804269924007,0.04319045770762389
25.12,0.04380330731260827,0.04345373829628861,0.04330762795879166,0.04347934744271167,0.04359802157206048,0.04315025909565054,0.04332365471948087,0.0438208035935619,0.043798595421999244,0.043548392562937625,0.04320106049498473,0.04282622602879477,0.04367444168879597,0.04370182096871314,0.04337281622584292,0.043433619729168114,0.04328661189463353,0.04365153429065478,0.04382871572183698,0.04317089011960059,0.04381185565388777,0.043552370549533904,0.04320428865746184
25.14,0.04380751117270984,0.04346201751024555,0.04329951569203135,0.043470219067276064,0.043592145524125,0.043157146923285504,0.04333328422323332,0.043823570168756446,0.043800821684123935,0.0435477081604477,0.043201533769249255,0.04283152495345682,0.04367094500319683,0.043686364198803666,0.04339121756910657,0.0434420434554142,0.043273647143819226,0.04365425829371681,0.043830832331328395,0.04317369407146272,0.04381535728464507,0.04351634386921961,0.04321829793034601
25.16,0.043811871569422726,0.043467173491190565,0.04329036426172187,0.04346057718350218,0.04359559231849555,0.04316941792438538,0.04333909811051085,0.04382661151952692,0.043799048562901934,0.04355159839133057,0.04319470963363397,0.04284009793483429,0.04366943104663207,0.04366634749394734,0.04340812391911908,0.04344657138128582,0.043265702352028125,0.043658994065055884,0.04383327718615069,0.043171120277668056,0.04381907322126333,0.04347916814091855,0.04323603001447412
25.18,0.04381641738087831,0.0434660052291022,0.04328479992614561,0.043444797419019306,0.04359339327609407,0.04317683295027346,0.04334491028403839,0.043829946796028765,0.043801460527200235,0.043558072836041975,0.04318643524948527,0.042851028259951525,0.04366710906844591,0.04364933224154079,0.04342620982221095,0.04345493622226335,0.043253012827308944,0.043663846791339264,0.0438360650372962,0.04316867471222323,0.043823027588974786,0.043444743626535644,0.04325894192760175
25.2,0.04381975252766522,0.04345966563739702,0.043275786857391974,0.04343027899373917,0.04359203959003264,0.04317858873904932,0.04335313635124499,0.043831734636107705,0.043806024284718165,0.04356205423835628,0.04318485610049983,0.042861554738505864,0.04366506648623462,0.04363238752313511,0.04344203902906579,0.043460944261870964,0.04324591978435332,0.043669610424817776,0.04383778625363797,0.04316954728313277,0.043825819749062994,0.04341099235234108,0.04328441415763941
25.22,0.04382376861898101,0.043455171740878144,0.04326679777419766,0.04342660805905645,0.0435869095436208,0.04318973701380948,0.043362560516151935,0.04383476671280412,0.043811167789612554,0.043557632702522664,0.04318427756034728,0.04286591770057378,0.04365365597546094,0.04361605566485248,0.043454033756767665,0.04346469181366153,0.043239287211594105,0.043671898826871794,0.043840321349344,0.043178852226779245,0.04382933757794167,0.0433757213570373,0.0433108285071332
25.240000000000002,0.04382751436445596,0.04344294997540606,0.04325603477973004,0.04343147066466549,0.04358918873738729,0.04319854231359855,0.04337323920900451,0.04383033732754848,0.04381200769500879,0.043554171149707686,0.04319382431609201,0.042865142549285216,0.04364031235835035,0.04360774996261822,0.04346598854306445,0.04346051542865832,0.04324106048309976,0.043675265512895405,0.043842707744607676,0.043184652970912944,0.04383262598705133,0.04333783140367203,0.043336866523179446
25.26,0.04383026353155998,0.04343550248166491,0.04324356020776119,0.043440492258870235,0.04359477417785145,0.04319880088416066,0.043388193692131725,0.043826601299328395,0.04381160799922307,0.04356018937654382,0.043205294914534176,0.04287255199858806,0.04362796557945304,0.04359628563004652,0.04347165098190718,0.04344878645613744,0.04324075197062575,0.043673166155186745,0.043844208975415466,0.04318815902209067,0.043834955301607345,0.043301955421500775,0.043364281683811484
25.28,0.043832566337650786,0.043434624748423266,0.0432336507401057,0.04345002297443191,0.04360480376348709,0.04320394369375231,0.04339762686793258,0.043823008222786355,0.04381213271551168,0.043562947309825455,0.043219229783293636,0.04287914348174592,0.04361938560423128,0.043583288976376415,0.043472152261514026,0.04344555769964866,0.04323015690166381,0.04366336001133776,0.04384536628235331,0.04318620778253335,0.043836872718844934,0.04327033109288019,0.043393620029669504
25.3,0.04383506389979475,0.043433621972379245,0.04322453326969819,0.04345317781159929,0.043608422869356345,0.043202376928601176,0.04340928198125855,0.04382629082562819,0.04381630856100039,0.04357249053012635,0.04322542804390832,0.042892252111179044,0.0436106718059776,0.043570584716797735,0.04346799722866069,0.043433639035534106,0.04322588307273552,0.04365626799049901,0.043846812541215766,0.0431807456331445,0.0438390165831577,0.04324414365099588,0.04342498893675178
25.32,0.04383803828145922,0.04342453860904714,0.043217958324994,0.043459937904897016,0.043607378869850666,0.0432037673584722,0.0434180749776482,0.04382998564464193,0.04382017965533906,0.04358946158642006,0.04322827941631902,0.042906769779919876,0.04360690816266437,0.04355908097479425,0.04347160221372938,0.043424126788645066,0.043220768744326975,0.0436510727042178,0.04384663268726311,0.04316467631201869,0.04384166637384408,0.04321988477640029,0.043449209853087666
25.34,0.0438414220532356,0.043412846758424745,0.043207952733485565,0.04346127002135705,0.04360813631210109,0.04320599179225438,0.04343056836520357,0.04383403058186698,0.04382211282095244,0.04360217973992143,0.04323770571759373,0.042912536678397444,0.043604180565176,0.043551074360953936,0.04348047758488804,0.04341457897629533,0.04321439551287473,0.04364386711877921,0.0438446613157254,0.04315378626022127,0.043844752259426925,0.043203415673766614,0.04346805679709819
25.36,0.04384618886338113,0.04339699342332824,0.043201676060564555,0.04345487553998919,0.04361273003322069,0.04320745862421595,0.04344794489783107,0.04383940401516245,0.04382041331241091,0.04360231237377178,0.0432524097088237,0.042914187094550645,0.04360189098975102,0.04354382073095942,0.04348618014571806,0.04341370498235135,0.043208220976735545,0.0436301629392161,0.04384810055214772,0.04314598124534214,0.04384924575725492,0.04318688415722073,0.043489213576052704
25.38,0.04385195529920138,0.043386769275950525,0.04319974106248841,0.04345075058626179,0.04362137042226415,0.04320695072532107,0.043463259031440625,0.043845727090614135,0.04381762181432749,0.04360904034252421,0.04325996266798099,0.04292060456861337,0.043602803022293586,0.04353729149461656,0.0434829787148838,0.043416896475224474,0.04320257875520922,0.04360909516091716,0.04384646693800802,0.043143686495118135,0.04385476140068831,0.04316800326046459,0.043501685395588116
25.400000000000002,0.04385747696703157,0.043382081947081506,0.043197824990669216,0.043444942096291704,0.043630471907808936,0.0432176802360507,0.04347403869264584,0.04384945481656236,0.04381565279364736,0.04361544466146814,0.04326229982442594,0.04293030151461209,0.04359821600202437,0.043541282200632615,0.043490594084932666,0.043413440432273354,0.0432020643553494,0.04358928985067796,0.04384236150852959,0.043138441666839014,0.04386005286494393,0.043143278009009925,0.04350330857649185
25.42,0.043862113319267274,0.043373284370688575,0.04319672367920075,0.04343425204840103,0.04364779008216817,0.04321460053945847,0.043481299901649076,0.04385229374183492,0.04382282120134514,0.04361954825560552,0.04326201933122084,0.04294403006182334,0.0435868515739616,0.043542218956214594,0.043504721022590565,0.04341055689004141,0.04320567248985962,0.043568349977674295,0.04384618815861711,0.04313700666533611,0.04386447787546198,0.043118484938827806,0.04350469491875184
25.44,0.04386673066251614,0.043370532693802956,0.043192867806034034,0.04342801794020988,0.04366504588157784,0.04320449540891039,0.04348643053523425,0.04385771666634014,0.04383066200241981,0.04362464224012026,0.0432558419196338,0.0429510396947021,0.043584371829810044,0.043547160587511416,0.04351487315283159,0.04340279199951485,0.043213324290706005,0.04354946856947404,0.04385211197467629,0.04312871746191589,0.04386890123458442,0.0430910009307658,0.04351325451670807
25.46,0.043871048555422676,0.04337656055617053,0.043184946264125675,0.04342245541824417,0.043682146861959044,0.04319931501647506,0.043487440573140225,0.04386277403703532,0.043837938846327265,0.04362528904264273,0.043248860678492866,0.042959582385575644,0.04358742979514294,0.04355012064437183,0.04352749198371882,0.043400693132878004,0.04322028088085018,0.04352977784580114,0.04385424067618319,0.043117647531249456,0.04387304106109268,0.04306105967894219,0.04351985853415835
25.48,0.04387442774952863,0.043374102503996564,0.04317761130663146,0.04342495874322565,0.043692528613178336,0.043188975215361,0.04349338229383385,0.04386683214585565,0.043844034653973914,0.04362205833612415,0.0432529910012565,0.042965866494563014,0.043586682069120045,0.043556733767596105,0.043537725378527126,0.04340106034670855,0.04323011628401011,0.043510314486395335,0.04385369859925179,0.04310855051474679,0.04387625677240066,0.04303274923213905,0.043528343491575756
25.5,0.04387833197229072,0.043384239451083884,0.04317117881899906,0.04343481396385246,0.04370254818503828,0.043173782095790265,0.04349213420029763,0.04386549768107697,0.04384255448057909,0.04362359200294946,0.04325145138823937,0.042971703652328094,0.0435852412061686,0.04356331655660458,0.0435436027702322,0.043403592616686366,0.04323761272439561,0.043498889538997346,0.04385833633085734,0.043101407142711955,0.043880010956639445,0.042999627050859225,0.043536535213321945
25.52,0.04388188982280134,0.043396793956337276,0.04316515483774118,0.04343864897442066,0.04371066938331102,0.04316666758928333,0.04348195723560063,0.043860106771393216,0.043836000109130316,0.04362745670103317,0.043252015317173924,0.04297371202687323,0.04358443561024077,0.043572830231551,0.04354437119463078,0.04339809322945902,0.043248229721790106,0.043485222642475875,0.04386353447604543,0.04309748742569545,0.04388194950950609,0.0429815912961092,0.043551181937396946
25.54,0.04388677875946756,0.04340489056537224,0.04316295762725049,0.04344414667961948,0.04371585973029416,0.043163042999526446,0.043467760969097886,0.04385913841246687,0.04382948219771942,0.04363514953983744,0.0432568901613904,0.04297788443232746,0.04358533249687484,0.043583559673372504,0.0435489128409981,0.0433949647703516,0.04324726281375262,0.04346675491164969,0.0438699285266072,0.04310280357445726,0.043880994636517644,0.04295467351356931,0.04356083016747945
25.560000000000002,0.04389153449816662,0.04340823654689405,0.04316471027804344,0.043441323766281625,0.04372273822176775,0.043151340149043614,0.04345305122112037,0.043854517738455,0.04382701892394814,0.04363787372018579,0.043261740334452216,0.04297994268566978,0.043591261966767665,0.043593656327465875,0.04356871803195044,0.04339393926798816,0.043245563817437695,0.043447271522094134,0.04387606586753348,0.04310751822500834,0.04387664755968207,0.04293302870622332,0.04357230062382057
25.580000000000002,0.0438963221454068,0.04341228388634491,0.04316914979883776,0.04344566851971339,0.04371961932906298,0.04314353738898042,0.04344098064132372,0.04384743364204002,0.04382478132473478,0.043638117144433296,0.043271362822389615,0.042979546976665874,0.04358901998065675,0.043595524407979494,0.04359298859774858,0.0433988940441076,0.04323417030899193,0.04342464826727227,0.04388212169873347,0.04311168647943824,0.0438738376953662,0.0429210256378382,0.04358727926193368
25.6,0.04390126047884297,0.043412447276293266,0.04317331885321352,0.043447963207891745,0.04371680553357636,0.043130077608194275,0.04342912320647954,0.04384385814371267,0.0438194334219918,0.043636630641065786,0.04328501813293021,0.04297297369846455,0.04359380484048386,0.04360778218443414,0.04360964368002073,0.04340641307986801,0.04322654942055571,0.043398827324668134,0.04388822408372703,0.043114947755576186,0.04387068020981335,0.04291815042599717,0.04359606679219888
25.62,0.043907283859888555,0.0434148384749174,0.04316881479066826,0.04345869830478344,0.0437140076425196,0.043120633645783585,0.04342142133678659,0.043840865864389775,0.043814030323910104,0.04363967719231149,0.04329468316081058,0.0429740899133712,0.04359290142419643,0.04361271743274133,0.043623968959589976,0.043406214726254486,0.04321973845996903,0.04337349387717034,0.043895315689564965,0.04311308971369792,0.04387920939106241,0.04290736179757207,0.043606944018040376
25.64,0.04391115870878662,0.043412593855769684,0.043162826875236836,0.04346518421845796,0.04370845221620071,0.04311403692685602,0.043418987435849155,0.043836454882954,0.04381730036425408,0.043646071345548376,0.04330170149385811,0.04297545307162003,0.04359013931988038,0.04362432389223704,0.04364326156383802,0.04341075426106336,0.04321188714967106,0.04334713189915724,0.04390017164515692,0.04310413686065502,0.04388538568191427,0.04289199393717957,0.0436205923938556
25.66,0.043915600169444596,0.04341095316832374,0.04316195665218322,0.04346562491996036,0.04370670143077465,0.043103395140902195,0.0434242152045432,0.04383613531351901,0.043811996811949035,0.043650752663822394,0.04330219678990264,0.04298162320958405,0.04358506036700635,0.0436310845343422,0.04366442138544904,0.04342076397982141,0.04319730816117048,0.043318596293407674,0.043905513581884194,0.04310321354299643,0.043891939444340396,0.0428764595655582,0.04363448766911457
25.68,0.04391837709377579,0.043410481365486094,0.043158861809376906,0.043462053711973064,0.043704563084109645,0.043098723965206594,0.043430355355597125,0.043834158059197006,0.043812913569752684,0.04366287175959613,0.043307819444123645,0.04298739402055795,0.04358403280545179,0.04363763728835549,0.04366919481207216,0.04342821686778734,0.04318211309692952,0.04329110005855383,0.043909117455404746,0.04309856025971926,0.04389665619394227,0.04287358977470216,0.04364120814832897
25.7,0.04392046285199428,0.04340837042607986,0.04315560636237686,0.0434580301412959,0.043706476113047295,0.04308995778250021,0.04343980824633359,0.04383601068918701,0.04381175977291103,0.04367784455886932,0.04331888038701661,0.042992656643391226,0.04358092232502428,0.043651559091636025,0.043667547493207975,0.04343746651836722,0.0431677665656198,0.04326708164691201,0.04391196245506413,0.043085529394990225,0.0438944257793694,0.04287915328848713,0.04364072146631842
25.72,0.043920369723481706,0.04340153328830156,0.043156452977686936,0.04344992026351635,0.043709878916866854,0.04308045378005124,0.043451468600934316,0.04383332587413151,0.04380768593061055,0.04369103157466149,0.043334675773107394,0.04299961904647449,0.043578111341584874,0.04366867202646527,0.043666288508825986,0.04344118946159854,0.04314919777776344,0.04325317921360278,0.04391256667092899,0.04307114950189941,0.04389283883531236,0.042883331160368986,0.04364705975182492
25.740000000000002,0.04392022445158521,0.04339156542796424,0.04316102984454196,0.04344037369815932,0.043705373675274044,0.043072034725637594,0.04345719027072169,0.04382066711203768,0.043807239337832045,0.04370756312220922,0.04334555932513127,0.04300746394920484,0.04357574506458639,0.04368206429854054,0.043667449614998334,0.04343982633057443,0.043135800818200565,0.04325000471096975,0.04391306154533955,0.04306882494782937,0.043889828450037666,0.04288717493434304,0.043653934344281234
25.76,0.04392239693056749,0.04338235239858069,0.04316403864792122,0.04343138454605388,0.043702987314837106,0.043067086773664526,0.04346024716120958,0.04380879903435047,0.04380084340977038,0.04372483110634955,0.04335665489168626,0.04302641243852986,0.0435858153465981,0.04369306393823548,0.04365582546037435,0.043428900456561025,0.04311354428923072,0.04325158194626185,0.04391582130914243,0.043067247338348685,0.04388646375331277,0.04289235297533205,0.043661348533081644
25.78,0.04392535623475057,0.04337263786857812,0.043170054820831145,0.04342267595571435,0.043704091313750575,0.043064581403820294,0.043457894921992465,0.04379864605258111,0.04380276803035897,0.04373468353041766,0.043363702727325065,0.043048149316839784,0.04359038983961682,0.04369986802826207,0.04364125040692473,0.043413829875785785,0.043097189275032644,0.0432516839464137,0.04391931961420473,0.04307819503748328,0.04388007453863626,0.042889658150241435,0.043673299110438525
25.8,0.043929128553049375,0.043363211764847386,0.043179043617484945,0.043413980395169284,0.04370497773119963,0.04306594695040441,0.04345014591961002,0.04379212446574075,0.04380219956919386,0.04373984758657247,0.043372550192128934,0.0430671233976195,0.04359386124708099,0.04371170462823724,0.04362467953589502,0.04339203101196345,0.043090430821156996,0.04324809716426791,0.04392358661854202,0.04308723111710988,0.0438747836974079,0.04288849298954702,0.043684821025770926
25.82,0.04393243312285624,0.04335682103910681,0.04318259927962424,0.04340066595166625,0.04370214893374794,0.04307115976053455,0.04345000573538167,0.04378955001013621,0.04379522969042886,0.04373775795367112,0.04337635935344556,0.04308417891013992,0.04359681747668406,0.04372703840888048,0.0436113482103669,0.043372584392491684,0.043088839234162596,0.04324106368174277,0.04392734535446617,0.043095762122679515,0.04387112478566635,0.04289303016947865,0.04369613642264148
25.84,0.043935224217136915,0.04335515367699642,0.043182728708425364,0.04338655686934675,0.04370497883677692,0.04307619703753912,0.0434509683423272,0.04378086143236717,0.0437901487344998,0.04373596883094295,0.043370635771888336,0.04309264954620687,0.043606627022408875,0.04373858197840556,0.04360050464015413,0.04335455005354585,0.043088281032360315,0.043235236040176414,0.0439305534213729,0.043112343251749716,0.043871176122300556,0.042899079819343676,0.04370099461372832
25.86,0.043938768154977416,0.04335340980861574,0.04318251028965406,0.043371989329267106,0.0437085284875739,0.04308183166283377,0.04345504495427033,0.04376651198095054,0.04377915000611604,0.04372603276587051,0.04337096177975967,0.04308974610541646,0.04361577330996036,0.043749016744717775,0.043596478570022336,0.04333516429838549,0.04308642457317772,0.0432315904248935,0.043934480062677736,0.04312756259238625,0.04387682756839229,0.042914035469167416,0.04370816106091357
25.88,0.04394142137003468,0.043354667034475554,0.04318122082355675,0.04335232519876053,0.04370853070207243,0.04308146216555567,0.04346313726772041,0.04375576787152655,0.04376346974192516,0.043725605412719915,0.043374443917785326,0.04309299527252838,0.043621412911389164,0.04375197767295325,0.043601157533328806,0.04331504667292959,0.04308883294763515,0.043223516767297354,0.04393748467802739,0.04314415787874433,0.04388085145560248,0.042922447982979915,0.0437180667204513
25.900000000000002,0.04394406595245207,0.0433632926165077,0.043188148798894044,0.04332465693839327,0.04370566295583793,0.043087389587534025,0.043473217762272816,0.04373489060535189,0.04374651504792429,0.04371686497846342,0.04337563578165362,0.04310294927775462,0.043626565074457016,0.043748811859501684,0.043612835282804706,0.04329478031329079,0.04309824700266314,0.043217302807076446,0.04394045184703842,0.04316137027262516,0.0438760781453132,0.042925616731759264,0.04373465036043029
25.92,0.04394680170489086,0.04337758342118734,0.04318546605355394,0.043305836568883295,0.04370386013953704,0.04309538099051261,0.043480996404466864,0.043712507178642515,0.04372713318304084,0.043705544566099666,0.043381593739929294,0.04311327625881614,0.04363311686984327,0.04374345189046111,0.04362353334806264,0.043285868021476756,0.04310275557743289,0.043209837845110996,0.04394348372892936,0.04317480699503554,0.04387010595747373,0.04293356452955663,0.04374349502705674
25.94,0.04394817985999141,0.043396569197477704,0.0431840046563994,0.04329292809752413,0.04369561787283763,0.04310798235914519,0.043483568972345864,0.043693188103223424,0.04371221794506132,0.04369859025280544,0.04338937895372476,0.04311986366153283,0.04363978965424164,0.04373862077867392,0.04363205581528239,0.04328138515421198,0.043105673184135704,0.0431989201351943,0.04394513382804057,0.043187786077697375,0.043862770319281805,0.04293584872638749,0.043749926394783825
25.96,0.043947618072426906,0.04341497125594728,0.04318223672378584,0.04327452799531668,0.043685215152855,0.04311718467703379,0.04347737022897504,0.04367119117436444,0.043702172217894096,0.04368776647673248,0.04340170751246155,0.04313346144806672,0.0436421419204658,0.04373746413790446,0.04363615267741721,0.04328096145456001,0.043114534764084604,0.04318796167572445,0.04394565659705208,0.04319314790837121,0.04386728177981779,0.0429392829011804,0.04375999124756216
25.98,0.04394179492258355,0.04343060485655263,0.043183615592384414,0.043255183616480716,0.043685191359794595,0.04313316595315697,0.04347856194911403,0.0436390611744719,0.043690484900522325,0.04367391942479883,0.04340338879713448,0.04314417211672752,0.043656924271647614,0.04373713010946945,0.04364074955965031,0.04328607232070621,0.04312653623665073,0.043176795224959555,0.04394695739324806,0.04319680901034743,0.043861705879925,0.04294003664605599,0.043771138683617636
26.0,0.04393783821808708,0.043444264656942906,0.04318828686268673,0.04324028805557131,0.0436822712015371,0.043149826570635146,0.04347387521021314,0.04360331000058549,0.04368220985655814,0.04366408682968739,0.0434079999170749,0.04315147637932493,0.043674739956677075,0.04374017295244268,0.04364754002328055,0.043295361052814944,0.043122904801549324,0.04316336112986079,0.04394727966943538,0.043200737345993494,0.04385751600248551,0.042938778271143306,0.043785875035412807
26.02,0.043937238742794336,0.04345896699685072,0.043189684313045255,0.04322695082172011,0.04367385507637622,0.04316540940112889,0.043469847291112584,0.04356887399287399,0.04367144896593625,0.04365823680774488,0.04341717030833876,0.0431669243455229,0.04367949668419999,0.043743171375179496,0.04364920297335397,0.04330452060697346,0.04311861783575355,0.043149227065384356,0.04394849447520222,0.04320845383338285,0.04385195251535765,0.042943086398895235,0.04379916917287228
26.04,0.04392712151436795,0.0434718505766351,0.043188502722971804,0.043219178867209745,0.04366602975854489,0.04317912338672144,0.04347133633199756,0.043539035029693536,0.04365538105303493,0.043653092928967484,0.04342440601990132,0.04317970346966032,0.04367883587143614,0.04374533531160039,0.04365482842632199,0.043314873084769764,0.0431169954626185,0.04313352752350616,0.04394766635885948,0.04322446599766012,0.04385123470230774,0.04294688927238367,0.043810586328829906
26.060000000000002,0.04391311661271314,0.04347680244868948,0.04318444449511951,0.04321373417583748,0.04366458260054385,0.04318957176216523,0.043466571766951935,0.04350640208496253,0.04364248862385929,0.04364469099826747,0.043438122840761643,0.043190138931546794,0.04367882597940029,0.043740275070770405,0.04366906488543836,0.0433165080418196,0.043119346867964675,0.04313152564409256,0.04394729575310984,0.04324478445356677,0.04383848399780894,0.04296176624615397,0.04382145571845629
26.080000000000002,0.0438992796366598,0.04348297970923138,0.04318475928528811,0.04321184603684567,0.043660740226644006,0.043194909730429124,0.0434625228779146,0.04347806905982163,0.04362130626854925,0.04363262428870872,0.04344855117781597,0.04319948530982506,0.04367715154107128,0.043731785885588695,0.0436798797672923,0.04332613810203573,0.043119470432910735,0.043135147838696666,0.04394595203656045,0.04326661270430788,0.04383420696784371,0.04297614811393936,0.04383043300201991
26.1,0.043890741223360445,0.04349130726053982,0.04318534713191536,0.043213378098615585,0.0436610352281751,0.043201243820675216,0.04345574015166864,0.043453462705753794,0.043600415123981245,0.04362075302657596,0.04345871604285227,0.04320534342478602,0.04367603559771279,0.04371986170543777,0.0436863787347238,0.043341732845494425,0.04311838482954329,0.0431422362865608,0.04394306906023531,0.04328385311223298,0.04383348452371927,0.04298602339842037,0.04383145666701978
26.12,0.04387389726817949,0.04350348975792868,0.04318853483259582,0.04320969518955512,0.043660669177701325,0.04320350255078413,0.04344566324457472,0.04342417668043456,0.04358861353174698,0.0436082007482015,0.043475623314119326,0.043210977819599004,0.043672009581721856,0.043708655124463286,0.04370012182246683,0.043357593992036675,0.043114182566150495,0.043149287558107347,0.043939596146162316,0.04330204552361322,0.0438370773618792,0.04299569056202113,0.043830695645956735
26.14,0.04385921575725361,0.043517726533168016,0.043184866297381476,0.04320589471343623,0.04364891495781004,0.043205272587189925,0.04343866479870844,0.0433957210876055,0.04357802285741059,0.04359823795142448,0.04348387174051118,0.04321745667539632,0.04367183355559158,0.043710885305841975,0.04371373946175612,0.04337223994132704,0.0431132608036758,0.04315860372882855,0.043936251974287674,0.043314261742259684,0.04384214709245378,0.0430088422809622,0.04382406815571983
26.16,0.043843540127041385,0.04352702066281496,0.04317769926017127,0.043198688551691115,0.043640534216696156,0.0432043318900852,0.0434318199440346,0.043367204714507855,0.04357468926335526,0.04358333045204806,0.04349714661671797,0.043227299972111284,0.04366948635421531,0.04371704938689584,0.04372554289539072,0.043391534312659304,0.04310946198796907,0.04316451560015957,0.043931503534443354,0.04332167930762471,0.04384512531155702,0.043028057119833485,0.04382273851797643
26.18,0.04382948302095648,0.043535154758970344,0.0431674176328227,0.043196773234418506,0.04364546848115909,0.04320085965990963,0.04342591909057852,0.04334674986932644,0.04356545316584053,0.04356226658142862,0.04351282950713461,0.043229979101753316,0.04366404344746425,0.04371510475106568,0.04373810908065047,0.04340915384599615,0.04311206729282981,0.04316697391885277,0.04392715899301231,0.043330978239932656,0.043842687414570806,0.04304956455539829,0.04382580435592795
26.2,0.0438093564175596,0.04354810882685571,0.04316608265527465,0.04319160905951211,0.043656577544086785,0.04319109912970944,0.04342203518445764,0.043330253488537,0.0435594678150386,0.04353844347429591,0.043530009489272624,0.04323600292049896,0.04365920129020915,0.04371531457076977,0.043743728401871594,0.04342747391650273,0.04310556089218739,0.04316737884995597,0.043923168501971616,0.04334326721321904,0.043839547701860375,0.04306617690172488,0.04383013575462837
26.22,0.043790265066137646,0.043557973641185674,0.043171197720964664,0.04318940461910333,0.04367209920427727,0.043180359631304434,0.04343149937252506,0.043315293989544285,0.04355745401578146,0.04351495597895031,0.043548561853876136,0.04324009212183422,0.043652370446804874,0.043708935618953115,0.04375096167721769,0.04345041068059,0.043101192797425775,0.043157288855800946,0.04392054853178097,0.0433505650584856,0.043831753621977214,0.043078261942760675,0.043828553552718676
26.240000000000002,0.04377010851674481,0.04356856824441746,0.04317028921844994,0.043190826923223014,0.04368923262724979,0.04316717467257232,0.043437035429147085,0.0433006977192746,0.04355572520509896,0.04349397798435696,0.04356325178922394,0.043247240513332556,0.04365559433358583,0.04370621152626796,0.043755029176639586,0.04346953248833542,0.04309500780984995,0.04315054997304893,0.04391728356172352,0.04335724616612437,0.04382042532925292,0.043090465916194746,0.04382852487588523
26.26,0.04375450388707647,0.04357603887425374,0.043168687174300134,0.04319152591207166,0.04370377569300436,0.04316226647758758,0.043441179442451024,0.043289785044397705,0.043558247779208394,0.04348054286519272,0.043574742369539,0.043245865192574034,0.043657230547294236,0.043708189800556,0.043756136897595006,0.04349587422686286,0.043083453400316746,0.04314899277316629,0.043914685833343264,0.043362888798693176,0.04380622097361731,0.04310273515802855,0.04381643087886984
26.28,0.043741791851325505,0.0435771001298944,0.04316241068627011,0.04318844716723777,0.04371644000359036,0.04316298328142669,0.04344662764030261,0.0432777396692095,0.043567933772652924,0.04347230878571336,0.04358797783049756,0.04324640747602105,0.04365652212667966,0.04370599128519416,0.043753905006537995,0.04351932077438822,0.04306699615990896,0.04314959429373101,0.04391230767642448,0.043373511972032326,0.04379403382455631,0.04311183218109687,0.0438078164053083
26.3,0.04372876222859865,0.04357379611185033,0.04315278556201813,0.043188082494351465,0.043721643058082585,0.043165088529820234,0.043448662078295563,0.04326871442838517,0.04357535923398644,0.04346292090947615,0.04359493471066828,0.04325427093558058,0.043663908393925845,0.043714065559088175,0.04375081035547277,0.04354053978792993,0.04305052466922216,0.0431488338042866,0.04391008980869314,0.04338782843799114,0.043779797171242404,0.043118053371036046,0.0438005283599981
26.32,0.04372133619000135,0.0435682580446704,0.043151820219571466,0.04318522624539294,0.04372051471797859,0.043164517726114515,0.04345426344147216,0.04325842954116553,0.04358630893174758,0.04344560397733112,0.043602993482190336,0.043258130197637974,0.043668808760139254,0.04372011591348262,0.04374199891082638,0.04355951053719978,0.04303713113072046,0.04314177451140177,0.04390837428212759,0.04340608591316991,0.04376991969576727,0.04313197288162815,0.043796904748263
26.34,0.043712631312157746,0.04355761058868674,0.04315501559459169,0.043180231474335376,0.043718197814865786,0.04316493405445754,0.04346422543219611,0.04324020631428608,0.04360058123228461,0.04343079880361374,0.04361620925189078,0.04325952972101748,0.04367161506445528,0.043721443882121666,0.043731760582220336,0.04357823548847346,0.04302940513109083,0.04313191706435206,0.043906712885715043,0.04342004576710625,0.0437607882430345,0.04315129850369853,0.043796605793348355
26.36,0.04369724440592703,0.0435476582141291,0.04316056582760704,0.04317857379675403,0.043714600565598276,0.04316337846550583,0.04347046042884435,0.043225678051121375,0.043618873631687725,0.04341254593186272,0.04362854099762293,0.043268424837210155,0.04367909293343049,0.043714496905641165,0.043716689270857347,0.043598412117219626,0.04301628146737876,0.043123221184194614,0.04390472716651771,0.04343902954779047,0.04375448798283875,0.04316656115246369,0.04380045511779704
26.38,0.043685171709095146,0.043548990089226566,0.043168124503832644,0.043177931918101445,0.04371725830695836,0.04315909836396884,0.043476318625546025,0.04320953116745589,0.043634790477411575,0.04339125098293723,0.04364568828139507,0.04328680803965626,0.04367092564420724,0.043700350387818,0.04370641874335901,0.043612913175404236,0.043000167964282306,0.04311093705254604,0.0439031373077707,0.04345945896963452,0.04374515342222209,0.043182149397770486,0.043807425469400176
26.400000000000002,0.04367093630161115,0.043543191214792505,0.04318080125938612,0.04317518546061756,0.04372220464197068,0.043161769942217515,0.04348722580712884,0.04319787963775823,0.04365273640201158,0.04337236361815001,0.043648793426922086,0.04329445879979789,0.04366078797566592,0.04369546134307313,0.04369056169609897,0.043626820255663744,0.04298461775366099,0.043100012792127815,0.043901150776484224,0.04348038050162991,0.04373774233678237,0.04320162060317058,0.04381329745327821
26.42,0.04365224235426712,0.04354419509264748,0.04318479240464476,0.043181305349864155,0.04372546506290547,0.04316341061473982,0.043493469725713,0.04319328661258569,0.04366759270561929,0.043356281394062834,0.04365627065786248,0.04329943651391092,0.04365438597888396,0.04368561776274377,0.04366988925377333,0.043641479397408756,0.0429612485660296,0.04310124330028124,0.04389894267600548,0.04350249022370875,0.043730047505812,0.043218603503105024,0.04381830334342502
26.44,0.04364466392274119,0.043546687455450046,0.043184620842893276,0.04318463735298895,0.043731081768656345,0.04316733694898559,0.04349323155422573,0.04318350317203943,0.04367761233880737,0.043340858150653486,0.04365962816918415,0.04330502425888491,0.04364887454838532,0.043674058597779536,0.04365748913514453,0.04365784122795868,0.042945166139377065,0.04309790702278654,0.04389620127808423,0.043522663027129704,0.04371697915877245,0.04324174915784127,0.0438221847712302
26.46,0.043631631157568705,0.04355530568356823,0.04318497749865024,0.043185066651711915,0.04373805211684692,0.04317573743742236,0.043495047116434225,0.04317754230438728,0.043679972889084866,0.04333215010703777,0.04365969433043829,0.04331132022043326,0.04364059606020981,0.04364855289627369,0.04364547623606675,0.043671703222145766,0.04293730453468612,0.04309509307756488,0.0438931368912512,0.04354135386765357,0.04371195962484408,0.0432631259430911,0.04382520013262898
26.48,0.043621974747233,0.04355583320819624,0.043195265910059726,0.04317446518841658,0.04374593109562443,0.043188595918814535,0.04349727526202742,0.043172648009706625,0.043689197847127395,0.04332628597153283,0.04365597462302996,0.043316056990074306,0.04362618304483019,0.04362033654933445,0.04363872025129011,0.04368701070451775,0.04292838073144921,0.04309554462064026,0.04389025539655714,0.043556740318746186,0.043703863898509436,0.04328556062152124,0.04382789909076088
26.5,0.0436156135471926,0.04356160809307055,0.043198342894370405,0.043166101430669186,0.04375279692868809,0.04319594839498665,0.043504243956690614,0.04316804088860907,0.04369387624530414,0.04332959554397536,0.043652919602224,0.04332098712936864,0.043607323255351535,0.043592847089772034,0.043635978009203415,0.04370135035048502,0.042914313319294205,0.04309247666442706,0.04388790137818119,0.04357883204606748,0.04369467957341011,0.04330355690152921,0.04383066675712956
26.52,0.04361839741930579,0.0435727670685917,0.04320406812007233,0.043155405140517376,0.043760590991218526,0.043199849115840246,0.04352202094353938,0.04316013745981382,0.04369799791506928,0.04332630641939857,0.043648950010506206,0.043329276913885065,0.04359018363158569,0.04356315160353428,0.04362824524059439,0.04371108752755535,0.04289682088494427,0.04309930915005615,0.04388515037398077,0.043598754817119785,0.04368334198909012,0.043315569793091896,0.043832617470688943
26.54,0.04361993788685822,0.04357985629971235,0.04321015743901465,0.043143151891213656,0.04376455515823786,0.04320499939070121,0.04354023583574077,0.04315126120277902,0.04370268355868819,0.04331731852597775,0.04364982326410696,0.04334363259688225,0.04357738639772208,0.04353095956589662,0.04361781607568519,0.04372055644373997,0.04287828308543854,0.043114936849651155,0.04388263812166748,0.04361976935114349,0.04367219203025435,0.043323428344151954,0.04383442068473608
26.560000000000002,0.04361822905615236,0.043586107644655224,0.04321251898771572,0.04313782103721361,0.04376888054034763,0.04320527134531973,0.04355959772656884,0.04314545050563438,0.04370312069560892,0.04330421006232731,0.04365140543995432,0.043354902917769514,0.04356634417028766,0.04349871263431193,0.04360565509774008,0.043728530370984224,0.04286866682495015,0.04313382934608636,0.0438809165264356,0.04363769325903604,0.04366382968708543,0.04333164666362981,0.04383665946018513
26.580000000000002,0.04361167232403862,0.043584852709461025,0.043213843857378684,0.043136478973361904,0.043769612403466315,0.04320482449241278,0.043585204925166425,0.04314213264574991,0.04369496111695605,0.0433010636993614,0.04365025160324779,0.04336578598215707,0.043551281132127896,0.043473678370656,0.04359645371060775,0.043738681460572734,0.042859828695590886,0.04314876601083779,0.04388013737957447,0.04365123054633022,0.04366052921590121,0.0433392140902503,0.04383951465479284
26.6,0.043606611555125394,0.04358355741048528,0.043211407845378,0.04313767844615799,0.04377875730409689,0.04320427523309159,0.04360949013373528,0.04314402916584454,0.04368913371250753,0.04330083336403687,0.043653592026538984,0.043370534925906416,0.043531108274459586,0.04345202118492729,0.04358545763247142,0.043746602520470634,0.04285555757779348,0.043163109105401186,0.043880207907578864,0.04365807999440691,0.043656931148363026,0.04333906759919135,0.043841955932031565
26.62,0.0435967671475398,0.043581471076956244,0.04321454534240467,0.043149993037249854,0.04377341878790738,0.04319846135523539,0.04363177290091981,0.04314395357616205,0.04368886163531569,0.04330383148620781,0.04365870375086828,0.04336910660316264,0.04351288605352027,0.043435468553304914,0.043576548175602935,0.043757027261563296,0.04285645955297473,0.04317498772699811,0.04388026403029955,0.04366254133132157,0.043653189466552084,0.04333737550827493,0.04384236563965788
26.64,0.043594205688140125,0.04357278595602613,0.043213827341328774,0.04315625283491051,0.043762193743139666,0.04319729247527734,0.04364788970483655,0.04315076507569321,0.043692544536074726,0.04331479616399172,0.04366464699839789,0.043366334412872035,0.04349327911292292,0.0434248395564863,0.043562636724843194,0.043761318171014155,0.0428550804002699,0.043186751198063936,0.04388048763104166,0.043671336656740965,0.043652954292153795,0.0433320806638,0.04384570066197467
26.66,0.043589363098232525,0.043564117801870056,0.043209751628149794,0.04316271695193244,0.04375716147339958,0.043186807528321436,0.04366022061300127,0.04315979334061018,0.04369413383310183,0.043326816364861305,0.04367669824205151,0.04337062381210978,0.043478473293835085,0.04341781321515019,0.04354681805221976,0.0437652373898273,0.04285170932044806,0.043192019250655224,0.04388069530592512,0.04367383582879364,0.04365183128944125,0.043334598054130674,0.04384876431193209
26.68,0.043580377305035056,0.043558789495285306,0.043207453278028086,0.04317345132131955,0.04374951198976892,0.04317749949212914,0.04366905817110744,0.04317292072875493,0.04369651166259851,0.043335407005456385,0.04368238480210991,0.04337002248504701,0.04347119373226224,0.043412880796345164,0.043537581291561496,0.0437561716186294,0.04285132271054127,0.04319551246680696,0.0438807570965233,0.043676700464738996,0.04366014165258011,0.04333290274238677,0.04385144769098396
26.7,0.043560830391501444,0.04354726841536017,0.043199512250002285,0.04318092271199049,0.04374972837235593,0.043177489466400806,0.043673285555067255,0.04318915919299281,0.04369724706872601,0.043339113037265564,0.04368232271137368,0.043370731490585714,0.04346277532956226,0.04340847531286237,0.0435364095174544,0.043754993263252204,0.04284940999272511,0.0432046689549557,0.04387989557325336,0.04368499603681704,0.04366762505085792,0.04333014722233511,0.043852993082302415
26.72,0.04354557858272534,0.04353474118321124,0.04318971880207285,0.043192155097624946,0.04375070107377221,0.04318282619695665,0.0436712302211507,0.043209870696055856,0.043695791043940425,0.043344876741946335,0.04368355378981677,0.04336912827625852,0.043456462930756654,0.043400539609786994,0.043526031678563136,0.043746405838604764,0.04285393206757338,0.04321390961077087,0.043878249833604416,0.043694746343640324,0.04367598908052591,0.04333000422024083,0.043853557080400896
26.740000000000002,0.04354079711812219,0.043525801861816545,0.04318180644505524,0.04320401803110993,0.04374967004137905,0.0431852561826163,0.04367744387247886,0.04322432849870802,0.043694788577611984,0.04334097857324408,0.043679156838710986,0.04336823574198515,0.04346661190094399,0.0433873033554514,0.04351393920539443,0.043738389749539267,0.04285715072703251,0.043220731463552334,0.04387695538993133,0.04370331250954787,0.04367182810136583,0.04333720505672219,0.04385429075768053
26.76,0.04353146773451591,0.04352451117566874,0.043173407108157834,0.04321692883452158,0.04374600368890974,0.04318782564800225,0.04368331581979643,0.04324045643855141,0.043688882890628125,0.043339962675101464,0.04367617793394209,0.04336653725567796,0.04347261692342337,0.04337633449764736,0.04350903045187257,0.04372925912781354,0.042863158873295074,0.04322293079415765,0.043875353538828696,0.04371181195724149,0.043663996465555945,0.043345479521206744,0.043854550645484096
26.78,0.043526637600921854,0.04352081366495783,0.04316159559907721,0.043226248316801025,0.04374179708829247,0.04319577936711885,0.0436950810893439,0.04325838753591309,0.04368005228706529,0.043342930797020854,0.04367857649973931,0.04336204024500385,0.04347631161976656,0.04336947733285455,0.043504366478482555,0.043712907523788,0.04286845904074055,0.04322367880423267,0.04387393359090061,0.04372367890821542,0.043654226850086034,0.04334818027377218,0.043854839485905406
26.8,0.04352894501151303,0.04351234037325883,0.04315849706593025,0.04323784253661257,0.043741284097079426,0.04320065461721167,0.043697795435282294,0.04326760683449296,0.043671312885052396,0.04335298099658467,0.04368497516339402,0.043354673238608095,0.04347908902202859,0.04335915443501537,0.04349409451740958,0.04369953657718798,0.042873061887068624,0.043223928434691944,0.043873215393523506,0.04373530107063508,0.043649808837607953,0.04334821208972022,0.04385568948009097
26.82,0.043527116130977477,0.043514537208833644,0.043161065297906455,0.04325439875731255,0.043736684050575694,0.043208242594495745,0.043692332890370084,0.04327187881782779,0.04366142093686134,0.043359283180041064,0.043692276479201854,0.04335494262484696,0.04348096715073094,0.043345777894852736,0.04348053437708894,0.04368890887683172,0.04287261700438146,0.043222546286961164,0.04387327089788619,0.04374668136354604,0.04364851228348658,0.04334882077600355,0.043857184118979944
26.84,0.043523377989376645,0.043513903556202396,0.04315935638082228,0.04326985549743867,0.04372898578055129,0.043220575268205,0.043690089304911854,0.04327545823546454,0.04365228307086872,0.04336350513255799,0.043702927269512915,0.043359255761571444,0.04347878083552448,0.043330811701603564,0.04347214004432243,0.04367362021754272,0.04287130567979536,0.043226551671563584,0.04387352217342976,0.04375732696585606,0.04365139376694015,0.043346217408361185,0.04385875628757714
26.86,0.0435234249310067,0.04351401544900556,0.04315066859665739,0.043293740823490766,0.043726157993498084,0.043231642556576674,0.043691110670152404,0.04327764258365335,0.043638166634532884,0.04336814452466515,0.04370727138567077,0.04336234778728856,0.04348018899150246,0.04331926606681355,0.04345573121099419,0.04365870782557025,0.042876357182912404,0.04322915765817995,0.043871687370393604,0.04376503802745187,0.04365660649782739,0.04334479067566076,0.043858134556495176
26.88,0.04352612407378431,0.0435143953031526,0.043143338363321175,0.04331897596932609,0.043726474024397555,0.043241023724327386,0.04368845711394831,0.04327452069583995,0.04362686030160485,0.04337525405326276,0.04371033356436779,0.043364145271781084,0.04347863833831154,0.043310275853703416,0.04344143698075211,0.04364911525412826,0.04287714215970588,0.04323069861897951,0.0438701398512791,0.04377141949131794,0.04365878580171372,0.04334474477871099,0.0438577004122837
26.900000000000002,0.04353003877080093,0.04351524372173162,0.04313305178050953,0.043336247399575416,0.04372227056971838,0.043256245436416166,0.04369257442783469,0.04328248582625818,0.04361269438126632,0.043376077252007615,0.04371715917507397,0.04337220459568678,0.04347822096246785,0.043290493648072456,0.043428190116746083,0.043637542363758254,0.04287295752144032,0.04322733272624084,0.04386851872391992,0.04377779565492338,0.04366739374363814,0.043348159954512154,0.04385710124740108
26.92,0.0435289741125592,0.04352141856017472,0.04313277361797277,0.04334871731477563,0.04372636127636568,0.043275303456638395,0.04369098277573225,0.04329471685375699,0.04359772570203439,0.04337402986813732,0.04372243067584986,0.04337700522645338,0.043479462461537007,0.04325981994144205,0.04342490924347753,0.04362109448104418,0.04287054723851754,0.04322283298158134,0.04386745039931972,0.043784179890191774,0.043671418976270374,0.04335087412049128,0.043856970825676585
26.94,0.04352818329120544,0.043525759806418846,0.04312827796951347,0.04335400700095585,0.04373466796238498,0.04329742063628329,0.04368858962011149,0.04330906936432575,0.043590331284473094,0.04337940970463201,0.043726839465199764,0.04338317334280539,0.04347201627158566,0.04322905239159436,0.04343028346743088,0.04360699743779659,0.04286718022069002,0.043213836974102776,0.04386621984066529,0.043786434677286136,0.04367401489207676,0.04335163319895133,0.043856601179510755
26.96,0.04352667174686711,0.04352262826853256,0.04312212928443343,0.04336099997716965,0.043730975634698,0.043319662447955404,0.04368854901881717,0.04332403781912444,0.04358678197880282,0.043383342944943046,0.04371844619408265,0.04339232199657201,0.043465724739930066,0.043200057430465295,0.043439903666815535,0.043597354941349815,0.04287167904402995,0.04320901373067265,0.043865505247672375,0.04378520377488301,0.043680467090363335,0.043351866331547764,0.04385667669027183
26.98,0.04352123353136855,0.04352097192921825,0.04312190690073702,0.043365208087847294,0.04372750306522217,0.04334009378944401,0.043683272749104496,0.04333995316522866,0.043590275330279385,0.04338768666466446,0.04369956890625876,0.043401259713227086,0.0434593251170877,0.04317207019368,0.04345744054319799,0.0435819332446481,0.04288072748960107,0.043204838685633316,0.0438649012006321,0.04377417768756002,0.04368886117345586,0.0433599929958302,0.043856797836073366
27.0,0.04350860563301236,0.043521071860513356,0.0431158011151764,0.04336859189007105,0.04372646721919658,0.04335452464218964,0.043676682245035056,0.04335537827231695,0.04359902459147422,0.043390063040982016,0.04367536471282467,0.043416827875901266,0.043452721949214915,0.04314730270180987,0.04347257535813001,0.043571253332931326,0.04289465014634232,0.04320129226595259,0.04386414946585606,0.0437614331768727,0.04370066131473416,0.043368845430451226,0.04385671175901126
27.02,0.043501355358285275,0.04352087849266767,0.04311662496258836,0.043372102963702315,0.04372300236421714,0.043364450625841496,0.04367616239571118,0.04336467609936913,0.04360082850430573,0.043394227692360975,0.043649567464709785,0.043428131585553746,0.0434505853668376,0.04312979682765417,0.043482288693554284,0.04356309117148239,0.04290766712817801,0.043193753996781235,0.043865368089495406,0.04374356460393963,0.043709555828291405,0.043383778722170384,0.04385854106230265
27.04,0.04349925080277094,0.04351874156962865,0.04312150646082237,0.04337153718779215,0.04371596859672996,0.043364646418531945,0.04367945956829719,0.04336908605268437,0.04360259139388812,0.04340115483864129,0.04362665819016299,0.04342886109277275,0.04344863102698633,0.04311412390237919,0.04349322384524888,0.043560770514313146,0.042922567591948776,0.04319459115124537,0.04386666039119739,0.04373171655670082,0.04370850747973988,0.0433993514890847,0.043860393878432574
27.060000000000002,0.04349447199234561,0.04351938800911199,0.043127269963332736,0.043373272752771315,0.04371164484217281,0.043359852584633235,0.043683165484910504,0.043370358571100276,0.043604720490568905,0.043416126578218035,0.043598159673564466,0.04343981847320226,0.04345076380766831,0.04309929299796882,0.04349787628587143,0.04354898888664675,0.04293597652307693,0.04319860702566393,0.04386833936208243,0.043715356731588335,0.043711670297606815,0.043412291386268155,0.04386258727962605
27.080000000000002,0.0434811606210664,0.0435115290768729,0.04312734047932863,0.043378291793615874,0.04370609007362238,0.043350072211590644,0.04369014138561159,0.04337020395771977,0.043610455589166555,0.04343233275784141,0.04358057213062145,0.04344552984981768,0.043453544126349,0.04308947668758251,0.04349839734094639,0.04353404183460379,0.042949443665052815,0.043203400421593964,0.043869944085237936,0.043699530571957745,0.04372613608274069,0.04342780744005706,0.043864557817002874
27.1,0.043462914816217356,0.043507754984192494,0.043134103248011375,0.04338484207418485,0.04369554103904924,0.043344681724097535,0.043694316052537874,0.04337310346266541,0.04361567340789356,0.043442247056728535,0.04356225300232021,0.04345122854451604,0.043452532100311754,0.04307865867746386,0.04350846128201733,0.043524130771146904,0.04296069378792391,0.0432036400493722,0.043872791756985434,0.043684140250971344,0.04374078490758867,0.043441432241683946,0.04386407476211989
27.12,0.04344809301062948,0.04349951398241206,0.043146588110268766,0.04338735812718049,0.04368366292347358,0.04332592484264204,0.04370197309644705,0.04336852664805575,0.04361125740405137,0.04345278721373128,0.043546179103686335,0.04345936778378773,0.04345296129720687,0.043066732728834434,0.04352261135684265,0.043515436813746464,0.04297623488343761,0.043208667005250535,0.043876311787830684,0.04366962219593847,0.04375513516459111,0.043456744559358766,0.04386830996059649
27.14,0.04344074260622429,0.04348637763059902,0.04315813540036461,0.043390982073314384,0.043674346943389966,0.04330646384368191,0.04371078072790808,0.04335380091474536,0.04361179861976504,0.043461408975846196,0.04352930280449589,0.04347135805069344,0.04345720256618079,0.04305301154380925,0.04353921887819552,0.04350272556902664,0.04300333141430236,0.04320609063123941,0.04388015607509141,0.0436554289669766,0.04376817594549846,0.04347124024104041,0.043867919577611034
27.16,0.043429182473195584,0.04347122199850008,0.04316794225185747,0.04340006158437159,0.04366194572271053,0.04328225689560909,0.04371434500679722,0.043345270009656045,0.04360937071260526,0.043473264364871034,0.04351568998766918,0.04348579225569408,0.043454520020365185,0.04304139346275425,0.043563288009787926,0.04349501895150458,0.04304055446513819,0.04320517333593121,0.043884571097131675,0.04363298061344628,0.04377704704511096,0.04348396447604701,0.04386514525924554
27.18,0.04341515508492163,0.04346151885797935,0.043184954356339324,0.043416047902520745,0.04364852096380603,0.043262044452986814,0.04372142024937025,0.04333629360065758,0.04360991724758639,0.043478541617591925,0.04349833475686718,0.04348863094639399,0.04345535848346984,0.043034878800697327,0.0435821437209319,0.043490158011828824,0.04307496838780171,0.04320240024825665,0.04388278213009646,0.043611883878892595,0.04378992680748482,0.04349443762328373,0.04385968187023477
27.2,0.04339495347028107,0.043455893526911094,0.04319853174553718,0.04343806789202236,0.043636795103965745,0.04324804290945944,0.043732954472945236,0.043331027984409236,0.04360607053125675,0.04347902788064429,0.04348206039568997,0.04349665500748869,0.04345860981246565,0.04302004872824393,0.043606371326179116,0.04347544225413686,0.04309925168486447,0.04320267741876211,0.04388130210004213,0.04359793921509968,0.043801593625451045,0.04350129240856385,0.0438553905055801
27.22,0.043386302289681336,0.04344940514633647,0.04321243553179095,0.04344982774403551,0.04361836890503366,0.04323282001352289,0.043743942508070864,0.04331853939808512,0.04360358748524458,0.04348431374737366,0.043463845476395924,0.043506534266719486,0.0434680552692325,0.04301151077600948,0.043624390497726005,0.043457765633498346,0.04312956927416944,0.043206314498972526,0.043884676089785704,0.04359167141289573,0.04381141818467065,0.04350151381422623,0.04384319203652294
27.240000000000002,0.04337228833667624,0.043448538591187524,0.043230034842303755,0.043467686261765365,0.04360365966931448,0.04321879026622939,0.043752588043670236,0.043302141018293376,0.0435960754494272,0.04348810798926237,0.043451156321275365,0.04351963766935114,0.04347648779940613,0.04301251688435163,0.04364220351876985,0.043442809532484354,0.04315609461858912,0.04320450493874075,0.04388813573566474,0.04358277367242716,0.04382088672083014,0.04349169689741655,0.04383118522256296
27.26,0.04335702663234758,0.04344511917144382,0.04324686855588761,0.04348066333935675,0.043587372791888165,0.043204510476996756,0.043756689685912745,0.04328454812235361,0.04359131521865868,0.04349201598701382,0.04343576276518035,0.0435438112763787,0.04347858217707947,0.04302083356175667,0.04366004249428105,0.043433304252544505,0.04317654542320198,0.04319807180073022,0.04389074881682095,0.04357580554702333,0.043829016611937915,0.0434877138873069,0.043823631403898326
27.28,0.043341694228305805,0.04343566708885334,0.04325750002569011,0.04348938539335978,0.04356783441766146,0.04318364133153458,0.043768462837939205,0.043273372794376964,0.043582569413482715,0.04350117279995647,0.04342079530217115,0.04356907400913726,0.04348167197924664,0.043033052366463195,0.043679069118804974,0.04342365341962129,0.04320069289698131,0.04318910140780366,0.04389262153460573,0.04356424211953591,0.0438359542442191,0.0434863995118325,0.04382237175841679
27.3,0.04333534554208913,0.04342735415829436,0.04325669220737052,0.04349736097063855,0.04354670736857185,0.043170261348135425,0.04377956535515101,0.043262257969046196,0.04357987443705914,0.04351280418761179,0.043404717814650176,0.043592486574301224,0.04349185537187154,0.043050089496449125,0.04368655067934431,0.043419822422763536,0.043221254324447275,0.04317723017607628,0.04389073624245216,0.04355062771424811,0.04384151818750537,0.04348080662033045,0.04382408083159265
27.32,0.043337832868754964,0.04341981114374136,0.04326480001948109,0.043505983913118294,0.043523128992019655,0.04315973121198586,0.04379116257637393,0.043247918047418524,0.04356456459569141,0.043533452163922556,0.04338535444343712,0.04361073365630577,0.043496877815944204,0.04307044548881961,0.04369547454385126,0.04341649063493557,0.04324323853873416,0.043176365377959526,0.043893213679364974,0.043532870827314996,0.04384426160682698,0.0434676678257494,0.04381862002824872
27.34,0.04333630806226357,0.043428502780403305,0.043276152691831604,0.04350768168141674,0.043502607171338976,0.04315375442626363,0.043801807468603814,0.043238550503284075,0.043547889222765146,0.04355105037774762,0.04337336691017982,0.043629284566723485,0.04349651071133177,0.043080505911826494,0.04370336161642979,0.0434179912144056,0.04325819944071298,0.043176763109883415,0.043895486916932895,0.04351329416285223,0.04384813461214358,0.043451643963026754,0.043811152477632676
27.36,0.04333515918682896,0.04343569165295783,0.04328367474605464,0.04350280336215434,0.04348685719930515,0.04315103604835337,0.04380958024628876,0.04323294899148577,0.04353138967573253,0.043571693873022906,0.04336176360592039,0.043647874569565606,0.04349705463075476,0.04308921174246818,0.04371581378329996,0.043414552649806946,0.04327441547034646,0.04316816727756217,0.04389831834675089,0.04349584296577468,0.04385484980098658,0.04343295664131621,0.043808343533262885
27.38,0.0433399812591108,0.043445234765730735,0.04329125326678722,0.04349355488098566,0.04347858103236259,0.043143272888135575,0.043818573907065825,0.043233310403072364,0.04352095148389554,0.04358742041560681,0.043351413495917084,0.04366699816703434,0.04349468586790504,0.043095852098075385,0.04372156152394562,0.043414434156210005,0.043288882894382485,0.04316567062439781,0.04389007197482896,0.04348165681835682,0.04386019883944494,0.04341387805755195,0.043802561179196564
27.400000000000002,0.04333815834629685,0.043454971533212906,0.04329488888184227,0.043485479132505465,0.04347012265848056,0.04313828433931223,0.043826424619567095,0.04324238258033962,0.04351529278967437,0.04359603600712421,0.043339987306007396,0.043679990289431106,0.04348909605586708,0.04310458889208044,0.04372049689991764,0.043416865474747275,0.04330028094268618,0.04316283421982222,0.043890460945635035,0.043468167588047106,0.04386463441888691,0.04339931191557605,0.043801244162940234
27.42,0.04334020125812069,0.04347187749210826,0.04330239182159028,0.04348204303435355,0.043455114100430896,0.043133055499516855,0.043826694652105785,0.04324587852632724,0.043511603151891114,0.04360652312788264,0.04333144767317095,0.04369878021162417,0.04348727039865959,0.04311373611608497,0.04371849563063301,0.04341835599547699,0.04331566501881688,0.04316314386196681,0.04388631984903742,0.043444863065041604,0.04386827347334613,0.04338359732991924,0.04379466871189499
27.44,0.04334980385042634,0.043483374608206886,0.04330946667579103,0.043479047765892356,0.04344971482132216,0.043124328302603904,0.04382683261462784,0.043249321490991394,0.043497743038601655,0.0436186196925438,0.043328859893811564,0.04370951867378233,0.04348076352491129,0.04311698141798388,0.04371474975992594,0.043425091750511326,0.04333455144699007,0.043166348773737415,0.04388335835868807,0.04341687278830475,0.043872527554728695,0.04337133836408035,0.0437907848315369
27.46,0.043359845794184004,0.04348469602132242,0.04332040024451949,0.04348479006932282,0.04344459038790285,0.04311728213372201,0.043830393273687866,0.04324937388991424,0.043488409953461524,0.043622941649919575,0.04332293035667255,0.04372076240639109,0.04347837998516022,0.043115000784279094,0.043711058450339846,0.043438720579397176,0.04335326661565959,0.043165145759831304,0.04388660867182722,0.043379358195520634,0.04387721610512093,0.043363920945186187,0.04378490772665747
27.48,0.04336356298862158,0.04349194641639915,0.043325570934321135,0.04349417275319633,0.0434404909748162,0.04311261399091193,0.043829144121489076,0.04325048476557029,0.043479207463596466,0.0436301751712441,0.04331772085290738,0.04372735950691283,0.043478086223725516,0.04311429766634277,0.04370005009915637,0.0434465432063505,0.04337163664098741,0.043166140809185745,0.04389152652901698,0.043346759847601,0.04388290405852864,0.04335663606112831,0.04378296891799014
27.5,0.04336975426179865,0.04349543849265824,0.04332967095123932,0.04349627832686319,0.04343555569576456,0.043123001832644454,0.04382385720701268,0.04325277009768069,0.0434674858662639,0.0436398187739309,0.0433139956785988,0.0437289449816418,0.04348191340050591,0.04311968238985342,0.04368786619174282,0.04345306088963062,0.043389629421585314,0.04316883896800884,0.043895315905925124,0.04331320380029172,0.04388740052227539,0.043346418226101774,0.04378009811798188
27.52,0.04337358416867839,0.04350019896787856,0.04334183481894632,0.04350063745957718,0.043419170622906386,0.04313023647505802,0.04381754727852199,0.04325263422307553,0.04345678931986037,0.04365171002313586,0.04331349023191035,0.04373347425374419,0.04348385339522741,0.043118621978503406,0.043670636181209095,0.043449553533239156,0.04340678444537654,0.04317120974669786,0.043898455522049976,0.04329344860174616,0.04389118929660318,0.043342341596025964,0.043782597860027805
27.54,0.04337454362359243,0.04350012297036436,0.04335995236179664,0.043501808182476065,0.04340427011173894,0.043139387817165496,0.043812501406583,0.04325757162082504,0.04344449620948754,0.04366125036283356,0.04330728473475117,0.0437360447068042,0.04348860095974536,0.04312038897528025,0.04365542044748103,0.04345264943005956,0.043413480301299566,0.043174482295584335,0.04390288119069154,0.043268649606012864,0.043896210650017704,0.043340138807058115,0.04378786322835092
27.560000000000002,0.04337972489680832,0.04349736515989365,0.043379177869935975,0.04349987154975803,0.043383353064117156,0.0431572708214381,0.04380083399177505,0.043264098674097015,0.04343421535286647,0.043675920361630205,0.04330209619797593,0.04373713357450703,0.04348540183183736,0.0431293809139153,0.04364098120568539,0.04345945904334105,0.04342947884819796,0.043174043947120475,0.04390646921990934,0.04324908710569073,0.04390034559602618,0.04333232202895989,0.04378196874451346
27.580000000000002,0.04338356070549508,0.043496247987489085,0.04340146874755161,0.04349552685051401,0.04336833877152029,0.04317258915116293,0.043796845522479755,0.043274667836931166,0.043415882430410356,0.043685374406015325,0.043293974648263116,0.043734935367708956,0.0434810145282029,0.043137750496340575,0.04362629941002185,0.04346449925315174,0.043450454929337336,0.04317494518373704,0.04390681318243937,0.043234286386172924,0.04390119201136711,0.043317450158385465,0.043785882035302114
27.6,0.04339194794989814,0.04349581386987028,0.04342580778329538,0.04349647775783185,0.04335521912876621,0.04319187970122346,0.04379491427904,0.04328235185274885,0.04339938642868648,0.043688639798926066,0.043285010455319475,0.04373396224355956,0.04347676282139424,0.0431424511092937,0.043603153807991235,0.04346998595516658,0.04345985451615207,0.04318778025988145,0.04390730373635634,0.043219336672768914,0.04390214377052062,0.043299726978466346,0.043790089122843025
27.62,0.04339701968068414,0.04349364688173152,0.043451888004481305,0.04349279277685374,0.043354991360693526,0.04321231570064547,0.04378829151731064,0.04328327623983894,0.04337737415850769,0.04369224272952412,0.04328118599807331,0.043740019362861676,0.04347185952496569,0.043136495249808414,0.043581377169504346,0.04347561132749388,0.04347044083085864,0.0432013284023793,0.043907732786828545,0.04319859919809604,0.043902996187604834,0.04329046302445448,0.04379805188679962
27.64,0.04340970368038576,0.04349663652320922,0.04347241428004261,0.04348395421926598,0.04335965447806355,0.04322825437883615,0.04377878526094317,0.04328680727278738,0.04335562937181364,0.04369556131383402,0.04327575630678162,0.04375141621706199,0.043461667831396225,0.043122094525740916,0.043562537303717404,0.04347971808155113,0.04347842665081892,0.043218398869219694,0.043907480311478474,0.04318351816922086,0.04390313240634227,0.043281652518647025,0.043806800028841915
27.66,0.04342051252424747,0.04349338380223735,0.043497166676023415,0.04347963087705984,0.04336220551579674,0.043242154267061225,0.04377244956611376,0.043285772939506494,0.04333210293629084,0.04369727513446284,0.04326463794352123,0.043759479020414445,0.04345922681590759,0.043108565715629425,0.04354665565600641,0.04348889576458702,0.04348451807058268,0.043235749016543305,0.04390765127366753,0.043165131518779785,0.04390366012905695,0.043277942683044496,0.043815232153459345
27.68,0.043436791943123866,0.043489866788266406,0.043518916009196384,0.043473019490277647,0.04336975544291004,0.04324510513448665,0.04376089481875433,0.0432908724157317,0.043310964211435724,0.043697753619237986,0.043256136109871536,0.043770123078129386,0.04346048526619697,0.04309193151102144,0.04353217208877186,0.0435039813773428,0.04348588804911613,0.043251412916927585,0.0439068176559682,0.04314796603992548,0.04390315408111018,0.04327400819683431,0.04382198375536311
27.7,0.04345034542538123,0.043490958084823235,0.043538398968508266,0.043459902589734346,0.043367671243804674,0.04325197237441093,0.04374635916798122,0.04330353684660647,0.04329598192428352,0.043702295382578124,0.04325237632219678,0.04377809536101345,0.0434675884696126,0.043081869771757784,0.04351587843870235,0.04351818446398595,0.04348665843126375,0.043267286217286066,0.04390413685751811,0.04313345648459454,0.043900774114128883,0.04326000403618725,0.04382626902364055
27.72,0.0434594723365099,0.043491115246316964,0.043559890364060605,0.043444485824212335,0.043366331080240836,0.043257880723394676,0.04373240973360474,0.04331284388358776,0.04328888014409783,0.043711159701316796,0.04324915077293796,0.043785603962556804,0.04347715391695852,0.04307299156905775,0.04349859584084112,0.043521792728370014,0.043490941090548726,0.043278103674241404,0.043902189155189925,0.043122486624432445,0.043899102504672965,0.04324670458283979,0.04383071454001025
27.740000000000002,0.043472631221218944,0.043484801908742564,0.04358389317593205,0.04342527742914062,0.0433644570540405,0.043263338798902616,0.043724036709653996,0.04332732204858977,0.04328458612167519,0.04371918484006204,0.04323722759243105,0.043792281503213876,0.04348459368652052,0.04306875232022405,0.04348183079954841,0.04352547404347024,0.0434927871329365,0.04329189508344387,0.043894285401046985,0.043117410325594546,0.043896458789384356,0.043233786714524186,0.04383368729970308
27.76,0.04348748288806951,0.043478309250240356,0.04360862077585902,0.04340372080149837,0.04336421279275779,0.043273358008197545,0.04371428768674521,0.043344968883935776,0.04328095794640556,0.0437294352995293,0.04322149425148683,0.04379990137653267,0.04348167600703071,0.04306563568942302,0.043459589407769804,0.04352379470409759,0.043496355943177085,0.04331164423861647,0.04387948775907087,0.043117819357436964,0.04389552618496204,0.043223812800260886,0.043837907946896446
27.78,0.043498977630595764,0.043477305617048566,0.043631263349436046,0.04338660200815842,0.04336789526361882,0.04327410881624246,0.043713994975913904,0.0433495875941874,0.04328511319467107,0.0437398162254511,0.04320661344580431,0.04380684046810869,0.043483093084453306,0.04306497977097062,0.043435234918726626,0.04351720845771891,0.043491499885889406,0.04333634783756829,0.04386016834604578,0.04312263401501086,0.043894614807370086,0.043214373457755854,0.043841726829253524
27.8,0.04350863483013367,0.043476388737881705,0.04365175636573589,0.0433716920627716,0.043368557622633995,0.04327667882238734,0.043715573041467226,0.043359853109794906,0.04328809622416295,0.04374193756299422,0.04319605028293546,0.04381291813129528,0.043483675900382324,0.04306975210460764,0.04341914864731643,0.043509943498724446,0.04348596477785543,0.04336551954040283,0.043834856096506704,0.04312459459594277,0.0438934859615064,0.04319998185408925,0.043844940228471435
27.82,0.04352063995517621,0.043480828141495245,0.04367031267279583,0.04335127333650354,0.04336748218573048,0.04327150495597071,0.043722133105722656,0.04337271632209649,0.043284851371253444,0.04374504377714148,0.04318693593633119,0.043818241763455314,0.04349128667452054,0.04307116256205954,0.04340923213289488,0.04350359632962061,0.04347882081742234,0.04339240620586035,0.0438153996521708,0.04311422212168113,0.04389219432793717,0.043192081062808016,0.04384763458935193
27.84,0.04353660297915789,0.043491025051970035,0.04368698982535078,0.043330107631157876,0.04336436608878003,0.04326883940329464,0.04372858519146837,0.043386109604633114,0.043282953934787954,0.04374597661408582,0.04316705575721763,0.04382536951096509,0.043490203697682174,0.04307770058400719,0.04339210999948451,0.04349607755819792,0.043478144955704394,0.043416953599114384,0.04380093817536027,0.04310097596646093,0.043893253447730006,0.04318731009372628,0.0438523503296627
27.86,0.04354422360146965,0.04349931556501936,0.043705899912287946,0.04331157673099121,0.04336151994403281,0.043269480063300315,0.04373694972856005,0.04339887108033647,0.04327535811026279,0.043744857955063964,0.043145359284319874,0.04383292695099147,0.043498842763982755,0.04307957886871918,0.04337908912170888,0.04349597653815698,0.04346759743744482,0.04343808287291193,0.04378978242930724,0.04308704593308433,0.04389524170062038,0.04318472913971812,0.04385769426770952
27.88,0.0435553128506667,0.04350306587489624,0.043724334033181114,0.04328686788357604,0.04335638820614104,0.04326984903635004,0.043738089794181846,0.04340243609830045,0.04327079460752604,0.043744253193519024,0.04312571859189373,0.04384094266230845,0.04351111130390514,0.04307870230934431,0.043364686172570284,0.04349606143552543,0.04345966475958387,0.04345126598782776,0.04378366156481527,0.04307929864504856,0.04389814652695651,0.043195669830293965,0.043863678631588146
27.900000000000002,0.0435697278120021,0.04350998430666143,0.04373838751167273,0.04327011028088448,0.04335776545292845,0.04326250562521473,0.04373630896575007,0.043403422583202046,0.04326205919503928,0.04374303114736357,0.0431060931519102,0.04384403991818542,0.04351856141773976,0.043087314192222115,0.04335044809111101,0.04349863070446144,0.0434616005421372,0.04345498664634755,0.043777526815895286,0.043076192785022956,0.04389898534615631,0.04320497177765583,0.04386734573043603
27.92,0.04357820705545566,0.04352444768503193,0.043749299018333576,0.043260276300579534,0.04335985979631737,0.04325067246250156,0.043742093925742076,0.043410425979796434,0.04325083491620446,0.043742687871894184,0.04309404408837462,0.04384114116200813,0.04352696337883744,0.043093457832902034,0.04333564576903327,0.043506887207882386,0.043460884831169215,0.04345509297130846,0.04377300383462734,0.043070161648168195,0.04389847188707052,0.04320601105249305,0.04386942932426851
27.94,0.04359071962751959,0.04352936611899589,0.043761778588319956,0.04324757590488399,0.043366706974024886,0.04324797262793584,0.04374816944557552,0.04341179250663899,0.043239037007464766,0.043742023702006146,0.04308385556837576,0.04383658554813694,0.043534801345351336,0.04310316216474713,0.04332788480586055,0.043511497036176405,0.04345755585960839,0.043453966569296454,0.04376694116859655,0.043061690204076485,0.043900112952694754,0.04320335128583948,0.043873452987874095
27.96,0.043607005833975684,0.043536291274167596,0.04376865928587484,0.04322833579920677,0.04337227701614136,0.04325207527394702,0.043744195659292336,0.0434117045774259,0.04321983303469518,0.04373445692544185,0.04307025074922073,0.04383181007163179,0.04354060052132894,0.04312112077323923,0.04332209179547855,0.04351947553734616,0.043452616552327204,0.04345713550936151,0.04376493911916384,0.043058618082569174,0.04389990668690509,0.04321116511037188,0.04387543481088733
27.98,0.04361727829721507,0.043552475318783986,0.043763894044135096,0.04320564131009244,0.043382077100625506,0.043254146509101726,0.0437416706267365,0.043413175040390696,0.04320144626827726,0.043733270026157574,0.04306689543266408,0.04382858790520402,0.04354818199576263,0.0431361488567432,0.04331782221188877,0.04352404728640825,0.0434344217043806,0.04346024951424317,0.04376481321785897,0.04306290183982959,0.043898757531088024,0.04321580331250879,0.04387629464990407
28.0,0.043620961481709394,0.04357128333151468,0.04376041362931834,0.043194457259380814,0.04340091390705277,0.04324957805633171,0.04373810387054221,0.04341918252729001,0.04317991650287431,0.0437272798535671,0.04306631167542474,0.043821428791640235,0.0435567796001169,0.04315013286313873,0.04331216380011574,0.043528423708247624,0.0434172477225808,0.043467460424419235,0.04377074024482046,0.04306300322391525,0.04389890682036484,0.04320702326366447,0.043878287441969525
28.02,0.04362831415310517,0.043585418087482605,0.04375980986197917,0.04318561406782568,0.04342430545686387,0.0432426970897017,0.043732267003304875,0.04341443315780252,0.04315473438687509,0.043721963781615004,0.04306952153090696,0.04381319037908374,0.04356286177782662,0.043163327806174503,0.04330837531322696,0.04352794662935783,0.04340817430046891,0.043469495690665105,0.04378239621886891,0.04306195836862153,0.04390004699955527,0.043202028541396965,0.04388111939729101
28.04,0.04363683335053613,0.04360956895325955,0.043758651375855696,0.04317095994594656,0.04344301965024036,0.04323619994279352,0.043729695383965504,0.043411337161206855,0.04313876931954391,0.043717534663770506,0.043069038102231026,0.0438139228632309,0.04356555503836212,0.043172575142975546,0.04329998518730271,0.04352882747720232,0.04340070618915462,0.043470100326546114,0.043793613481383935,0.043052724676629156,0.04390161254234736,0.043194531521302884,0.04388423770421281
28.060000000000002,0.04363804355734371,0.04362481582986586,0.043756485375151005,0.04316734722329724,0.043460300822298924,0.043230244405405,0.0437298500773857,0.04340169857629967,0.04312120938616455,0.04371138108460311,0.04307563668891486,0.04381515400725544,0.043574404203472375,0.043182198264801394,0.04329303563200817,0.04353383504018537,0.04339768954092256,0.04346056915062254,0.043804194250850505,0.043045036177930575,0.04390333403260659,0.0431861522014705,0.0438873844711443
28.080000000000002,0.04363729930501373,0.043640209288636114,0.043752633806990654,0.043158903900496495,0.0434706052698009,0.043220323365187586,0.04373457026037768,0.0433948967953245,0.043106290721302704,0.04369844765273868,0.04307975911147432,0.04381973273704073,0.04359115234367654,0.043194597155845366,0.04329084464743253,0.043533484693421644,0.04340277725143839,0.04344767821721457,0.04381374976344399,0.04304155175263603,0.04390475667545805,0.04317561975879397,0.043890115526254866
28.1,0.043634705001159464,0.04364986439797083,0.04374719291269852,0.0431636452399861,0.04347959522857691,0.0432014093775432,0.0437388159966869,0.043391929889201535,0.0430894670810734,0.04368462793790073,0.04309057188179979,0.04382048748882467,0.04361274426095241,0.043204158180868875,0.04328774064998765,0.04354725420974955,0.04340269851945251,0.043432159216828733,0.04382117820621722,0.0430381354645088,0.043904716862757834,0.043165624792271415,0.04389127720298281
28.12,0.04362855820354552,0.04366607506211581,0.04374457516523846,0.04316776307887949,0.04349601366212337,0.04318651913237303,0.043744534607870554,0.043394821383084786,0.0430717114097242,0.04366889902925146,0.043096941268684685,0.04380755715992017,0.04362977850433528,0.043215554888824684,0.043288393284675646,0.04355548986872727,0.0434047700852649,0.04341815029958394,0.043828789202197925,0.04303526128432355,0.043905473853019884,0.04315123270377387,0.04389313686246135
28.14,0.04362472525313178,0.043679439164795296,0.04374130081555447,0.04317553170808892,0.04351262636116354,0.04317676580927374,0.043747052848327174,0.043390063595029706,0.04306157836914553,0.0436589552117828,0.043093661905003064,0.043789197857996905,0.043652169658692286,0.04321901661047079,0.0432924864897651,0.043568722586790926,0.04340548452091263,0.04340587327029769,0.04383484847692933,0.043034853135638464,0.04390523997617799,0.04313649095014718,0.04389391542488483
28.16,0.04361741639284419,0.04369256732066614,0.04373331883867148,0.04318026413625076,0.043522718804363446,0.04316496166949006,0.043755590613477946,0.04339194546318356,0.0430527295983836,0.043648611937040525,0.043097843998988535,0.04376987669322977,0.04367225072129015,0.043217118076518145,0.04330005810696002,0.04357613642867665,0.04341233681095837,0.04339733413084574,0.04383993612664278,0.04303326093075573,0.043904550224756644,0.043125017836964874,0.043894155139040866
28.18,0.043610657527798774,0.043697980221636505,0.04373098372903954,0.04318371981515585,0.04353387899476666,0.043160642908918447,0.04375654113179233,0.04340013298398384,0.04305122623227541,0.04364593300708373,0.04310610547625264,0.043750945017375566,0.04369090994689689,0.043208302961016944,0.0432965734306434,0.04358104324057256,0.04341940044513005,0.043381916249147716,0.04384483332507179,0.04303002892116836,0.04390414451103037,0.04311949736791447,0.04389460255532811
28.2,0.04360758964870139,0.04370039518498504,0.04373622550774149,0.04318863855957541,0.04354354702735192,0.0431496764915177,0.04375257621636146,0.043402571125569465,0.04305577518149161,0.04364582861182764,0.043107251417101686,0.04373264042851902,0.0437082047086669,0.043197349430877406,0.04330175567029468,0.0435824504654117,0.04342325779998664,0.04337181490806849,0.04384949605583816,0.04302714850021194,0.04390393975026441,0.0431166864353252,0.043895180874310644
28.22,0.04359671540636842,0.043711444937472685,0.04373445373296899,0.04319218840034906,0.0435513683315332,0.043135565607281746,0.04375128662833606,0.043402670797043345,0.04306322188121516,0.043645219257337886,0.043102363472698794,0.04372259785412993,0.04372310543862199,0.043193955892789654,0.04329903322110147,0.04358511735354883,0.043428853187739966,0.04336195928235068,0.043852798536571806,0.04302788027487339,0.04390277308586544,0.04312069421592285,0.04389473320387871
28.240000000000002,0.043585157940090435,0.04372243139605474,0.04373077542699235,0.043195236159209165,0.043551301354090494,0.04312510872113072,0.04374921237448829,0.04340589874028838,0.04307666351232224,0.04364444167186223,0.043101659665589834,0.04371767243711535,0.043733501716016344,0.043187582565654914,0.04329269919090448,0.043582997328093655,0.04343492904585848,0.04336061244146343,0.04385482635979858,0.04302802125927263,0.04390069757506871,0.0431252552831049,0.04389331783552983
28.26,0.04358233213987867,0.04373487125357572,0.043722742817414666,0.04319925218147231,0.04354351828293975,0.04312090101805909,0.043743300506373914,0.04340904707564648,0.04309120386801334,0.04363765333632265,0.043095710475912825,0.043704197986728074,0.04373912777539741,0.04318371012330939,0.04329086789884775,0.04358118915204744,0.043439289067814635,0.04336320524053458,0.04385733096942332,0.04303383816651499,0.043899436386759645,0.0431346117899921,0.04389266248702126
28.28,0.04358461850984632,0.04374688498897989,0.04371286206806552,0.04320353564629132,0.04353736061803585,0.04311911467558388,0.04373682465710381,0.043409554712954324,0.04310086249192343,0.043623684586275906,0.04309828558731213,0.04369024185604781,0.043746040648288034,0.043182119136756125,0.04328133855573489,0.04357698786456343,0.043447820748739874,0.04335920589911832,0.043859290503086165,0.0430449663621964,0.043897938976582875,0.04314873967817014,0.04389172122834356
28.3,0.04359542062418785,0.04375885243518225,0.0437026064885563,0.04320842693463711,0.043520468388290705,0.043111847654629436,0.043732497385933426,0.04340459012818973,0.04311655260762941,0.043604130023076136,0.04310852114048424,0.0436783841924153,0.043750106899442504,0.043183424488204836,0.043282937078343235,0.04357094336184502,0.04345621361579288,0.04335307160841205,0.04386203143535708,0.04304881479236562,0.04389750754954399,0.04316085099850245,0.04389180016897844
28.32,0.043605213557495116,0.043770373533533094,0.043687739791158475,0.04320619892216049,0.0435051679350253,0.04311139169328346,0.04372725083942268,0.04339689757267275,0.04313053061067999,0.043584576132826326,0.04312335329946478,0.04367426825274069,0.04375207855776777,0.04319122801896253,0.043283566182780044,0.043564615903483775,0.04346258809066222,0.04335165784664627,0.04385544724164384,0.043051067986078086,0.04389764906236857,0.04317472887601982,0.04389241009312398
28.34,0.04361322966099277,0.04378055250836429,0.04366969801924601,0.0432117859322555,0.043496471322202995,0.0431183164666196,0.04372492122936736,0.043382306140071915,0.043142895979884945,0.04357254882125268,0.043137415328710904,0.04367060346368081,0.04374643061049871,0.043193930451724434,0.04328043016761586,0.04356402399622356,0.04346968179091142,0.04334518415898744,0.04384751961842395,0.043051613619184484,0.04389738132915231,0.043190487012897266,0.04389257237173063
28.36,0.04362346523716329,0.04379016812913913,0.04365052147927973,0.043214533997001196,0.04349052670677316,0.04312432122071937,0.0437233157462008,0.04337031853900984,0.04315438399972786,0.04355657352536519,0.043152769706508026,0.04367092238258526,0.04373808264591137,0.043201346774484006,0.04327698352352059,0.04355705297064571,0.04347553746156732,0.043344579206276046,0.04383461364162022,0.04305482464820195,0.043897408368584065,0.04320860117904272,0.04388914891067308
28.38,0.04363420899962148,0.04380098586375529,0.04363470262255049,0.04322035015954336,0.043486127044972685,0.04312900059457488,0.0437143847072284,0.04335556932694772,0.043164710137797824,0.043541390424614954,0.043163567463019754,0.043675511320455516,0.04373121202432297,0.043207398971229,0.04326967467773486,0.04355624560570804,0.043477555729843,0.04334170817122865,0.04382637247759321,0.04306143147145113,0.04389942896831568,0.043221466542659424,0.0438869966948317
28.400000000000002,0.04364893899379027,0.04381021466326899,0.04362587522558702,0.043219886637450904,0.04347952660965046,0.043130080511670235,0.04370986877445303,0.04333353385350468,0.043176000696113694,0.043534641397465434,0.043174272955103295,0.04368042262933332,0.0437238486358976,0.043216531792946614,0.04326621156011661,0.04355840486452308,0.04347594333615056,0.043331086346256355,0.04381946557846109,0.043067682897835066,0.04390058083276962,0.043227812620950164,0.04388916858670171
28.42,0.04366156170130513,0.043819830009728174,0.043617598945622005,0.04321639767454016,0.04346757101985395,0.04312780835362739,0.04369972584357074,0.04330981459036063,0.043188905540634225,0.04352649380475192,0.04318620885331508,0.04369451431190814,0.043726209385141906,0.04322686015780144,0.043268927471909836,0.04355929443501331,0.0434725008988208,0.04333062264022421,0.043808668253469685,0.04307078924535315,0.043902784095480346,0.04323123691033132,0.04388567585723658
28.44,0.04367209985000266,0.04382885641386167,0.043610042856267,0.0432078036594318,0.0434566106283659,0.043126650960536105,0.04368052868470096,0.04329987833258242,0.04320465241200767,0.04351823253896864,0.043205271777301796,0.04370817984729194,0.04373055602177618,0.04324223772040495,0.04327342225337206,0.0435608593772182,0.04345719449013076,0.043329567240598915,0.04379280167650516,0.04306931875637578,0.04390500672255232,0.04323515354068771,0.04388507423905927
28.46,0.04367976537919648,0.04383742699150276,0.043596908634399884,0.0432015140417968,0.04344357764750681,0.043127622670802106,0.043661176249806824,0.04328937283652235,0.04321455894369111,0.043516874368090055,0.04322066280525657,0.04371842127742278,0.043735454326221446,0.043260863014734086,0.043280352499121495,0.04356483743907292,0.043441064687517586,0.043329977127977815,0.043780731210404086,0.043079042170291355,0.043907332013012064,0.043232734025832165,0.04387972963982051
28.48,0.04367998068174845,0.04384667592514977,0.04359030436516757,0.04319843432938844,0.04343041887037277,0.04313270100485484,0.04364564957204644,0.04327420022800108,0.04322920069630217,0.04351840824753569,0.0432316550084993,0.043725782004066904,0.04374415681077668,0.0432696867874826,0.04328369081559507,0.043567275786758244,0.04343167921476076,0.0433351757884038,0.04376716404661754,0.04308704225878651,0.04391084987351041,0.04322798558082578,0.04387188210334911
28.5,0.0436764357358266,0.04385455174160718,0.043585390351763606,0.04319714929556232,0.04341975214999226,0.043136924978015655,0.04363636093485225,0.04325609430252737,0.04324413025964569,0.043520413315186454,0.04324536585248744,0.04373876575399798,0.04374748632922481,0.043283435344410676,0.04329190560783939,0.04356415736788959,0.04341967730048487,0.04334440396960202,0.0437550606827043,0.04308840258100526,0.04391346364550513,0.04322740182213597,0.04385327067773305
28.52,0.04367006446889356,0.043859966589809965,0.04357681559455881,0.04319176286030393,0.04341056646835204,0.04314521258051709,0.04362693022185121,0.043235922730723256,0.043257129585158205,0.04352642690117802,0.04325619197733823,0.04374913374278073,0.043753997555402206,0.043298343042943103,0.043295581723818304,0.043571168271719356,0.04340463924465745,0.043357131207132506,0.04374281851892502,0.04309858478708332,0.04391404568080459,0.043226043288228586,0.04383152295782041
28.54,0.0436704363365255,0.043861591190611816,0.04356212942100872,0.04318436058827459,0.04340312062952815,0.04315752845085084,0.04361733699355613,0.04321463520704696,0.04326769083000415,0.04353212013210663,0.04326805255488393,0.04375985822974598,0.043759221741480996,0.04331725521433412,0.043300834072520035,0.04357189232386643,0.04339828488949784,0.043376403749122515,0.0437271242107965,0.043106247215984196,0.04391123013967144,0.04322368120641878,0.04380896467216356
28.560000000000002,0.0436802019949351,0.04386277919283776,0.043550851452605954,0.0431733025826068,0.04339166008924691,0.04316666584806007,0.043614417730617576,0.04319878236938923,0.0432734377041691,0.04353769046211503,0.04328858935090938,0.0437693996211628,0.04375848895844823,0.04334107036815673,0.04331165184504618,0.04356248854499096,0.04339408764789222,0.04339365194624536,0.043714385428275375,0.04311061298359504,0.04390834224105864,0.043218475483056955,0.04377896615457852
28.580000000000002,0.04369341302474261,0.04386269695661383,0.0435468635675002,0.04316730012061074,0.04338007584834072,0.04317780049288605,0.04361694734436601,0.043179558342128686,0.043284250901745966,0.043553403771145596,0.0432987554186092,0.04377698716097212,0.04375215397274874,0.04335816640439843,0.04331380479208151,0.043552123512547836,0.043395045847308744,0.043405083199215926,0.04369650286980312,0.043115687329675724,0.04390451766195417,0.04321714412069533,0.04375171733990872
28.6,0.04370699270365406,0.04386237153296013,0.04354105810319333,0.043160615411543576,0.04336910254861598,0.04318012231483726,0.043617265527320294,0.04315841368062084,0.04329711593259339,0.043568823451275836,0.04330150376028776,0.04378370200089253,0.04375049808163414,0.043372054195091346,0.043317138564805686,0.04354579221802588,0.04339893632351719,0.043416714990949457,0.04368277752415886,0.04312258994315181,0.04390075705581932,0.04322495247006606,0.04372070166498532
28.62,0.043720110829263525,0.0438627288640574,0.04353643059980086,0.043147094188433203,0.04336238760157206,0.04317855383033002,0.04362237062234986,0.0431342936202006,0.04330362419623232,0.04358195842545084,0.04330987470185275,0.043790520223332394,0.04375063317668639,0.04338537342825387,0.04332964631535024,0.0435423348202167,0.04340003227446203,0.04342306752966346,0.04367210335050401,0.04312431473350041,0.043897961899723593,0.04323291850433637,0.04369166626442712
28.64,0.04373201741117136,0.04386292225532893,0.04352902028406937,0.04313716404505559,0.04335315758943278,0.04318233730130156,0.04363283396600383,0.043110815592600084,0.043307769731845,0.043601372059095984,0.04332045380449905,0.043796644095805845,0.04374659410195036,0.04339363786074145,0.04333566818396656,0.04353625433763055,0.043400220738378334,0.04343233179510614,0.043663286727520484,0.04312742819916885,0.04389526160883178,0.04324209411073017,0.043660714199765874
28.66,0.04374299229724461,0.04386314607964058,0.04353106478362501,0.04312598364585111,0.043339600567480534,0.043176666971789894,0.043640278456302715,0.0430873790437513,0.04331230396345369,0.0436152616168141,0.04334014967389956,0.04380231126784893,0.04374616227962673,0.04340534343279273,0.04333844128998757,0.04353955066304729,0.04340089024572164,0.043445099342167386,0.04365115729251217,0.043128270676019105,0.04389282943986009,0.0432454807377861,0.04362963623277708
28.68,0.043753050304965825,0.043862042748561834,0.04353114509556978,0.04312290049416187,0.04332149727250349,0.04317841189527231,0.043657292639928874,0.04306208950872122,0.04331691337380217,0.04362939153599492,0.04336109898066437,0.04380741553510158,0.043742545600687896,0.04341142371033513,0.04333998337798891,0.043541611260747175,0.04340533570057695,0.04345605403312906,0.04364002583987298,0.0431251143506559,0.043890581449491366,0.043251669710051795,0.043592405581214515
28.7,0.04376180597641362,0.043861845873803394,0.043542515345177446,0.043127385666354316,0.04329804830274614,0.04319498062206902,0.04367053036067567,0.04304012822365749,0.04331622596092002,0.043638623027459134,0.043373737403791156,0.04381170569298949,0.043739830107655815,0.04340977738736172,0.04334108549919906,0.0435338402813669,0.04340870836219864,0.0434681994777011,0.043636681061249814,0.04313557580429767,0.043888040430218794,0.04325265834047224,0.043548070792221324
28.72,0.043769543719160295,0.0438557749140518,0.04355205013852492,0.04312381815609908,0.043279928890946937,0.04320957154261512,0.04368576597634147,0.04302326947383431,0.043316140562130685,0.04364958334696111,0.043394203966296147,0.04380764206112348,0.04373851824583928,0.04340485934370788,0.04334961412879488,0.04352344916127993,0.043411019351482255,0.043481969421383604,0.04362974533632417,0.04314818237434083,0.04388540859194435,0.04325059954538209,0.04350934175143545
28.740000000000002,0.043777793699827344,0.04385616763795623,0.043558089417165095,0.04313097728014475,0.04326642176823645,0.0432204876000559,0.04369996903588216,0.04300738371665831,0.04330657560619507,0.04365712748072295,0.04341532897001207,0.0438046960722082,0.04373876821930041,0.04339834401646757,0.04335912362507186,0.0435144652643217,0.04341553372172395,0.04348816768652062,0.04362162313055215,0.04315102206714144,0.04388414359358397,0.04324582773672692,0.04348196265352488
28.76,0.043786454690910394,0.04384854004772453,0.04356547796890601,0.04312882026936635,0.04325995061107685,0.043228064734972683,0.0437112748148437,0.042988599141178044,0.04330568138951551,0.04366639057337542,0.04343920309609982,0.04379888018281633,0.04374501065001129,0.043388018783487525,0.043372206354271546,0.04351007259094887,0.04341697822116316,0.043497434105658685,0.04361406359061963,0.04315554103356437,0.04388407341525539,0.04323415060060346,0.043455113133630444
28.78,0.04379140016629937,0.04383895995493701,0.043563716383928815,0.043127127692290504,0.04326243249281315,0.043236559686726996,0.0437222914157924,0.04297350280184983,0.04330149267437761,0.04367592788304177,0.04346635706499919,0.04379167957559871,0.043755243303921124,0.04337854602613933,0.043381042774146755,0.04350570199125959,0.04342169133157342,0.043499426595469334,0.04360533184899395,0.04316025932722651,0.04388349116969058,0.043224627503439535,0.04343319033548429
28.8,0.04379582478367511,0.04382466422546655,0.04356106097776262,0.04312632409085737,0.04326800712286052,0.043243738418033695,0.04373203853625671,0.042967197220812006,0.0433015684820892,0.04368422441508361,0.043489370818686805,0.043775954693176834,0.04375871677452376,0.04337047780515708,0.043395173609054837,0.04349785507828463,0.04342973735822659,0.0435040964577558,0.04360013637639985,0.043162871937902726,0.043882297826888524,0.04321572241525939,0.04341294057578603
28.82,0.04380103261351798,0.043817894565099186,0.04355613183300897,0.043121848872702456,0.04327917494610413,0.04325007270106871,0.04372991488426982,0.04295794494967974,0.04330267281249746,0.04369642591468689,0.04351497558739654,0.0437676914847831,0.043754926203359815,0.04336036035443154,0.04340491267766167,0.04349140184024436,0.04343458512214321,0.043511441834930914,0.04359557450426681,0.04316960065048059,0.04388040277253145,0.04320501121706867,0.04339600165806619
28.84,0.04380261853990054,0.04380959286952933,0.043550839750025445,0.04312419130405641,0.04328796010550536,0.04325210797251933,0.04372561023092914,0.04294589812686017,0.04330378022918012,0.04370316962786977,0.043539327088404065,0.043757663460181125,0.0437522318280951,0.04334930733837381,0.04341266307600388,0.04348821510123828,0.043440661343295224,0.043512522260755845,0.043599113055899585,0.043182375983008614,0.043878381542332055,0.04320157822453246,0.043380190941504256
28.86,0.04380535409233287,0.04380697880882177,0.04354488494309813,0.043123067922495956,0.04330208213718072,0.0432537038498259,0.04371337378392675,0.04292997488677367,0.04330090626510746,0.04370074556442485,0.04356234122226758,0.04374985330321192,0.04374864059083101,0.04334193421176374,0.04341885306859604,0.04348853404658883,0.04345164999333398,0.04351611072961449,0.04359898791966449,0.04319161577842052,0.04387489089321009,0.04320736473047708,0.04336815125803215
28.88,0.04380724408844292,0.043803924570267064,0.043541074110269085,0.043119103925457036,0.04332025064110809,0.04324789873781502,0.04371132277068031,0.04291904251783203,0.04329529157302743,0.0436868610357769,0.04358096884964517,0.043734539636654655,0.043737989760578605,0.04333998542757059,0.04342595802164414,0.04349233747270293,0.043457175364764775,0.04353305958989001,0.043597293223785395,0.043201018137343,0.0438710654524976,0.04321196900833247,0.043364626083914976
28.900000000000002,0.04380906115038764,0.043796746913299926,0.04354208505519472,0.04311169478865723,0.043338016708518716,0.04323779520191683,0.04370691882882954,0.04290868015574029,0.043287382105942324,0.0436734759799363,0.043601383756900855,0.0437179604709724,0.04372839477168945,0.043335501778792064,0.04343196802509838,0.043496562453679666,0.04346438206592783,0.04355415627765098,0.04359526572844382,0.04320903060598398,0.043867636956587526,0.04322750349390081,0.04335839672594894
28.92,0.04380979979647028,0.04379838681205536,0.04353645723077746,0.04311516009289631,0.04335536312745053,0.04322925438022172,0.043698087227455266,0.04289402714681122,0.04327756145016777,0.04366188711780225,0.04361919571021094,0.04370761932198158,0.04371838537098172,0.043333427006359025,0.04343848346900563,0.04350238977828433,0.0434665614799296,0.043570662285198285,0.04359658049429675,0.043216817950817575,0.043863560043698846,0.043234600604654304,0.04335573210247313
28.94,0.04381053472839907,0.043794528913494744,0.04353705457276295,0.04311923409638366,0.04337177979205141,0.04322371601110821,0.043696083070300894,0.04288026994229736,0.0432651761668713,0.0436572583869162,0.04363560011291284,0.043710260349462626,0.0437128161302671,0.043338768843647985,0.04343458211159691,0.04350904895547097,0.04346807998676505,0.04358227468482209,0.04359389518036581,0.04321670287924908,0.04385987537141434,0.043231834495834454,0.04335062521760492
28.96,0.04380967712046855,0.04379347229222845,0.04353855997121361,0.04312478808283937,0.04338333436818778,0.04322742033847585,0.04369111257237994,0.04286930784507115,0.04324901456325265,0.04366027588854569,0.04364912941076631,0.04370865989085972,0.04370755575650621,0.04334286161174138,0.04342630132106074,0.04351079340919708,0.04346884058621105,0.04359561544160012,0.043594857113619566,0.04321432401031912,0.04385495990917975,0.04322877646109632,0.04335036203517967
28.98,0.04380997688006279,0.04379440360934928,0.04353202770710446,0.043126374503668755,0.04339177985041257,0.04322661584184628,0.043688010063686035,0.042861024436183524,0.043234999322391825,0.04366407696157787,0.043662629218342026,0.04370566568715839,0.04369606683294144,0.043340639382663436,0.04341865546724437,0.04351347041205286,0.04346885674549476,0.04361351510615283,0.04359861640528154,0.04321675948119145,0.04385153656998403,0.043230026438039755,0.043354273077169624
29.0,0.04381111060880195,0.04379136724532623,0.043516998815590686,0.043121545046053734,0.04339927438196275,0.04322508941398705,0.04368081003717897,0.042851084215886216,0.04322272669552441,0.04366705910505794,0.04367587505194276,0.04370015620764338,0.04368802325917089,0.0433438178818432,0.043423810200828986,0.043516497753981705,0.04346600506275872,0.04363079816213002,0.04359702318810726,0.04322409147791929,0.04384925405637185,0.043236406555234315,0.04336117557669769
29.02,0.04381209092073563,0.043789850007612326,0.043503225671994834,0.04311976389109016,0.04340653956117654,0.04322372196825647,0.04367454918795945,0.0428396006789317,0.04320623068423958,0.043669949281572557,0.04368797201388494,0.043694605442943756,0.04367535647838974,0.04335126825830137,0.043422569764656145,0.04352762471195021,0.043461220927876604,0.04364660054015625,0.04360028154421812,0.043231533896820995,0.0438470988959002,0.0432452859971668,0.04336305967416555
29.04,0.043811654582012576,0.043787558207331136,0.04348291427174651,0.04311883202963572,0.04341673438935968,0.043222919662624905,0.043675625542293185,0.04283914542717565,0.043194099420775886,0.0436793313647048,0.04369541395947956,0.043683872577062736,0.04365957371977181,0.04334558703851275,0.04342694526407545,0.04353405176252388,0.04345625847539794,0.04365977249396157,0.04359611449855843,0.04324033347385679,0.04384378384745881,0.043260760174002946,0.043368717817677344
29.060000000000002,0.043812255719022,0.04378190690822756,0.043465669082606205,0.04311740434056676,0.04342299211170217,0.04322031636134658,0.04367897016184954,0.04284383932814817,0.04317628943562428,0.043685477733368075,0.043705571136972786,0.04367825680045091,0.04364258903638237,0.043340615503237166,0.04342891954844905,0.043545612463241,0.043457327462137436,0.0436728597253376,0.0435955593722117,0.04324051875679629,0.04384174366549877,0.04327786520091188,0.043367440145911616
29.080000000000002,0.043815193863767164,0.04377272321473391,0.04344749392647813,0.04311539925807136,0.04342688888683265,0.04322123728439237,0.043679254439197006,0.04284890166449793,0.043162322184680385,0.04368956319303388,0.04371727439516876,0.043675860486276266,0.04362109256318584,0.043330660451663866,0.043433525147097314,0.0435497402253847,0.043467359153082474,0.04368725052496282,0.04359843603899045,0.04324019051073857,0.04384225910593806,0.04329171865624584,0.04336565482558006
29.1,0.043817757295361796,0.043767808719596936,0.04343033281236821,0.043122767851149546,0.04343660338783704,0.043221877749527425,0.04368329956330237,0.042853301511785596,0.04314648055890983,0.043690068086116536,0.043725783459188615,0.04367270441391477,0.043598130106306476,0.04332155120448536,0.04344419756346494,0.043542847021375966,0.04348498496449496,0.043700326028458934,0.043598425255731856,0.0432264802209874,0.043840690958350026,0.043300158592225,0.04337342267506041
29.12,0.04381888168226189,0.043762973730534414,0.04340727898824242,0.04313754491620948,0.043442669499089745,0.04322245734441437,0.04368848094405271,0.04285730821033488,0.04313602630875624,0.043696895896466116,0.04373446696066222,0.04366940118226049,0.04357624574959158,0.04330928503720815,0.04345938725920205,0.04353892128259402,0.04349675931317537,0.04371110181664841,0.043597581180452115,0.043211245794221885,0.043834822150064186,0.04331185721052661,0.04337840754303058
29.14,0.043818397798077835,0.04376395253804286,0.04339010789485126,0.04315490048799991,0.04344339771183256,0.04322202910534262,0.043698718531886775,0.042858127597844596,0.04311785751620873,0.043699765064502016,0.043740923605251066,0.043673225204119905,0.04355498607745242,0.043300123360066015,0.04347300405568911,0.04352844494027964,0.0435092470373985,0.04371947952963904,0.043600826248479864,0.04320624388684627,0.04382090481308942,0.04332275167999106,0.04338258531510859
29.16,0.04381818617288684,0.04376302234103427,0.04338411815239243,0.0431724682771859,0.04344629181693975,0.043209246216231637,0.0437083462828411,0.04286275637947594,0.04310505112834467,0.043704162502682706,0.04374708148539745,0.043670314023817366,0.043534283800262856,0.04328957336405101,0.043478827225699346,0.04351751198780751,0.043526199931011963,0.04372552796729825,0.04360912465477416,0.0432078619186158,0.0438103413734518,0.043323642962049685,0.04338606003574753
29.18,0.04381660489546903,0.043765977935466306,0.0433804800986544,0.04318870209326774,0.04344135235175298,0.04320063111608152,0.04371579863286365,0.042866937082537145,0.043093619841695574,0.04371195894182651,0.04375134811310569,0.04366181573508807,0.04351804650941878,0.04328086775047078,0.043476882613589445,0.04351210926991358,0.04354248114051454,0.043727565675731286,0.04361826388532991,0.043209993537861154,0.04380379585235556,0.043328410623134854,0.043386356303871595
29.2,0.04381615788686683,0.043768079374348665,0.0433818575025658,0.043203754997351844,0.043437341350467965,0.04318910869284305,0.04372364017329875,0.0428647454841535,0.04308132105909319,0.043718491390143444,0.0437562666842468,0.04365563665080162,0.043501421697791816,0.04326984485882999,0.043481913205780466,0.0435032187590499,0.04355851209257197,0.04372746549525632,0.043625874556646134,0.04321698519114805,0.04380128443597839,0.04333676694415316,0.04338031151661231
29.22,0.04381408825836428,0.043769964555356006,0.04338233039894086,0.04322300456457947,0.04344412129991436,0.043182502761428404,0.043729180803813966,0.0428600348471209,0.043074648480005785,0.04372445554575377,0.04375912354546439,0.043645385368876584,0.043483771683933116,0.04327198971018317,0.043482906590227126,0.043495489513314216,0.04357009551719454,0.04372414790362393,0.04363068458410645,0.04322045301364129,0.0438004382576605,0.04334049565124669,0.04337068714525027
29.240000000000002,0.04381163639334886,0.043771142698463925,0.043380179602014096,0.04323879611156914,0.04344427511188248,0.04317551964719028,0.043733714180941345,0.04286461404868117,0.04307267771772981,0.04372677127715241,0.04375783146110986,0.04363972147824198,0.04347279216230329,0.04327998589854981,0.043482412009950906,0.04349064096757993,0.043569092595169084,0.04371869957865116,0.04363926224741905,0.04322507084590695,0.04379612082241463,0.04334416332777449,0.043364879815955625
29.26,0.04380799366375816,0.04377083252153853,0.04337547457022082,0.04324842358796669,0.04344010262337911,0.04317021338130402,0.04373648429852064,0.042868589513540376,0.04307473774115612,0.04373011278226727,0.04375013151997071,0.0436280525089614,0.04346669600056056,0.04329990622859998,0.04348939681861146,0.04349039768954648,0.043568942367130416,0.04371027006923549,0.043648011311117674,0.04322648385070772,0.043788680911514076,0.04334997254544131,0.04336009349495106
29.28,0.043804858282212755,0.04377075526843952,0.04336714783767911,0.04326355019060304,0.04343514397139092,0.04317130615265331,0.043739233688296957,0.04287274916871027,0.04307445905635007,0.04373338650778619,0.043732814354637675,0.0436099303133044,0.04346412766793163,0.043319780705564415,0.04349118001733216,0.04349169753523011,0.04356311215702226,0.04370385248323101,0.04365804147170336,0.04323659469956499,0.04377980793008885,0.043352940159538764,0.043363530380728245
29.3,0.04380294326150667,0.04377164602383735,0.04335959082247163,0.043279025902922756,0.04342796508970682,0.04317186955517099,0.04374271783608263,0.042874436362824016,0.04307745234799455,0.043737305191834545,0.04371099125444207,0.04359030258023444,0.04347459954423975,0.043340943336732766,0.04348826069005859,0.04349544900614248,0.04355167537700448,0.04369670910130296,0.04366671854515878,0.04324780559647427,0.04377162673807097,0.04335732104405656,0.04336264479172988
29.32,0.04380069378160632,0.043771971801507555,0.043353942259917025,0.043284470011242686,0.04342315616190983,0.043176143844587726,0.04374542393674825,0.04287241007010884,0.04308373399330112,0.04374045666576997,0.043697246716402245,0.04357285939648648,0.043484038253317925,0.043360051350697745,0.043483803795483195,0.04349992223175886,0.04353492979840564,0.04368990922169044,0.04367531502428146,0.0432592379858813,0.04375499135146612,0.04336075118198847,0.04337454116544098
29.34,0.04379888404007469,0.04377252526216175,0.04335200781176763,0.04328616444121723,0.04341998242407188,0.04318698736547817,0.04374816171658282,0.04287669369013169,0.043097710724226065,0.043729686335088516,0.043677339743279045,0.043561853124003604,0.04348746915337973,0.04338063934648107,0.04347708522385407,0.04350480486141436,0.04351532055304778,0.04367381539156704,0.04367927542862651,0.04327123858370092,0.04374338863627708,0.043364793965831934,0.043394172177736334
29.36,0.04379960821533644,0.04377541688152956,0.04334415305933795,0.04329415639702894,0.04341888368392878,0.04319226004312908,0.04375305671499356,0.04288519961788212,0.04311675885131239,0.04371489806348312,0.043669590242733716,0.04354873656358365,0.043489632436387655,0.04339774830584259,0.04346842973546109,0.043508027129633246,0.043507161409457706,0.04365350071052458,0.04368983484665918,0.04327200762760181,0.04372186046524318,0.043365232626712394,0.04341384637219713
29.38,0.04379986788248831,0.04377595467308585,0.04332610919032672,0.04330299383886963,0.043423955502216685,0.043196036432916356,0.04375714463955774,0.042892918197735115,0.0431316566316932,0.04370906463178417,0.043664138335120235,0.043534747411640345,0.04348535938308444,0.04340754495387706,0.043463548788280466,0.043512623981425094,0.04349544010579172,0.04364669661492149,0.043699121950289285,0.04327491904797076,0.04369601821720548,0.043371545329636156,0.04343259426008382
29.400000000000002,0.04379948959986858,0.04377754325088388,0.04331609891816131,0.04330756037447799,0.04342123120048481,0.04320254349859243,0.04376028034178312,0.042903051456723504,0.04314367180604591,0.04370142786221547,0.043659277081926615,0.04352247345496611,0.04348448726260275,0.0434145735165991,0.043460800720560376,0.0435199180168501,0.04347654340678147,0.04364217709391934,0.04370703001614571,0.04327430684444749,0.04367273557138676,0.043382305789049724,0.0434504729155276
29.42,0.04379885707037575,0.04377871593885082,0.043309132075234,0.04330946541264984,0.043420634456973556,0.043210231531161165,0.04376287300648227,0.04290511894722219,0.04315758536433423,0.04368877664119777,0.04365526473165778,0.04350981536731828,0.04348335194918514,0.04342783838099741,0.04345809147346721,0.04352464854068113,0.043456455354863775,0.04364385550000973,0.0437140028361794,0.043277778417396294,0.04365028953426593,0.04339308751608871,0.04346412995340783
29.44,0.04379797780738327,0.04377949352955608,0.043304835295970755,0.04331129235528119,0.04341822844441621,0.043213033710292885,0.04376495387158626,0.04291316377019494,0.043170581213573214,0.04368522190249941,0.043647133024890844,0.043492893567622114,0.043486995950113634,0.04343575691538247,0.04344981358438172,0.043531111340162514,0.04344447429598816,0.043645226886358406,0.04371652847422762,0.04328970223975919,0.04362016356669939,0.0434065779575652,0.0434748402960945
29.46,0.04379640062996214,0.043781417959494806,0.04330930889274529,0.043300604910584746,0.04341563289722052,0.04321031650521266,0.04376807399667385,0.04292336503450491,0.04318259972618798,0.04367778137354545,0.04363975288856764,0.0434798438747498,0.04349586470698771,0.0434395303923108,0.04344201608361131,0.04353632751435935,0.04343670959658711,0.04364026510982546,0.0437167265167213,0.04329694960928083,0.043599359724096884,0.043425918237045134,0.04348523381972418
29.48,0.04378677952436203,0.04378357434468413,0.0433124110714745,0.04328251604773878,0.04340766616717418,0.043214905255743626,0.04377132763770557,0.04294327209703225,0.04318434931005339,0.043671229931497184,0.043640475558086166,0.043468492922677855,0.04350259337989634,0.04345070156132358,0.043439789889700466,0.04354156320083726,0.043426452292878254,0.04363391944632561,0.04370936766268662,0.04330995709866176,0.04357561197797445,0.043443033345829725,0.04350001027565623
29.5,0.0437764563926525,0.04378522781915215,0.0433099067399445,0.04326506960691865,0.04339545959826151,0.043216657254747305,0.04376696346488577,0.042961841531320544,0.043190003076761824,0.0436670895517106,0.0436448126695028,0.04345417276670348,0.04351424198886853,0.04345668599797237,0.04343559361314096,0.04354668692041907,0.04342254406534991,0.043623846947617506,0.04371103675999081,0.043331957169377155,0.04355070815130883,0.04346003677218316,0.04351300114120994
29.52,0.0437626304653714,0.04378785273169107,0.043306873100870856,0.04325101417707337,0.04338332320533756,0.043217053782124024,0.04376625750245586,0.0429742821707697,0.043202328236158084,0.0436670977040562,0.04365034561262202,0.04344275210377852,0.04352140048796576,0.0434670503156205,0.04343084830896463,0.04356002092338307,0.0434139380043308,0.04361630797569878,0.04371354124838229,0.043349253987247885,0.043524241162158,0.04346987753865834,0.04352170925528118
29.54,0.04375328715286607,0.04379115460532488,0.0433108119220003,0.04323859476429462,0.04337136100142269,0.04321293174920993,0.0437701842355672,0.042985277690570374,0.04321341814318891,0.043667209755218234,0.04366240500630253,0.04343118482605427,0.04351970541581334,0.04348115473275424,0.04342905768789214,0.04357048424904733,0.04340527928789583,0.04361021065309252,0.04371500483134471,0.043357558976038824,0.04350242579398121,0.04347518310762789,0.043526114412491865
29.560000000000002,0.04374786841688649,0.0437923462609594,0.0433161175670397,0.043229879379945754,0.04336107282687746,0.043207551849319764,0.04377093553352192,0.04300138981857573,0.04322845841646122,0.04367393367729049,0.04366753557937019,0.04341618425318344,0.04351505382055126,0.04349770565869992,0.04342594575197073,0.043573871959673285,0.043392550630669685,0.04360831078874974,0.04371881955245514,0.04337571653962839,0.04347454511297649,0.04347958013722164,0.04352462646797214
29.580000000000002,0.043743564993397356,0.04379591741297208,0.043317576463376146,0.0432244934179102,0.04335154116967893,0.04320715915376399,0.043776266222402355,0.0430164298162025,0.04323937331123704,0.043682887802407075,0.043681363692356645,0.04339889607422033,0.04351069866101335,0.04350637335244068,0.0434243110812994,0.04356975594426567,0.043377240625033266,0.04360700760764425,0.04372075203396652,0.04338892409475123,0.04344802933435912,0.04348374600876898,0.04352769172653301
29.6,0.04373531101841014,0.043798498000501236,0.043322317965460384,0.04321655457589282,0.04334058030691727,0.04321027380258984,0.04378046203484557,0.04303168993674427,0.04325263649153778,0.04369017720856074,0.04369232186645358,0.043392462117054297,0.0435048511114925,0.04352245976833135,0.04341303769209679,0.04357006698958024,0.043355912428687624,0.043607417291923085,0.043729510821865464,0.04339195123405158,0.04342408914535093,0.04348374924306797,0.043533668948584514
29.62,0.04373096009251406,0.043802081602392365,0.04333036354830147,0.043212791591993024,0.0433354765943193,0.04321851414927684,0.0437775212712618,0.043040705155895385,0.04326352726642063,0.04369973373732083,0.043702345564871146,0.043392332054883236,0.043503591004037334,0.04352703060719899,0.04339966491013045,0.04356820647656828,0.043326356613420075,0.043602566997020406,0.043738763051886335,0.04339914249130144,0.043404016947968416,0.043481949091734154,0.04354235917928393
29.64,0.043725765201100476,0.043806186243202226,0.04333906547043061,0.043211932155658994,0.04332714233651694,0.043226653857746426,0.04378347312312939,0.04304623720744598,0.04327687506798682,0.04370791509095928,0.04371464374183421,0.0433967872515001,0.0435094741030499,0.043531388524519696,0.04338185118212545,0.04355997047669432,0.04329710527518842,0.04360078615131854,0.043748069451715645,0.04339762321291249,0.043386835435681434,0.04346873393199439,0.043555485507288376
29.66,0.04372040891266603,0.04381081798911566,0.04334115355093128,0.04321198158715062,0.04333436126932664,0.043237127573588746,0.043789613304169944,0.0430523623140466,0.043288291494303084,0.04371544891246321,0.04372679424913657,0.043401609201556696,0.04351700634105576,0.04354209475292999,0.04336616804735765,0.0435472420687829,0.04327015109693041,0.043598086687466966,0.04374977942180003,0.043390080404953645,0.04336786507911824,0.043462895275149536,0.043558660465999925
29.68,0.04371145492663874,0.0438161676188256,0.04333576558491454,0.04322153722663085,0.043339920071490415,0.04325125774304303,0.04379670407381409,0.043062311169732435,0.04329376494269191,0.043722456390946525,0.04373904316027767,0.043407454509261,0.043525185371142645,0.04354769806370172,0.04335138970187491,0.04353863065609116,0.04324789074548236,0.043593356582304316,0.043748795886105356,0.043385816489368255,0.04334627194985984,0.04345626915316077,0.04356085798264187
29.7,0.043704043471009056,0.043820326990551633,0.04333237479527515,0.04323165006480518,0.04334203465950675,0.043265303022894726,0.043802461924737,0.04307163963388249,0.04328552826437107,0.0437248859728088,0.043749536519079854,0.04341980425309097,0.043530716322289664,0.04355836058396871,0.043343409057734344,0.0435361913441078,0.043234352195048655,0.04359097376480784,0.04374403760380264,0.04338179384797203,0.043324932053601335,0.04345336380538404,0.043552279849270195
29.72,0.04369453585462436,0.043824823401639686,0.0433249309117274,0.043238319252720536,0.04333983425086728,0.043278213116993966,0.04380842528306938,0.043082879324040535,0.04328103183127602,0.0437298784094924,0.043751762409103404,0.04342865006936268,0.04353185099009131,0.04357023941748898,0.04333230681835635,0.04353258694527079,0.04322034126095676,0.043592478745151715,0.04373506185551558,0.04338030025120656,0.043313517883080944,0.0434561957693138,0.04355183594864954
29.740000000000002,0.043680930484477125,0.0438303609255096,0.043322923550869384,0.0432407025780087,0.04333352721251876,0.04329007661555178,0.043815308814981364,0.04310898437734616,0.043275872098896224,0.043727404586581885,0.0437443863614511,0.04344100071545903,0.04352918900989667,0.04358191659096107,0.04332861667179433,0.043532985301405556,0.04320760995250808,0.04359132183292546,0.04372720482204158,0.04337721790810814,0.04330811492652987,0.043456691291139826,0.04354765337103816
29.76,0.04366586247335363,0.043833842687384716,0.04332681260994898,0.04324420929732629,0.04332595699224072,0.04329961748311311,0.04382002660510925,0.043132319109515496,0.043278917224224486,0.04372159062770732,0.04373163774770665,0.04345613439416418,0.04352793269699783,0.04358939534573307,0.043327056234443544,0.043533612225687,0.043200952530840046,0.04359003912345908,0.04372043935952292,0.04337363063160904,0.04330399379099082,0.04345653940084441,0.04353948140807748
29.78,0.04365644050913747,0.04383744302537886,0.043333407678310974,0.043254348187302956,0.0433138591220176,0.04330626743107946,0.04382006862163211,0.04314576283065261,0.04328894610356246,0.0437206387634477,0.0437151864900419,0.043472096795392295,0.04352586132929226,0.04360269767870757,0.043322328610885696,0.04353356100428362,0.04318958244216434,0.043585369933545656,0.043721299389194564,0.04336853086080728,0.04329574584541913,0.04345710898997218,0.04353344835777139
29.8,0.043645618148691334,0.04384134022819467,0.04334367698040566,0.0432638294958559,0.04329931192742293,0.04331955064770807,0.04381446386493679,0.043152134605446375,0.04330439884601266,0.04372336859602603,0.04370485328158854,0.04349512294011892,0.043525645850977936,0.04361192379768382,0.043309636566263854,0.04353536629499274,0.043176188427245285,0.043583765531833116,0.04371907425156123,0.04336140588559243,0.043283934945705885,0.04345516866212961,0.043530220223606336
29.82,0.043629817639558255,0.04384422483628357,0.043363539233888394,0.043279815592750355,0.04328700943226347,0.04333442000679624,0.04381035246865304,0.043160754746312736,0.04331498900539123,0.04372541256995176,0.04369057760193307,0.043517856690059746,0.04352842818182652,0.04361473095128254,0.04329188483469915,0.04353842422834967,0.043160225236744225,0.04358296059444164,0.043714990485704555,0.04335277266697372,0.043275551816529284,0.04344846086901641,0.043532800310590467
29.84,0.04362269700493553,0.04384641649470204,0.043377443448849556,0.04328982083573455,0.043278624468361324,0.04335246373287691,0.04379866262280829,0.04316970101204195,0.043323470149331994,0.04372071342646069,0.04368205209294615,0.043531012441607314,0.04353542723582367,0.0436166691378057,0.043282527061082834,0.04354122862729569,0.04314744299914667,0.04358179460827266,0.04371929482162846,0.04334245809871656,0.04326265374538526,0.04344689246497663,0.04353053346920949
29.86,0.04362449320012517,0.0438419055905354,0.04339788467358014,0.04330686383335555,0.04327462984054717,0.04337581826283566,0.04378864690973659,0.0431709283918162,0.0433322748367728,0.043707117290298046,0.04367057475715359,0.04353932906752845,0.04354578726677872,0.04361385549750543,0.04328298539891966,0.0435479100738398,0.043137103104559225,0.04358431628703207,0.0437152269465511,0.04332591626914262,0.04325557157847299,0.043437290796776926,0.043523570126136564
29.88,0.043629434580042085,0.0438387982763968,0.04341858731296234,0.043317367385201484,0.043272321658493006,0.04339579933254867,0.04378051028069405,0.04317011710666129,0.04334484062035966,0.043686393124631545,0.04365806765793265,0.04354556811202571,0.04355636898763972,0.04360691746643561,0.04328176667678803,0.04355434548199797,0.04312609341143619,0.04358620309052722,0.04371185980532856,0.043320820860894026,0.04324911354367796,0.043435168624173355,0.043513536603152256
29.900000000000002,0.04362867229865766,0.04383678091932887,0.043434852240276774,0.043324379064213374,0.043272723218245684,0.04341468066968638,0.04377458878932581,0.04316879000760291,0.0433588631310168,0.04367089789129153,0.04364960186669232,0.04355098701447626,0.04356237348599411,0.0436020721844646,0.043287689305255506,0.0435573065925629,0.04311475847849064,0.04359135504644985,0.04369858347561646,0.04332177352951157,0.043246672517958135,0.0434267916882418,0.043504806584640114
29.92,0.04362458452720791,0.04383922682151852,0.04345504417635716,0.04331604004930624,0.04327624626640309,0.04343479646349441,0.043767890959136364,0.043168461860999804,0.04336896378837176,0.0436558592626967,0.04363873250144646,0.04356112077816164,0.043566738560896635,0.04358884697137174,0.04329343282845576,0.043568553854031335,0.04310440764552627,0.04359474587456228,0.04368472227202245,0.0433187094634327,0.043242371275714835,0.04342555445234881,0.04350494934653708
29.94,0.043616076604768794,0.04384153395834886,0.043472784647992556,0.04331279901921762,0.04327798996534722,0.043449733211844054,0.04376578027496949,0.04316780905127637,0.043384365729466606,0.043644874874747004,0.043622442460010756,0.04357972201678257,0.04357037717152525,0.0435779518961753,0.04330116541465945,0.04357682605483307,0.04310002097211076,0.04359106751400834,0.0436751862842738,0.043320739297656584,0.04323092115985798,0.04342212922609833,0.043497703194029014
29.96,0.043607015585195225,0.043846404116890524,0.04348984877908023,0.043314781775411725,0.04327333544404751,0.04346131329414416,0.0437628843736546,0.04316807519841112,0.04339231363668771,0.043640771038116526,0.04360151803347176,0.043589254634101626,0.043581185481537534,0.04356908275253671,0.04331080020378946,0.04358611791585636,0.04309536784881905,0.043583592806619095,0.043668374017336975,0.043322479934971944,0.04322190675745433,0.04341736136302236,0.04349621500884345
29.98,0.043605555753930235,0.04385033292114577,0.04351060459222417,0.043319397537258233,0.043268212380798435,0.04346810409951723,0.0437569159170929,0.043169906953459077,0.04339718686978287,0.0436401294149628,0.043578070150461334,0.043605078513305404,0.04359762772099143,0.04356203110793513,0.04331248733903535,0.04359045255889901,0.04309249641942515,0.04358179172819033,0.043655743124551116,0.04332337601214643,0.04320710550083618,0.04341516820547421,0.043492225178577315
30.0,0.04360608142606298,0.043854163097570016,0.043530159774255256,0.0433219742647448,0.043259938626714664,0.04346592106855067,0.043752919942532505,0.0431659665685815,0.04340913199536331,0.043640798480759475,0.04354862598297538,0.043621331953107606,0.043616787329526265,0.04356309505790759,0.04331641847886005,0.04359853293227731,0.043090927749200585,0.043578829824662726,0.04364112577626454,0.043317358906585085,0.04319406129573559,0.04341805350781131,0.04348779595995092
