k,cycle_closure_error,gauge_to_shift_error,gauge_phase_commutator_error,dressed_weyl_relation_error,total_traversal_phase,trial,seed
2,9.740555302989509e-18,9.740555302989509e-18,0.0,2.498001805406602e-16,0.0,0,2701209260
2,1.662786919290152e-17,1.662786919290152e-17,0.0,2.220446049250313e-16,0.0,1,4010656306
2,1.2318634402498117e-17,1.2318634402498117e-17,0.0,3.1401849173675503e-16,0.0,2,3295050567
2,3.204246043606132e-17,3.204246043606132e-17,0.0,3.1401849173675503e-16,0.0,3,1362969142
2,3.8347369892990866e-17,3.8347369892990866e-17,0.0,3.1401849173675503e-16,0.0,4,1441632273
2,3.8163497347076983e-17,3.8163497347076983e-17,0.0,3.1401849173675503e-16,0.0,5,1015070325
2,2.2711524546153896e-18,2.2711524546153896e-18,0.0,2.498001805406602e-16,0.0,6,3400989060
2,1.5779733497260166e-16,1.5779733497260166e-16,0.0,3.1401849173675503e-16,0.0,7,1984107115
2,1.5712542691846006e-16,1.5712542691846006e-16,0.0,2.498001805406602e-16,0.0,8,3511629855
2,3.810023809253185e-18,3.810023809253185e-18,0.0,3.1401849173675503e-16,0.0,9,3590493348
2,2.9150714547828026e-17,2.9150714547828026e-17,0.0,3.1401849173675503e-16,0.0,10,3771438344
2,1.571010530911626e-16,1.571010530911626e-16,0.0,2.220446049250313e-16,0.0,11,552255834
2,2.9176120954098273e-18,2.9176120954098273e-18,0.0,2.498001805406602e-16,0.0,12,1615594164
2,5.932532022533712e-18,5.932532022533712e-18,0.0,2.498001805406602e-16,0.0,13,2361778436
2,9.931513472360297e-19,9.931513472360297e-19,0.0,2.220446049250313e-16,0.0,14,2075556818
2,3.835202395232124e-18,3.835202395232124e-18,0.0,2.498001805406602e-16,0.0,15,1735206745
2,3.1216486019663805e-18,3.1216486019663805e-18,0.0,2.498001805406602e-16,0.0,16,3039935012
2,2.2633469114261366e-17,2.2633469114261366e-17,0.0,2.220446049250313e-16,0.0,17,1245093684
2,3.1574178765404325e-20,3.1574178765404325e-20,0.0,2.4492127076447545e-16,0.0,18,3167400704
2,3.5849363741322934e-17,3.5849363741322934e-17,0.0,2.220446049250313e-16,0.0,19,3384311038
2,1.588934200314557e-16,1.588934200314557e-16,0.0,2.220446049250313e-16,0.0,20,4071307470
2,3.3044939266516675e-17,3.3044939266516675e-17,0.0,3.1401849173675503e-16,0.0,21,595856757
2,1.55266951712074e-17,1.55266951712074e-17,0.0,3.1401849173675503e-16,0.0,22,2579004220
2,1.5890425427992397e-16,1.5890425427992397e-16,0.0,3.1401849173675503e-16,0.0,23,4838412
2,1.395320854704456e-17,1.395320854704456e-17,0.0,3.1401849173675503e-16,0.0,24,4252815233
2,5.917547012782852e-18,5.917547012782852e-18,0.0,2.220446049250313e-16,0.0,25,3386860298
2,1.5934613726446176e-16,1.5934613726446176e-16,0.0,3.1401849173675503e-16,0.0,26,2764302327
2,1.5807483808111963e-16,1.5807483808111963e-16,0.0,2.220446049250313e-16,0.0,27,4022158671
2,4.841244074172121e-20,4.841244074172121e-20,0.0,2.445960101127298e-16,0.0,28,2392854551
2,2.978520644380005e-17,2.978520644380005e-17,0.0,2.220446049250313e-16,0.0,29,1310660778
2,3.8110986235851986e-18,3.8110986235851986e-18,0.0,2.220446049250313e-16,0.0,30,149775536
2,1.5707016398897166e-16,1.5707016398897166e-16,0.0,2.220446049250313e-16,0.0,31,2978882145
2,3.157234899425222e-16,3.157234899425222e-16,0.0,3.1401849173675503e-16,0.0,32,2831306301
2,9.164665233065566e-19,9.164665233065566e-19,0.0,3.1401849173675503e-16,0.0,33,3473554662
2,3.914488059701323e-17,3.914488059701323e-17,0.0,3.1401849173675503e-16,0.0,34,1061183079
2,1.5707639398338003e-16,1.5707639398338003e-16,0.0,2.220446049250313e-16,0.0,35,3335642836
2,3.0634476542191875e-18,3.0634476542191875e-18,0.0,2.220446049250313e-16,0.0,36,2053685409
2,5.8928465467174795e-18,5.8928465467174795e-18,0.0,2.498001805406602e-16,0.0,37,1884702339
2,1.1808514455489616e-17,1.1808514455489616e-17,0.0,2.220446049250313e-16,0.0,38,4073630591
2,3.473368444402388e-17,3.473368444402388e-17,0.0,3.1401849173675503e-16,0.0,39,2251709218
2,2.430559686295145e-17,2.430559686295145e-17,0.0,3.1401849173675503e-16,0.0,40,3977441032
2,1.9363175969670413e-17,1.9363175969670413e-17,0.0,2.220446049250313e-16,0.0,41,1231427289
2,3.604671108127867e-18,3.604671108127867e-18,0.0,2.498001805406602e-16,0.0,42,826730487
2,2.1352610835153666e-17,2.1352610835153666e-17,0.0,2.220446049250313e-16,0.0,43,2794730940
2,1.6330069969389274e-17,1.6330069969389274e-17,0.0,3.1401849173675503e-16,0.0,44,3245354519
2,1.3964702564909503e-17,1.3964702564909503e-17,0.0,2.220446049250313e-16,0.0,45,511242436
2,1.7061591012194821e-18,1.7061591012194821e-18,0.0,2.220446049250313e-16,0.0,46,755938515
2,1.571211617359568e-16,1.571211617359568e-16,0.0,3.1401849173675503e-16,0.0,47,2725090907
2,2.1489917294433165e-19,2.1489917294433165e-19,0.0,3.1401849173675503e-16,0.0,48,2458104443
2,1.588464709339863e-16,1.588464709339863e-16,0.0,2.220446049250313e-16,0.0,49,1142885720
2,1.5811945924226892e-16,1.5811945924226892e-16,0.0,3.1401849173675503e-16,0.0,50,2838763935
2,1.57045763359667e-16,1.57045763359667e-16,0.0,2.220446049250313e-16,0.0,51,3978754311
2,1.5701217445639944e-16,1.5701217445639944e-16,0.0,2.498001805406602e-16,0.0,52,2182218066
2,3.34623147673698e-17,3.34623147673698e-17,0.0,2.220446049250313e-16,0.0,53,2622486756
2,3.4070658799703534e-17,3.4070658799703534e-17,0.0,2.220446049250313e-16,0.0,54,1193251648
2,1.2699623019736996e-17,1.2699623019736996e-17,0.0,3.1401849173675503e-16,0.0,55,1160800593
2,1.5810949325237667e-16,1.5810949325237667e-16,0.0,2.220446049250313e-16,0.0,56,3240531131
2,1.5838070611042972e-16,1.5838070611042972e-16,0.0,3.1401849173675503e-16,0.0,57,3620219805
2,2.921523495553755e-17,2.921523495553755e-17,0.0,3.1401849173675503e-16,0.0,58,1163353233
2,2.778517863160882e-17,2.778517863160882e-17,0.0,2.220446049250313e-16,0.0,59,477979371
2,1.0769726868347985e-18,1.0769726868347985e-18,0.0,2.220446049250313e-16,0.0,60,887064005
2,1.5601761487273667e-17,1.5601761487273667e-17,0.0,2.220446049250313e-16,0.0,61,1627691661
2,3.307563420252805e-17,3.307563420252805e-17,0.0,3.1401849173675503e-16,0.0,62,2031335522
2,9.557377546507872e-18,9.557377546507872e-18,0.0,2.498001805406602e-16,0.0,63,3117965434
2,1.61528449051016e-16,1.61528449051016e-16,0.0,2.220446049250313e-16,0.0,64,3962312576
2,3.5929261074411e-17,3.5929261074411e-17,0.0,2.220446049250313e-16,0.0,65,1619762751
2,2.905452817030161e-17,2.905452817030161e-17,0.0,2.220446049250313e-16,0.0,66,2175293617
2,2.7108316301936065e-17,2.7108316301936065e-17,0.0,2.220446049250313e-16,0.0,67,827611460
2,5.737374085185066e-18,5.737374085185066e-18,0.0,2.220446049250313e-16,0.0,68,320210288
2,1.5195279148240036e-17,1.5195279148240036e-17,0.0,2.220446049250313e-16,0.0,69,2595991422
2,4.520456813149119e-19,4.520456813149119e-19,0.0,2.42861286636753e-16,0.0,70,1267242283
2,2.0722348017843798e-19,2.0722348017843798e-19,0.0,2.220446049250313e-16,0.0,71,1651467199
2,3.5095297553212386e-17,3.5095297553212386e-17,0.0,2.220446049250313e-16,0.0,72,3136462706
2,1.5702466383526308e-16,1.5702466383526308e-16,0.0,3.1401849173675503e-16,0.0,73,3829432034
2,8.916149161805253e-19,8.916149161805253e-19,0.0,2.463307335887066e-16,0.0,74,1703473509
2,3.7021205444139565e-18,3.7021205444139565e-18,0.0,2.220446049250313e-16,0.0,75,863095815
2,3.341503046523251e-17,3.341503046523251e-17,0.0,3.1401849173675503e-16,0.0,76,1704518597
2,1.4347152059292584e-17,1.4347152059292584e-17,0.0,3.1401849173675503e-16,0.0,77,1417259041
2,3.904790897627531e-18,3.904790897627531e-18,0.0,3.1401849173675503e-16,0.0,78,1447551123
2,1.9334167630947918e-17,1.9334167630947918e-17,0.0,2.220446049250313e-16,0.0,79,4158935233
2,1.420836099400548e-17,1.420836099400548e-17,0.0,2.220446049250313e-16,0.0,80,539260559
2,1.89373129914201e-17,1.89373129914201e-17,0.0,2.220446049250313e-16,0.0,81,1460520539
2,3.2820099034599195e-17,3.2820099034599195e-17,0.0,2.220446049250313e-16,0.0,82,491271919
2,1.6080026013513394e-16,1.6080026013513394e-16,0.0,2.220446049250313e-16,0.0,83,1754324778
2,2.78865232147884e-17,2.78865232147884e-17,0.0,2.220446049250313e-16,0.0,84,4134637050
2,3.317592328767933e-17,3.317592328767933e-17,0.0,2.220446049250313e-16,0.0,85,208812177
2,1.6027088514780535e-16,1.6027088514780535e-16,0.0,3.1401849173675503e-16,0.0,86,3989792231
2,1.4872088614682968e-17,1.4872088614682968e-17,0.0,3.1401849173675503e-16,0.0,87,1181642272
2,1.570371059076371e-16,1.570371059076371e-16,0.0,2.498001805406602e-16,0.0,88,1692962863
2,1.2244417270021207e-17,1.2244417270021207e-17,0.0,3.1401849173675503e-16,0.0,89,3585308551
2,7.318978997758615e-18,7.318978997758615e-18,0.0,2.220446049250313e-16,0.0,90,634254102
2,8.295698298801238e-18,8.295698298801238e-18,0.0,2.498001805406602e-16,0.0,91,2389077620
2,3.540428987524027e-17,3.540428987524027e-17,0.0,2.220446049250313e-16,0.0,92,1714716251
2,1.412117843102383e-17,1.412117843102383e-17,0.0,3.1401849173675503e-16,0.0,93,1281181288
2,1.5704642550931272e-16,1.5704642550931272e-16,0.0,3.1401849173675503e-16,0.0,94,3705127845
2,1.5751373061647027e-17,1.5751373061647027e-17,0.0,2.220446049250313e-16,0.0,95,3811960534
2,3.702573298786847e-18,3.702573298786847e-18,0.0,3.1401849173675503e-16,0.0,96,3161282016
2,5.019527860925989e-18,5.019527860925989e-18,0.0,2.498001805406602e-16,0.0,97,2886767331
2,1.577882596308667e-16,1.577882596308667e-16,0.0,2.220446049250313e-16,0.0,98,1883210858
2,2.368274202741014e-19,2.368274202741014e-19,0.0,2.445960101127298e-16,0.0,99,2189570249
3,1.169401175806099e-16,3.0131672746070716e-17,1.1102230246251565e-16,6.497413668604471e-16,0.0,0,3873621027
3,5.808785753470069e-17,3.7697993563905776e-17,0.0,8.15843973306311e-16,0.0,1,3530999910
3,2.258823787381344e-16,3.1522590225201353e-16,2.7755575615628914e-17,6.497413668604471e-16,0.0,2,441869283
3,1.9580443004299656e-16,1.6239554841645906e-16,0.0,7.195067539997724e-16,0.0,3,3013387983
3,2.7171366540419443e-18,1.1116096288113732e-16,1.1102230246251565e-16,7.0521150011141625e-16,0.0,4,112995906
3,2.400522879235722e-16,2.8173544825903606e-17,0.0,7.235439911526185e-16,0.0,5,3556670352
3,2.7127212345519334e-16,2.6106076498462077e-16,5.551115123125783e-17,6.664589960562512e-16,0.0,6,3185253825
3,2.242416038490498e-16,2.24256542037439e-16,0.0,7.928578270080922e-16,0.0,7,271864569
3,4.168277891703883e-17,2.1725029792188217e-17,5.551115123125783e-17,6.004449063730082e-16,0.0,8,2334584668
3,3.9460739712173996e-16,2.292295879384406e-16,5.204170427930421e-18,6.620737537031165e-16,0.0,9,2738439918
3,4.238746640543368e-17,2.1463725849667163e-17,2.7755575615628914e-17,6.753223014464259e-16,0.0,10,507438815
3,4.932392349280117e-16,2.421348310339383e-16,1.1443916996305594e-16,6.497413668604471e-16,0.0,11,867718732
3,3.0922028621455673e-17,2.636064291972104e-17,0.0,7.447602459741819e-16,0.0,12,3584055551
3,2.326472563472237e-16,3.160828812439552e-16,0.0,6.50667003946661e-16,0.0,13,984006226
3,4.434891861956935e-17,1.1637777057651522e-16,1.1102230246251565e-16,6.4796043696850615e-16,0.0,14,2493106884
3,2.860209552988336e-16,2.277251533490141e-16,5.551115123125783e-17,6.004449063730082e-16,0.0,15,3285363519
3,1.9784686070585578e-16,2.753783334581811e-16,6.206335383118183e-17,7.28021923224409e-16,0.0,16,758620442
3,1.8334073634160948e-16,4.86689236781643e-17,5.551115123125783e-17,7.452772611325793e-16,0.0,17,400871049
3,7.721107771656606e-17,1.1328124048684032e-16,1.3877787807814457e-17,7.136273716335401e-16,0.0,18,900715638
3,1.1585088783730436e-16,3.614134613903054e-17,4.163336342344337e-17,6.805778071794071e-16,0.0,19,3890101245
3,4.34456052068381e-17,1.1387583521104341e-16,1.1102230246251565e-16,6.106226635438361e-16,0.0,20,1983570171
3,9.183329481897123e-17,1.2010194373253843e-16,0.0,7.043575467574348e-16,0.0,21,1322695562
3,3.5395304938960045e-17,3.607448536691365e-17,1.1102230246251565e-16,6.661338147750939e-16,0.0,22,2667427441
3,1.7176859861571907e-16,1.6915912561968377e-16,1.1102230246251565e-16,7.165898906782364e-16,0.0,23,1832327154
3,1.3005514801692753e-16,1.2318528077161068e-16,5.551115123125783e-17,7.369614944603283e-16,0.0,24,3137029323
3,1.581713438961427e-16,1.118593136739179e-16,5.551115123125783e-17,6.707796830983091e-16,0.0,25,1692989419
3,4.003273608151764e-16,3.1443949395726027e-16,6.938893903907228e-18,6.866350197783356e-16,0.0,26,2071616435
3,5.080296083646901e-17,3.739773597694505e-17,1.1188630228279524e-16,6.473657049138938e-16,0.0,27,3636715418
3,1.3380616081266256e-17,5.955325288371422e-18,1.1102230246251565e-16,7.248404575000198e-16,0.0,28,1132717674
3,9.986573504008782e-18,1.244940186465452e-17,4.85722573273506e-17,5.688200336284365e-16,0.0,29,3735761123
3,1.659499531815797e-17,1.12283932644599e-16,0.0,6.23193825493439e-16,0.0,30,3290600132
3,9.300637323180459e-18,7.798422900800898e-18,5.551115123125783e-17,6.568167990716596e-16,0.0,31,2455798582
3,1.1885608838452379e-16,3.729374129922876e-17,0.0,6.4796043696850615e-16,0.0,32,1021026458
3,1.1346075532736035e-16,1.120209486392705e-17,1.2412670766236366e-16,7.114312260401321e-16,0.0,33,2732606025
3,7.57172135375134e-17,1.240549524906654e-16,1.2412670766236366e-16,7.28021923224409e-16,0.0,34,1888372311
3,1.6911793283449754e-16,1.0446543290404338e-17,0.0,7.109657874796666e-16,0.0,35,75399239
3,5.0786783708216276e-17,3.064024161299291e-17,0.0,6.131407058289218e-16,0.0,36,1935139261
3,3.169754890473394e-16,3.156773271512403e-16,0.0,5.555016879717332e-16,0.0,37,1233750903
3,4.8713084526748223e-17,1.3793213017605767e-17,0.0,7.135936359693696e-16,0.0,38,1772465993
3,1.773596900785808e-16,1.7524448184858368e-16,0.0,6.348993127734889e-16,0.0,39,1717265319
3,1.6761126705477725e-16,1.6759689936299338e-16,0.0,6.497413668604471e-16,0.0,40,2146653085
3,3.598591238475231e-17,4.041084550999839e-17,1.1102230246251565e-16,6.764620867324401e-16,0.0,41,93312174
3,1.1454309347965191e-16,1.5884097746314617e-16,2.0816681711721685e-17,6.336847744776094e-16,0.0,42,1260439400
3,2.225409485264533e-16,3.142109546392509e-16,1.1102230246251565e-16,6.628005886499562e-16,0.0,43,1558851828
3,1.3790788783608575e-16,2.3837694725221115e-16,7.850462293418876e-17,6.568167990716596e-16,0.0,44,780352392
3,2.1089788135310392e-16,1.161306450310475e-16,1.1102230246251565e-16,6.482947339859429e-16,0.0,45,641214672
3,1.2351572458273374e-16,1.1986649637514988e-16,1.1102230246251565e-16,6.463236069784172e-16,0.0,46,2432161751
3,1.1879748805142887e-16,1.6219009558292676e-16,0.0,6.64260933159002e-16,0.0,47,1890709704
3,4.6014653055536645e-17,1.4983876967738337e-17,5.551115123125783e-17,7.108895957933346e-16,0.0,48,510330106
3,1.8409886705955547e-16,1.7694472559676665e-16,0.0,6.77599954797753e-16,0.0,49,4141968914
3,1.251463414319516e-16,1.3000288771211963e-16,0.0,6.758924343478424e-16,0.0,50,3327157337
3,6.392162520635284e-17,3.4643792596952394e-17,1.1102230246251565e-16,6.568167990716596e-16,0.0,51,1672941513
3,2.4964438047558753e-16,1.5763741210907843e-16,0.0,6.435239593767006e-16,0.0,52,1061760564
3,1.602797096261487e-16,1.5703395176117424e-16,0.0,6.843874359417885e-16,0.0,53,1264253485
3,2.6879351455574867e-17,3.0980166204768596e-17,5.551115123125783e-17,7.195067539997724e-16,0.0,54,604651621
3,7.215704814967758e-17,2.44869636751539e-17,7.850462293418876e-17,6.591583993652515e-16,0.0,55,2075757219
3,1.591249528139761e-16,1.5796990830361926e-16,0.0,6.206335383118183e-16,0.0,56,4013531015
3,1.0665626596554095e-16,9.32844531936321e-17,1.1102230246251565e-16,5.978733960281817e-16,0.0,57,3186342738
3,1.4969073895498776e-16,1.298451806452088e-16,6.206335383118183e-17,7.195067539997724e-16,0.0,58,3980396866
3,7.470838188277573e-17,7.204599214600635e-17,0.0,6.473657049138938e-16,0.0,59,827220608
3,3.536465763107583e-17,1.1470352858218648e-16,0.0,5.933464366067994e-16,0.0,60,635678682
3,1.4557542480579684e-16,2.432168964108071e-17,4.163336342344337e-17,6.4018582627671775e-16,0.0,61,362142950
3,1.678528876431921e-16,1.682656704361188e-16,1.1102230246251565e-16,6.106226635438361e-16,0.0,62,2593680670
3,3.8586373341162564e-17,2.7189231345141008e-17,0.0,6.280369834735101e-16,0.0,63,3268092669
3,9.690143659319063e-17,5.414262546857351e-17,1.734723475976807e-17,6.521083742145178e-16,0.0,64,860542932
3,1.6874731499408714e-16,1.2440778868929248e-16,4.163336342344337e-17,6.497413668604471e-16,0.0,65,3623610612
3,1.7197236819307537e-16,1.5835482881398317e-16,1.5700924586837752e-16,6.753223014464259e-16,0.0,66,3797685218
3,2.5314389713421683e-16,2.041884007298844e-16,0.0,7.032629733738598e-16,0.0,67,3187596591
3,3.8724439269215395e-16,2.2372929789062915e-16,1.1102230246251565e-16,6.661338147750939e-16,0.0,68,679674186
3,2.159452204044855e-16,1.4676398100190195e-16,0.0,7.027150473277823e-16,0.0,69,8060084
3,1.9872864454974203e-16,2.063936873559716e-16,0.0,6.131407058289218e-16,0.0,70,3468036496
3,2.7429336311481877e-17,5.434276713396309e-18,5.551115123125783e-17,6.921399933463466e-16,0.0,71,4019151252
3,1.6812521525198133e-16,1.6334889612858675e-16,1.1102230246251565e-16,7.200419022730857e-16,0.0,72,3209042080
3,5.529806064149061e-16,3.654192036245036e-16,0.0,5.292243023166206e-16,0.0,73,832689434
3,4.8784876725457436e-17,2.2671038295034907e-16,0.0,7.195067539997724e-16,0.0,74,2222535328
3,2.123373972995478e-16,1.644295078722229e-16,2.7755575615628914e-17,7.28021923224409e-16,0.0,75,2533690754
3,1.1561366818561633e-17,1.151881535649199e-16,2.7755575615628914e-17,6.280369834735101e-16,0.0,76,4170335412
3,1.4050052584005302e-16,1.0345101665494443e-16,0.0,6.526987848146008e-16,0.0,77,942113276
3,1.2892410995705213e-16,1.2081311154079443e-16,1.3877787807814457e-17,7.301351988545593e-16,0.0,78,1287946395
3,1.157812046143927e-16,1.6034475452920415e-16,0.0,7.130536482749599e-16,0.0,79,809884500
3,2.2623267601378787e-16,2.260779103467021e-16,1.1443916996305594e-16,7.200419022730857e-16,0.0,80,3281473655
3,2.231864110073288e-16,5.948894137800537e-18,0.0,6.421383037113634e-16,0.0,81,4033680847
3,2.30542869296116e-16,2.790801070662311e-17,1.1102230246251565e-16,7.114312260401321e-16,0.0,82,443473719
3,4.8380848889978756e-17,9.888092635059055e-18,0.0,6.106226635438361e-16,0.0,83,3505645182
3,3.698890139319304e-17,1.1637864022672876e-16,1.1102230246251565e-16,7.195067539997724e-16,0.0,84,2535039983
3,8.402147043297752e-16,5.142752125397131e-16,0.0,6.843874359417885e-16,0.0,85,547346070
3,2.0404240490414777e-17,1.5553642637799836e-17,0.0,7.001065424966057e-16,0.0,86,246516400
3,1.8097123158959243e-17,2.0977285173292073e-17,1.1102230246251565e-16,6.131407058289218e-16,0.0,87,2926602999
3,1.6042773655727147e-16,1.382577491194782e-16,6.938893903907228e-17,5.661048867003676e-16,0.0,88,2519746359
3,9.262217512580881e-17,3.903746293871557e-17,1.1102230246251565e-16,6.591583993652515e-16,0.0,89,6978814
3,1.9563461818693834e-16,1.9724037916684414e-16,0.0,6.473657049138938e-16,0.0,90,3032055116
3,2.073946426096812e-16,1.7367745268627085e-16,5.551115123125783e-17,7.228449307508887e-16,0.0,91,1875176902
3,7.916975626788585e-17,1.5741016635088315e-17,1.1102230246251565e-16,6.41538174324453e-16,0.0,92,2154276657
3,2.0738597287861102e-16,1.4432332055899297e-16,0.0,6.4796043696850615e-16,0.0,93,3039941868
3,1.942182677996681e-16,1.6088813287774215e-16,2.7755575615628914e-17,6.866350197783356e-16,0.0,94,3142858427
3,1.6008211696439408e-16,1.1435810302481784e-16,0.0,6.521083742145178e-16,0.0,95,1271852190
3,1.3743331187936086e-16,1.6022154448786426e-16,0.0,7.468261590855957e-16,0.0,96,2499872071
3,1.6463393520094137e-16,1.5795423941868254e-16,0.0,7.216449660063518e-16,0.0,97,4096607464
3,8.779457905476455e-17,2.7816246355067527e-17,0.0,6.515543783841503e-16,0.0,98,1804295001
3,3.098190583716468e-17,2.5609863574700314e-17,1.2412670766236366e-16,6.126693612064115e-16,0.0,99,1212327279
4,2.3551386880256624e-16,1.1102230246251565e-16,0.0,1.5700924586837752e-16,0.0,0,3907295205
4,3.236828524569469e-16,3.1401849173675503e-16,0.0,2.9373740229761033e-16,0.0,1,1663277035
4,3.236828524569469e-16,7.850462293418876e-17,0.0,2.237742855433856e-16,0.0,2,177612901
4,2.482534153247273e-16,5.551115123125783e-17,0.0,2.9373740229761033e-16,0.0,3,3295772059
4,3.597533769998862e-16,3.3423151799601486e-16,0.0,2.482534153247273e-16,0.0,4,1932193297
4,1.9179876582127752e-16,1.6653345369377348e-16,0.0,2.220446049250313e-16,0.0,5,2981299651
4,2.9373740229761033e-16,2.0014830212433605e-16,0.0,2.7194799110210365e-16,0.0,6,1060531876
4,8.777083671441753e-17,1.2412670766236366e-16,0.0,2.4827765763866867e-16,0.0,7,4089006211
4,0.0,1.2412670766236366e-16,0.0,2.9373742230688225e-16,0.0,8,1291226570
4,1.5731560566382466e-16,1.1123893155135927e-16,0.0,2.220446049250313e-16,0.0,9,365741765
4,1.1102230246251565e-16,1.2412670766236366e-16,0.0,2.220446049250313e-16,0.0,10,1946282852
4,3.597533769998862e-16,7.850462293418876e-17,0.0,1.6004645656917944e-16,0.0,11,2964631575
4,3.3306690738754696e-16,1.1102230246251565e-16,0.0,2.482534153247273e-16,0.0,12,3114479403
4,2.220446049250313e-16,1.2412670766236366e-16,0.0,1.5704757352569647e-16,0.0,13,2061937293
4,1.1102230246251565e-16,5.551115123125783e-17,0.0,2.445960101127298e-16,0.0,14,1374597451
4,1.7554167342883506e-16,2.482534153247273e-16,0.0,2.237726045655905e-16,0.0,15,4003686532
4,7.850462293418876e-17,6.938893903907228e-17,0.0,1.9229626863835638e-16,0.0,16,2173502805
4,1.1775693440128313e-15,5.026748538604307e-16,0.0,2.9373740229761033e-16,0.0,17,4118399524
4,7.850462293418876e-17,2.2530044628618934e-16,0.0,2.7194799110210365e-16,0.0,18,1931094189
4,2.3551386880256624e-16,2.7194799110210365e-16,0.0,1.576213700060856e-16,0.0,19,3050811903
4,3.1401849173675503e-16,5.551115123125783e-17,0.0,2.463307335887066e-16,0.0,20,2886289302
4,3.8459253727671276e-16,1.5700924586837752e-16,0.0,2.7194799110210365e-16,0.0,21,1912730979
4,1.7554167342883506e-16,6.938893903907228e-17,0.0,2.482534153247273e-16,0.0,22,2995961577
4,9.813077866773594e-17,5.551115123125783e-17,0.0,1.9229626863835638e-16,0.0,23,1704801196
4,3.925231146709438e-16,2.2887833992611187e-16,0.0,2.7336071744532853e-16,0.0,24,1212480011
4,4.002966042486721e-16,1.1102230246251565e-16,0.0,2.7194799110210365e-16,0.0,25,2798852138
4,3.236828524569469e-16,0.0,0.0,1.9279638981753172e-16,0.0,26,1545585838
4,3.597533769998862e-16,1.3597399555105182e-16,0.0,2.220446049250313e-16,0.0,27,3300114978
4,5.438959822042073e-16,3.554447978966673e-16,0.0,1.5700924586837752e-16,0.0,28,1301135554
4,0.0,1.3877787807814457e-17,0.0,2.482534153247273e-16,0.0,29,19545504
4,6.329245045284193e-16,2.8609792490763985e-16,0.0,3.1401849173675503e-16,0.0,30,4065218328
4,4.1540741810552243e-16,8.326672684688674e-17,0.0,1.5700924586837752e-16,0.0,31,2480314353
4,2.9373740229761033e-16,2.3551386880256624e-16,0.0,2.3592239273284576e-16,0.0,32,1679575824
4,8.088366206921772e-17,2.712867962334927e-17,0.0,1.576213700060856e-16,0.0,33,1457280641
4,3.260541871072589e-16,5.551115123125783e-17,0.0,2.482534153247273e-16,0.0,34,2277647643
4,4.9962445388200385e-16,3.516999440976217e-16,0.0,2.7194799110210365e-16,0.0,35,1954518337
4,5.551115123125783e-17,3.3537189618722464e-16,0.0,2.220446049250313e-16,0.0,36,2494029493
4,1.7554167342883506e-16,2.5172027167143304e-16,0.0,2.220446049250313e-16,0.0,37,3514194780
4,1.962615573354719e-16,6.206335383118183e-17,0.0,2.9373740229761033e-16,0.0,38,1038638303
4,4.526797389797801e-16,2.2247786310271853e-16,0.0,3.0977323880395805e-16,0.0,39,494671628
4,5.551115123125783e-16,3.188872858294072e-16,0.0,2.486410087150353e-16,0.0,40,595126233
4,3.1646225226420963e-16,2.2247786310271853e-16,0.0,3.1401849173675503e-16,0.0,41,2358261891
4,1.5700924586837752e-16,1.9229626863835638e-16,0.0,2.482534153247273e-16,0.0,42,4278089783
4,8.95090418262362e-16,5.147892387644517e-16,0.0,2.9504581591051765e-16,0.0,43,2034297128
4,7.850462293418876e-17,1.5700924586837752e-16,0.0,2.9373740229761033e-16,0.0,44,3819569127
4,1.1102230246251565e-16,1.7554167342883506e-16,0.0,1.576213700060856e-16,0.0,45,137530914
4,7.850462293418876e-17,1.6653345369377348e-16,0.0,1.5700924586837752e-16,0.0,46,971354313
4,9.60078158997345e-16,4.996003610813204e-16,0.0,2.7336071744532853e-16,0.0,47,413455697
4,0.0,2.220446049250313e-16,0.0,2.607399605677454e-16,0.0,48,2628507396
4,1.056171682913856e-15,5.661048867003676e-16,0.0,1.576213700060856e-16,0.0,49,413483620
4,1.7554167342883506e-16,1.5700924586837752e-16,0.0,2.7194799110210365e-16,0.0,50,1162983390
4,2.220446049250313e-16,2.7755575615628914e-16,0.0,2.7336071744532853e-16,0.0,51,1125547055
4,7.850462293418876e-17,2.2887833992611187e-16,0.0,2.7203650143515583e-16,0.0,52,3339749446
4,7.850462293418876e-16,4.996003610813204e-16,0.0,1.5716250041522723e-16,0.0,53,1107560493
4,7.850462293418876e-17,2.3551386880256624e-16,0.0,2.220446049250313e-16,0.0,54,938322959
4,8.777083671441753e-17,1.1102230246251565e-16,0.0,1.9229626863835638e-16,0.0,55,223111968
4,1.962615573354719e-16,6.938893903907228e-17,0.0,2.9373740229761033e-16,0.0,56,440588268
4,1.9229626863835638e-16,2.5438405243138006e-16,0.0,2.9211424751029686e-16,0.0,57,3646352430
4,3.236828524569469e-16,1.1443916996305594e-16,0.0,2.4296039347076467e-16,0.0,58,2402600853
4,3.1646225226420963e-16,1.2719202621569003e-16,0.0,2.463307335887066e-16,0.0,59,3837186460
4,1.0175362097255202e-15,4.041272810440265e-16,0.0,2.9373740229761033e-16,0.0,60,2920403702
4,2.7194799110210365e-16,7.736788912175082e-16,0.0,2.220446049250313e-16,0.0,61,4231927014
4,7.021666937153402e-16,3.0531133177191805e-16,0.0,2.482534153247273e-16,0.0,62,6303667
4,3.532708032038494e-16,1.249000902703301e-16,0.0,2.7194799110210365e-16,0.0,63,3347451912
4,1.7554167342883506e-16,1.1443916996305594e-16,0.0,2.9634845277824204e-16,0.0,64,1510328180
4,3.260541871072589e-16,2.3055512673781017e-16,0.0,2.220446049250313e-16,0.0,65,3001325140
4,2.482534153247273e-16,2.8066088919804617e-16,0.0,2.220446049250313e-16,0.0,66,427694481
4,3.260541871072589e-16,2.5438405243138006e-16,0.0,2.498001805406602e-16,0.0,67,3760560499
4,1.6184142622847344e-16,3.191891195797325e-16,0.0,2.9504581591051765e-16,0.0,68,3390181920
4,2.220446049250313e-16,1.3947004136484323e-16,0.0,1.576213700060856e-16,0.0,69,3013231482
4,3.925231146709438e-17,5.551115123125783e-17,0.0,1.594436429147036e-16,0.0,70,70231458
4,2.482534153247273e-16,1.1681245729496758e-16,0.0,2.482534153247273e-16,0.0,71,3453242936
4,3.925231146709438e-16,0.0,0.0,2.482534153247273e-16,0.0,72,3827542348
4,7.850462293418876e-17,0.0,0.0,2.482534153247273e-16,0.0,73,2432904714
4,1.8515278288508872e-16,1.3092278833360675e-16,0.0,2.9373740229761033e-16,0.0,74,3582891671
4,2.5133742693021536e-16,2.0014830212433605e-16,0.0,1.5700924586837752e-16,0.0,75,3781117509
4,3.236828524569469e-16,1.2412670766236366e-16,0.0,2.220446049250313e-16,0.0,76,2148952603
4,4.2276033262255756e-16,2.9893669801409083e-16,0.0,2.7019397098090227e-16,0.0,77,1715236604
4,7.850462293418876e-17,1.3597399555105182e-16,0.0,2.454633718507182e-16,0.0,78,4260824659
4,5.266250202865052e-16,3.188872858294072e-16,0.0,2.4827765763866867e-16,0.0,79,1497756487
4,7.850462293418876e-17,2.7755575615628914e-17,0.0,2.220446049250313e-16,0.0,80,1150952951
4,3.925231146709438e-17,1.1102230246251565e-16,0.0,1.6004645656917944e-16,0.0,81,3752442827
4,3.602883265548576e-16,1.6243534171511178e-16,0.0,2.220446049250313e-16,0.0,82,3673317744
4,3.1401849173675503e-16,2.482534153247273e-16,0.0,1.570188286597971e-16,0.0,83,3111235632
4,3.3306690738754696e-16,1.9229626863835638e-16,0.0,2.3592239273284576e-16,0.0,84,2947615174
4,7.572937892452685e-16,4.2276033262255756e-16,0.0,2.9373740229761033e-16,0.0,85,3379811662
4,1.0934428697813141e-15,5.266250202865052e-16,0.0,2.220446049250313e-16,0.0,86,1099379273
4,1.5700924586837752e-16,5.551115123125783e-17,0.0,2.220446049250313e-16,0.0,87,151039164
4,1.801441632774288e-16,6.938893903907228e-18,0.0,2.891945847262976e-16,0.0,88,1845151148
4,2.633125101432526e-16,5.551115123125783e-17,0.0,1.5700924586837752e-16,0.0,89,925995953
4,3.597533769998862e-16,1.6653345369377348e-16,0.0,2.445960101127298e-16,0.0,90,3683078953
4,3.925231146709438e-16,1.4946834900704541e-16,0.0,2.220446049250313e-16,0.0,91,3080257786
4,5.661048867003676e-16,2.5589376332604516e-16,0.0,2.9373740229761033e-16,0.0,92,4266611982
4,4.1540741810552243e-16,1.2412670766236366e-16,0.0,1.5700924586837752e-16,0.0,93,3792644915
4,1.055351501383263e-15,4.996003610813204e-16,0.0,1.9229626863835638e-16,0.0,94,3817462013
4,3.22527969517708e-16,1.1857187100668868e-16,0.0,2.482534153247273e-16,0.0,95,3816271588
4,3.597533769998862e-16,1.5700924586837752e-16,0.0,2.498001805406602e-16,0.0,96,3071667710
4,4.726604209672303e-16,2.220446049250313e-16,0.0,2.2215299868541707e-16,0.0,97,1561679374
4,0.0,2.603703785810335e-16,0.0,2.2247786310271853e-16,0.0,98,1935396370
4,2.830524433501838e-16,2.0014830212433605e-16,0.0,2.220446049250313e-16,0.0,99,2855043699
5,2.821927767563226e-16,2.9532046048411265e-16,1.1102230246251565e-16,3.3766226473224526e-16,0.0,0,1997565243
5,1.3433686698937298e-15,5.248203916474046e-16,0.0,2.7755575615628914e-16,0.0,1,1071472384
5,6.961588044755528e-16,2.9561307816190984e-16,0.0,2.482534153247273e-16,0.0,2,1841874100
5,1.131278641000155e-15,4.860856746802335e-16,2.7755575615628914e-17,3.236828524569469e-16,0.0,3,3234801378
5,1.0583949472283048e-15,4.753162057160913e-16,1.1102230246251565e-16,2.830524433501838e-16,0.0,4,1197089863
5,9.098100868686887e-17,1.3033461823153857e-16,2.0816681711721685e-17,3.2487068343022356e-16,0.0,5,4170882856
5,3.600970121045917e-16,1.690803856569109e-16,1.1102230246251565e-16,2.8441001681421824e-16,0.0,6,776512550
5,2.79044657892276e-16,1.1117806671491798e-16,2.7755575615628914e-17,2.779024842816778e-16,0.0,7,352925404
5,3.877241168096399e-16,7.376497169778706e-17,1.1102230246251565e-16,2.3037232262149194e-16,0.0,8,217316863
5,1.7607643658573022e-16,1.5936906790470392e-16,1.1102230246251565e-16,2.7755575615628914e-16,0.0,9,758108197
5,2.544540908002355e-16,1.1577919427345756e-16,0.0,2.830524433501838e-16,0.0,10,275135223
5,2.7494211168956927e-16,2.2985250779967235e-16,1.1102230246251565e-16,3.1401849173675503e-16,0.0,11,2924449486
5,3.73559802872302e-16,2.550082690407193e-16,5.551115123125783e-17,2.0770370905276122e-16,0.0,12,2074952433
5,2.7535580828693906e-16,1.114009510618887e-16,0.0,2.220446049250313e-16,0.0,13,2394902349
5,1.2038126867121716e-15,5.689926560991712e-16,2.7755575615628914e-17,2.0206364052201326e-16,0.0,14,1210837285
5,1.659962706899986e-16,8.092072390629611e-17,1.9081958235744878e-17,2.5589376332604516e-16,0.0,15,1092115734
5,5.707071421693016e-16,2.557244408522566e-16,0.0,3.1631482715240365e-16,0.0,16,3226450189
5,3.1367765238101767e-16,1.6653375855855335e-16,0.0,2.435541875787129e-16,0.0,17,1253212604
5,5.745878836258672e-16,2.548754621021697e-16,2.7755575615628914e-17,2.3055512673781017e-16,0.0,18,2894883663
5,9.055924981256597e-16,2.854171600960295e-16,1.1102230246251565e-16,2.603703785810335e-16,0.0,19,1116916957
5,5.300512513231097e-16,3.615554971669474e-16,5.551115123125783e-17,1.4686870114880517e-16,0.0,20,2761742062
5,1.0126590108057433e-15,4.711147969561104e-16,0.0,2.0014830212433605e-16,0.0,21,351189279
5,4.1205734458402666e-16,6.816422714033446e-17,1.3877787807814457e-17,2.0770370905276122e-16,0.0,22,9408853
5,9.067001455521452e-17,1.178624578665157e-16,0.0,3.090730095650652e-16,0.0,23,3662508283
5,8.84670982598712e-16,3.28559287165381e-16,0.0,2.482534153247273e-16,0.0,24,3939847878
5,1.429304207795162e-16,8.268751412129477e-17,0.0,3.142702462411501e-16,0.0,25,735290204
5,8.483905178970479e-16,3.5115575753231834e-16,1.1102230246251565e-16,3.2009291313835888e-16,0.0,26,3528477484
5,1.1428474439356774e-15,5.471489862225967e-16,1.1102230246251565e-16,2.7755575615628914e-16,0.0,27,75834822
5,3.597862862700987e-16,1.6091878892429478e-16,0.0,1.8410966031475738e-16,0.0,28,1988105241
5,9.109848326149577e-16,5.034669513150892e-16,4.336808689942018e-18,2.830524433501838e-16,0.0,29,340468576
5,3.3707324852647767e-16,1.861901005082689e-16,0.0,2.8941334638663824e-16,0.0,30,3903307375
5,4.796973535390338e-16,1.1475256316677028e-16,1.1102230246251565e-16,1.6653345369377348e-16,0.0,31,1697345465
5,5.730144623497534e-16,2.2378190908413023e-16,0.0,1.9675159943996247e-16,0.0,32,846407866
5,2.689317119778831e-16,2.4394903252944076e-16,0.0,1.7554167342883506e-16,0.0,33,3437244619
5,2.1866605878961828e-16,2.7758176925934524e-16,0.0,1.7554167342883506e-16,0.0,34,787176384
5,6.03813905460963e-16,2.3715234369012505e-16,0.0,2.0816681711721685e-16,0.0,35,3328255701
5,4.8307109691440125e-17,3.0250221875768556e-17,0.0,2.3055512673781017e-16,0.0,36,3014716383
5,6.824509712195198e-16,1.6241086834552232e-16,0.0,3.7238012298709097e-16,0.0,37,3300997696
5,4.556586261984312e-16,3.4023286552006452e-16,0.0,2.7894008272968645e-16,0.0,38,367286488
5,3.665854601039548e-16,2.0016697667160852e-16,0.0,2.172217384091364e-16,0.0,39,112864662
5,1.6160304127136038e-16,2.604788372834466e-16,0.0,2.2887833992611187e-16,0.0,40,2491072091
5,5.16844797915993e-16,3.002606122314832e-16,0.0,2.5018537765542007e-16,0.0,41,3149026578
5,1.2435838479106099e-15,4.873124680449674e-16,0.0,1.1443916996305594e-16,0.0,42,3820407402
5,5.080226575584241e-16,1.9431573306973097e-16,0.0,2.3714374201337736e-16,0.0,43,929427227
5,5.917499046089509e-16,1.8043756590830914e-16,0.0,3.15548059928785e-16,0.0,44,3942441376
5,1.1046285517828915e-15,4.746249408171343e-16,1.3877787807814457e-17,2.220446049250313e-16,0.0,45,3069300601
5,2.635522636110395e-16,1.6790823683751104e-16,0.0,2.5438405243138006e-16,0.0,46,3404453421
5,3.4914033320451277e-16,1.386132168185821e-16,1.1102230246251565e-16,2.3714374201337736e-16,0.0,47,2009276625
5,4.568858709095826e-16,2.0024621888452843e-16,0.0,1.9279638981753172e-16,0.0,48,3526060840
5,7.321767433859874e-16,5.026756896619967e-16,1.1102230246251565e-16,3.510833468576701e-16,0.0,49,414327226
5,1.6947206929537494e-15,5.125439869060053e-16,0.0,2.0816681711721685e-16,0.0,50,3321344763
5,4.766524582228905e-16,2.355181912687572e-16,0.0,1.9279638981753172e-16,0.0,51,206901280
5,1.1044079486323326e-15,5.70149016421286e-16,0.0,2.3551386880256624e-16,0.0,52,1016094284
5,2.604852559714799e-16,4.002972191083832e-16,1.3877787807814457e-17,2.2887833992611187e-16,0.0,53,1284498415
5,2.969840539012419e-16,2.6240415547076796e-16,1.1102230246251565e-16,3.4219371797089426e-16,0.0,54,3298028089
5,1.1216919933988208e-16,1.1111937458352955e-16,0.0,2.0062885096040707e-16,0.0,55,463788697
5,5.03492657275474e-16,5.556141470470704e-17,0.0,2.435541875787129e-16,0.0,56,2578534001
5,1.7459030294098909e-16,2.322226474370832e-16,0.0,2.603703785810335e-16,0.0,57,2173626944
5,1.0877461505742206e-15,4.989425331542663e-16,0.0,2.482534153247273e-16,0.0,58,1402283123
5,4.1258168065749864e-16,1.5890334053928836e-16,0.0,3.040470972244059e-16,0.0,59,690040992
5,3.248710271012341e-16,1.7939368911929867e-16,0.0,3.1401849173675503e-16,0.0,60,3596955002
5,1.4697060334957777e-16,1.1018682966991793e-16,0.0,2.0014830212433605e-16,0.0,61,2285720231
5,2.7115227917136055e-16,1.772966202567799e-16,5.551115123125783e-17,1.9229626863835638e-16,0.0,62,1682406970
5,5.860097932689489e-16,2.2898824381864704e-16,1.1102230246251565e-16,3.188872858294072e-16,0.0,63,3622217171
5,3.2530111671021127e-16,2.9926443717350955e-16,0.0,1.760893866893587e-16,0.0,64,2365341488
5,5.264706134469452e-16,1.4690071054670053e-16,1.1102230246251565e-16,1.9229626863835638e-16,0.0,65,763364418
5,4.4381396742624134e-16,3.554450039307975e-16,0.0,3.9350319887992495e-16,0.0,66,2642558769
5,9.775449303949535e-16,4.61944881894483e-16,2.7755575615628914e-17,2.1854762094519229e-16,0.0,67,2862723627
5,4.0037452809909303e-16,2.2897387460984384e-16,1.1102230246251565e-16,2.1677797545656835e-16,0.0,68,3468509793
5,1.2640681257170815e-16,2.25303966025843e-16,2.7755575615628914e-17,2.1677797545656835e-16,0.0,69,694789891
5,2.1162488993906245e-16,1.2529240527961362e-16,0.0,3.284083995358298e-16,0.0,70,3381295769
5,3.5981133806711475e-16,1.273463880421327e-16,0.0,2.482534153247273e-16,0.0,71,3981475480
5,3.239250043009726e-16,6.948015987968174e-17,0.0,3.236828524569469e-16,0.0,72,2912065669
5,1.4799919896737832e-16,1.13266707247524e-16,1.3877787807814457e-17,2.5438405243138006e-16,0.0,73,2573415049
5,1.792874262356422e-16,2.6085081469793184e-16,2.7755575615628914e-17,2.2247786310271853e-16,0.0,74,460140930
5,4.526074829421493e-16,1.9291432957589827e-16,0.0,2.0770370905276122e-16,0.0,75,3272695836
5,4.312206320994998e-16,2.2950409830063434e-16,0.0,2.884444029575346e-16,0.0,76,988964224
5,3.515208152647798e-16,1.1519502200927812e-16,5.551115123125783e-17,2.0014830212433605e-16,0.0,77,3161037911
5,6.567143113403483e-16,3.2505491741878773e-16,2.0816681711721685e-17,2.0770370905276122e-16,0.0,78,3597244621
5,2.1810943279163723e-16,1.3018568593581064e-16,0.0,2.260205560892005e-16,0.0,79,3021049449
5,3.027792116078711e-16,1.7358600475122071e-16,0.0,2.498001805406602e-16,0.0,80,1886099447
5,1.6317632571030233e-16,2.243840168152794e-16,0.0,3.1401849173675503e-16,0.0,81,1275909957
5,3.318578737611401e-16,2.305578829901967e-16,1.1102230246251565e-16,2.897767167584095e-16,0.0,82,4220662113
5,4.070402678606966e-16,1.5701089686324378e-16,1.1102230246251565e-16,2.7336071744532853e-16,0.0,83,4153382255
5,4.188163129942752e-16,2.259332302260349e-16,2.7755575615628914e-17,2.4394924734781536e-16,0.0,84,2279820227
5,3.9423667092825155e-17,6.377786006014895e-16,0.0,2.2247786310271853e-16,0.0,85,2271072508
5,1.590341322041801e-15,6.017442632579713e-16,5.551115123125783e-17,2.0014830212433605e-16,0.0,86,2928505281
5,3.710299226098167e-16,2.4825345417281205e-16,5.551115123125783e-17,2.61868560698565e-16,0.0,87,893161736
5,2.734681004567016e-16,1.5970734083682788e-16,1.3877787807814457e-17,2.5589376332604516e-16,0.0,88,426568603
5,2.2947481185079793e-16,2.361815044422836e-16,4.0766001685454967e-17,2.3551386880256624e-16,0.0,89,519875789
5,1.1612199789372172e-16,1.2439427206037783e-16,0.0,2.1499376424746292e-16,0.0,90,1965749038
5,2.989553604036399e-16,2.3479728495798156e-16,0.0,2.4679451876256556e-16,0.0,91,3153948275
5,2.867362759123793e-16,1.4742005676016468e-16,0.0,3.040470972244059e-16,0.0,92,2250356454
5,7.489780065072084e-16,2.803445460966736e-16,1.1102230246251565e-16,1.689731085869606e-16,0.0,93,874098984
5,1.1064647198402573e-16,9.761863437389994e-17,1.1102230246251565e-16,2.603703785810335e-16,0.0,94,2167273084
5,2.1371476763837466e-16,6.357099885270612e-17,0.0,2.237726045655905e-16,0.0,95,43928464
5,1.0435655477017061e-15,2.9894108749634445e-16,0.0,3.222596315204839e-16,0.0,96,439979817
5,6.09885100474243e-16,2.553279377315536e-16,0.0,2.482534153247273e-16,0.0,97,4235636630
5,1.3267808673650008e-16,1.1107730726409804e-16,5.551115123125783e-17,2.830524433501838e-16,0.0,98,1092150706
5,2.197968585217521e-16,2.993929786892114e-16,0.0,2.2887833992611187e-16,0.0,99,3919581566
6,8.141618885334501e-16,3.7248664354760667e-16,1.1102230246251565e-16,9.184537634751187e-16,0.0,0,210972884
6,4.782568787302436e-16,3.0282558104120823e-16,0.0,8.581815721242673e-16,0.0,1,1011847945
6,5.150780400036754e-16,1.139704434063285e-16,0.0,8.868764227826485e-16,0.0,2,3050512496
6,1.3834975519809086e-15,4.956488793850792e-16,0.0,8.233634315563857e-16,0.0,3,2583844415
6,1.0002910691085311e-15,5.019887410312473e-16,5.551115123125783e-17,8.881784197001252e-16,0.0,4,2015206407
6,3.7789374567338703e-16,1.2491300480906548e-16,1.1102230246251565e-16,9.033363257596098e-16,0.0,5,3889844303
6,4.130974411913113e-16,3.0467132910054487e-16,0.0,9.32603861714756e-16,0.0,6,1396032118
6,1.9873981681117645e-16,2.804167658387815e-16,0.0,9.238896857051836e-16,0.0,7,1049726385
6,4.500055312312824e-16,4.0408323710844944e-16,0.0,8.087309868639295e-16,0.0,8,2944624891
6,5.140682197176256e-16,5.558845038959743e-16,1.3877787807814457e-17,9.38778750585887e-16,0.0,9,2163217416
6,5.393424929469965e-16,1.591571255912755e-16,0.0,9.51817968857363e-16,0.0,10,277946921
6,3.332677690366527e-16,1.2798218548111822e-16,1.1857187100668868e-16,9.84931933175004e-16,0.0,11,3358053955
6,4.540564041451473e-16,1.9303287742188786e-16,0.0,9.338421059357628e-16,0.0,12,3644793167
6,3.897986878702246e-16,2.4079959183603965e-16,0.0,8.368202481890594e-16,0.0,13,994620263
6,5.210111655839279e-16,2.493125004673444e-16,1.5700924586837752e-16,9.068738801520085e-16,0.0,14,900601494
6,4.024046761105401e-16,1.7654561355534786e-16,0.0,9.171947447016606e-16,0.0,15,2614080332
6,1.1756052943673543e-15,4.725504537991333e-16,2.949029909160572e-17,8.939331530796214e-16,0.0,16,2729059580
6,5.52827675732503e-16,2.7198511834742525e-16,2.7755575615628914e-17,8.706583865735264e-16,0.0,17,4229526194
6,1.89591089223296e-16,1.1312287621186883e-16,1.1102230246251565e-16,9.46949302817578e-16,0.0,18,3052347084
6,2.353677423885454e-16,2.6896652920655497e-16,1.3877787807814457e-17,8.833950494912839e-16,0.0,19,1903784751
6,1.2334854270415264e-15,9.815681756724257e-16,1.1102230246251565e-16,9.871780750502622e-16,0.0,20,1866912837
6,6.1545987652176965e-16,3.67513421057711e-16,1.3877787807814457e-17,9.04082224356802e-16,0.0,21,2910189081
6,1.388027679158523e-15,5.3911254335837615e-16,0.0,9.43689570931383e-16,0.0,22,2656554918
6,5.642176358575515e-16,2.075772339567472e-16,0.0,9.440976529270756e-16,0.0,23,760908683
6,3.124158018261641e-16,1.7613933876833849e-16,1.1102230246251565e-16,9.297082117745284e-16,0.0,24,835586195
6,1.2954457175996848e-15,3.9204901524204946e-16,3.469446951953614e-17,8.881784197001252e-16,0.0,25,390130428
6,4.530045134245722e-16,1.7044318635614085e-16,1.962615573354719e-17,9.77473194215835e-16,0.0,26,3706029278
6,4.901795228847337e-16,2.048534077125365e-16,0.0,9.130909444985391e-16,0.0,27,2292544989
6,3.525785371700313e-16,3.050874132525548e-16,1.1102230246251565e-16,9.143556140028338e-16,0.0,28,1716392483
6,3.2968980588537357e-16,2.280168287411482e-16,0.0,9.125634816017134e-16,0.0,29,2106685978
6,1.6152529624216683e-15,5.16226828097649e-16,2.7755575615628914e-17,9.538392452234968e-16,0.0,30,811572233
6,3.331209021751243e-16,1.3737967722931444e-16,0.0,9.18873053048877e-16,0.0,31,2076316799
6,1.8784115360191403e-15,6.631714816116857e-16,1.3877787807814457e-17,8.419826675941385e-16,0.0,32,4254900559
6,5.639814738300594e-16,2.3831008381857914e-16,2.7755575615628914e-17,8.717378144098899e-16,0.0,33,1925969492
6,4.137473539412043e-16,3.3856797874035836e-16,2.7755575615628914e-17,9.412373634839028e-16,0.0,34,3429093779
6,4.0093925712949654e-16,2.908851622460035e-16,1.1102230246251565e-16,8.15843973306311e-16,0.0,35,675241080
6,4.551836677354681e-16,3.524491699042583e-16,1.1102230246251565e-16,8.951979947807797e-16,0.0,36,3800183766
6,5.664184613420934e-16,2.1923762619739466e-16,0.0,9.453208419344607e-16,0.0,37,3351133585
6,7.030132180105876e-16,4.0957698837459657e-16,1.1102230246251565e-16,8.3820000221454525e-16,0.0,38,1838621094
6,8.324972475201676e-16,8.235072169654076e-16,0.0,8.777083671441752e-16,0.0,39,3175144734
6,3.655591467834676e-16,3.5707945616265276e-16,4.618701254788249e-17,8.763908156876301e-16,0.0,40,1482029310
6,1.2687016306093503e-15,4.603386788752961e-16,0.0,8.400648069477098e-16,0.0,41,657445395
6,3.746346997751063e-16,1.952502760409352e-16,5.551115123125783e-17,8.916411167297361e-16,0.0,42,2360611403
6,3.70665955560245e-16,7.975814005372486e-17,5.551115123125783e-17,8.89586765947378e-16,0.0,43,1467077519
6,8.58082079703507e-16,4.52748141083189e-16,5.551115123125783e-17,8.262821341922353e-16,0.0,44,3566075779
6,1.0637861234413593e-15,7.04442256339436e-16,1.5700924586837752e-16,8.568339948907339e-16,0.0,45,4175652455
6,3.9177963428888296e-16,1.448983880547322e-16,0.0,9.192921513844874e-16,0.0,46,1773270207
6,1.2656000015524344e-16,2.8232623999518364e-16,2.7755575615628914e-17,8.801461082576892e-16,0.0,47,2492827007
6,2.3701615732501054e-16,1.3771164514927013e-16,1.1102230246251565e-16,9.238896857051836e-16,0.0,48,806982277
6,4.68828924801944e-16,2.168498751785842e-16,5.551115123125783e-17,9.496042521326089e-16,0.0,49,2629803334
6,1.0988491481121319e-15,6.205246727316608e-16,6.938893903907228e-17,9.506031400676578e-16,0.0,50,1088849781
6,5.470346843758018e-16,1.6895459391973762e-16,0.0,9.104505742017336e-16,0.0,51,3264828223
6,9.161301004162515e-16,5.554672926433738e-16,1.3877787807814457e-16,9.805224261780596e-16,0.0,52,442765650
6,1.8886054607553082e-16,2.930057747975091e-17,0.0,8.830679670797666e-16,0.0,53,621769208
6,4.675257700561729e-16,1.1721515039816953e-16,1.1102230246251565e-16,9.19815755773575e-16,0.0,54,585552041
6,2.9941452269681043e-16,5.824030003458458e-17,0.0,8.794620319638102e-16,0.0,55,1763872113
6,8.31339126794139e-16,3.238267265498665e-16,3.469446951953614e-18,9.836601059614785e-16,0.0,56,4078019432
6,1.7934605216686255e-15,5.95639443231607e-16,5.551115123125783e-17,9.539969770823913e-16,0.0,57,3199880848
6,1.8552635147370063e-15,4.911535464607236e-16,0.0,9.17733071824933e-16,0.0,58,155480995
6,3.093031355266712e-16,2.3265352163234476e-16,1.3877787807814457e-17,9.582710459383785e-16,0.0,59,2494374339
6,4.039339532711677e-16,1.8151202695715752e-16,5.551115123125783e-17,8.78695234256362e-16,0.0,60,1183028854
6,4.601503474635624e-16,5.623905997881155e-17,0.0,8.640246493550415e-16,0.0,61,3853481777
6,4.73516577553911e-16,2.7553116392932416e-16,5.551115123125783e-17,8.848110094214534e-16,0.0,62,3320422657
6,3.433364719511721e-16,2.0826195502981825e-16,0.0,8.532300504426548e-16,0.0,63,1898506644
6,4.799724379382397e-16,1.6111223349057852e-16,5.551115123125783e-17,9.372966345796778e-16,0.0,64,3168659915
6,2.9303971809983857e-16,1.6837933890983326e-16,1.1102230246251565e-16,9.304848169520973e-16,0.0,65,1135799135
6,3.685024367699937e-16,8.202516803991598e-17,2.7755575615628914e-17,9.441996458677856e-16,0.0,66,3088735857
6,1.3245650570537781e-15,5.498230967372835e-16,1.3877787807814457e-17,8.653332088726038e-16,0.0,67,4192537334
6,6.879474451806214e-16,3.9576856889410865e-16,1.5700924586837752e-16,8.214900197283516e-16,0.0,68,4074122057
6,6.846696556716007e-16,3.0987896457320353e-16,1.1188630228279524e-16,9.155133597044475e-16,0.0,69,2677058
6,6.81417992093873e-16,4.3940741137711187e-16,0.0,9.074842391027969e-16,0.0,70,2335464089
6,8.783692799990233e-16,4.1841510893525506e-16,0.0,8.473409486550036e-16,0.0,71,2131772014
6,4.2734995864046685e-16,3.4114979522486635e-16,2.7755575615628914e-17,8.253492723264286e-16,0.0,72,416147955
6,1.2954023448681824e-15,6.417912776592671e-16,0.0,8.645538799963171e-16,0.0,73,1650051570
6,2.3509742405067304e-16,2.3644768939885594e-16,1.1102230246251565e-16,9.171947447016606e-16,0.0,74,2467178976
6,2.2943411970517968e-15,6.485750768233439e-16,0.0,8.960581419835649e-16,0.0,75,4285253826
6,3.30066381176097e-15,1.0158738630919407e-15,1.1102230246251565e-16,8.90452333426234e-16,0.0,76,650492511
6,3.8563407237981987e-16,2.451472363535895e-16,0.0,9.4623719602731e-16,0.0,77,3237921948
6,1.2959392531403443e-15,4.780722918542891e-16,0.0,8.311208443688108e-16,0.0,78,4176113505
6,4.091933072245962e-16,3.239648420420429e-16,5.551115123125783e-17,8.777083671441752e-16,0.0,79,2573165750
6,3.5686946903843483e-16,5.603162951343328e-17,0.0,9.024447686002648e-16,0.0,80,3065064290
6,2.7627464665611945e-16,1.587872866188928e-16,1.1102230246251565e-16,9.121412916732176e-16,0.0,81,1319825210
6,4.795359260288165e-16,3.3566696857358363e-16,0.0,9.192921513844874e-16,0.0,82,3606407423
6,1.4926519443353726e-15,5.905014951248237e-16,1.2412670766236366e-16,8.443809954115231e-16,0.0,83,3625538308
6,5.957995361631556e-16,1.0244861329950508e-16,1.1102230246251565e-16,8.882868333007365e-16,0.0,84,374276660
6,9.563337735510519e-16,5.134397734051639e-16,0.0,8.54583310691029e-16,0.0,85,670801324
6,1.647016822950738e-15,5.794340025720306e-16,0.0,9.173531391519124e-16,0.0,86,3123984316
6,1.6843217296866114e-16,1.2448477564200127e-16,0.0,8.387742298644238e-16,0.0,87,3598957466
6,1.1156692050409442e-15,4.725754865960534e-16,0.0,8.759511914735174e-16,0.0,88,1077361912
6,8.208707695077003e-16,3.457585168497066e-16,2.7755575615628914e-17,9.046562137124738e-16,0.0,89,3158648114
6,5.494846038385608e-16,1.9707646439412e-16,5.551115123125783e-17,8.688869536365456e-16,0.0,90,3947589838
6,7.4661993113202e-16,2.8836690496635957e-16,0.0,8.886119947416683e-16,0.0,91,1435419885
6,1.3924626949312909e-15,4.664201531385579e-16,0.0,8.688869536365456e-16,0.0,92,1341623213
6,1.3476374592312701e-16,1.6109507370596077e-16,0.0,9.698578168158083e-16,0.0,93,1712410716
6,1.2554415047590281e-15,5.186755459986896e-16,1.1188630228279524e-16,9.50197851991224e-16,0.0,94,2827139553
6,3.2098626774542725e-16,2.627325413675353e-16,0.0,9.321907481344796e-16,0.0,95,1387203922
6,5.504182350917493e-16,2.355813577547085e-16,5.551115123125783e-17,9.248272748477802e-16,0.0,96,324234637
6,1.6128617071688595e-15,4.936502010405137e-16,1.1102230246251565e-16,8.270975252328749e-16,0.0,97,4029044929
6,5.932097103778797e-16,2.651617511242143e-16,0.0,9.309503074677273e-16,0.0,98,3043735333
6,4.727248151148302e-16,2.9926362883237053e-16,0.0,8.917491093561516e-16,0.0,99,1512341188
7,8.084728213695105e-16,9.28859962050007e-16,1.1857187100668868e-16,6.175615574477433e-16,0.0,0,755570633
7,3.8913334484364956e-16,2.039278050455325e-16,1.1102230246251565e-16,6.667118051786499e-16,0.0,1,2216733153
7,3.4622885460028316e-16,2.3934714171014445e-16,1.1102230246251565e-16,6.622032795737325e-16,0.0,2,282561649
7,5.67284281106261e-16,3.205875636447938e-16,0.0,6.773156669921637e-16,0.0,3,1373774687
7,2.0747373799935377e-16,3.023622991227325e-16,2.7755575615628914e-17,7.054504218084087e-16,0.0,4,1635729556
7,3.8498005548794295e-16,1.416213698901779e-16,2.42861286636753e-17,7.894497640785698e-16,0.0,5,308977549
7,4.228605598631989e-16,3.5042886803999887e-16,1.1443916996305594e-16,7.756677862503847e-16,0.0,6,1599824571
7,4.607939147967915e-16,2.502527637642792e-16,1.2412670766236366e-16,6.445705836081387e-16,0.0,7,3501851533
7,1.5497660054306633e-15,7.095974948569026e-16,0.0,6.766044248900874e-16,0.0,8,908220558
7,7.936030051615312e-16,3.0605383420609415e-16,1.140308571841497e-16,7.108895957933346e-16,0.0,9,867550215
7,1.6476904200022044e-16,3.2260881819363706e-16,0.0,7.560529131576252e-16,0.0,10,2874666787
7,4.189364154400373e-16,4.7624935792424766e-17,1.1102230246251565e-16,6.280369834735101e-16,0.0,11,672518694
7,5.018423140904558e-16,2.5111606187615075e-16,0.0,7.406111315403549e-16,0.0,12,1283552185
7,1.0178768228004316e-15,2.7233523533298196e-16,1.1102230246251565e-16,6.849697933796596e-16,0.0,13,1120859262
7,4.663821526125161e-16,3.1739758391733316e-16,0.0,5.985173094038516e-16,0.0,14,2073357553
7,1.3857431230183086e-16,2.533349430420738e-16,0.0,6.801885921495771e-16,0.0,15,4238443333
7,4.4266580891519883e-16,3.064056157360419e-16,0.0,6.336847744776094e-16,0.0,16,649737411
7,2.7980060703801393e-16,2.3266517413776263e-16,0.0,6.890679980820127e-16,0.0,17,2508959442
7,1.0491557283623447e-15,4.457124152303209e-16,6.206335383118183e-17,7.736788912175082e-16,0.0,18,1244565090
7,2.309018216680849e-15,6.92149411772372e-16,0.0,7.296074537918537e-16,0.0,19,2336713748
7,1.3074042021063507e-15,3.936024887084618e-16,1.1102230246251565e-16,6.758924343478424e-16,0.0,20,2438395020
7,3.725536971928838e-16,1.9112911265193103e-16,1.1102230246251565e-16,6.554225157069087e-16,0.0,21,3533169833
7,4.49651412227045e-16,3.2093884812649756e-16,0.0,6.690187733356917e-16,0.0,22,2404121166
7,4.661394851494733e-16,2.4120444894235046e-16,0.0,7.169593448424765e-16,0.0,23,1370762959
7,1.3156098683928708e-15,5.482217120646504e-16,0.0,6.42747382890285e-16,0.0,24,1511405728
7,1.2447249860158203e-15,1.0134259638117602e-15,1.1102230246251565e-16,6.338746994854638e-16,0.0,25,2765714144
7,1.0492604374975594e-15,4.624859621212077e-16,5.551115123125783e-17,6.955527313080394e-16,0.0,26,2241898838
7,2.0147016109527498e-15,6.629754455313979e-16,0.0,7.55543271769643e-16,0.0,27,510493233
7,1.4169124368902404e-15,5.387906223847481e-16,0.0,7.259024953699689e-16,0.0,28,1577741074
7,3.4614890360035226e-16,2.3740261939688285e-16,1.5700924586837752e-16,8.196123257993793e-16,0.0,29,688831020
7,4.874975184275541e-16,3.0093953809700855e-16,2.7755575615628914e-17,6.49296592341563e-16,0.0,30,474812646
7,9.74896712352102e-16,3.5727832555099017e-16,0.0,5.495323605393213e-16,0.0,31,189077940
7,3.7132047697103884e-16,3.526036609039882e-16,3.8163916471489756e-17,6.39922537831991e-16,0.0,32,2393887276
7,3.646975798575928e-16,2.131030776249234e-16,1.1102230246251565e-16,6.638168205731153e-16,0.0,33,2270142374
7,1.0206823187970015e-15,3.584047533395522e-16,5.551115123125783e-17,6.684427777288335e-16,0.0,34,2937125653
7,4.425413003707092e-16,2.0058306459726436e-16,0.0,8.386594157882081e-16,0.0,35,639812301
7,4.3581788476842504e-16,1.7683703696346276e-16,1.1443916996305594e-16,7.791361360319881e-16,0.0,36,2522884754
7,4.07818772813517e-16,3.8295103955661605e-16,2.7755575615628914e-17,7.117278028328721e-16,0.0,37,3392439470
7,5.699907780191324e-16,3.17166413146679e-16,1.1102230246251565e-16,7.904249957834199e-16,0.0,38,853092232
7,3.417052485899547e-16,1.292814320579512e-16,2.7755575615628914e-17,6.77599954797753e-16,0.0,39,1126371232
7,3.69052548871478e-16,2.8993058185091904e-16,1.6653345369377348e-16,6.4018582627671775e-16,0.0,40,1159348599
7,1.0595289561841442e-15,3.5047248572602434e-16,0.0,6.920220500345625e-16,0.0,41,259939151
7,2.4983820621464544e-15,6.263239620127328e-16,0.0,7.417804156968781e-16,0.0,42,2801057737
7,4.491860774314587e-16,1.4296544028027051e-16,5.721958498152797e-17,5.900916318210353e-16,0.0,43,273938277
7,4.3012151631892514e-16,1.5344784316268834e-15,6.206335383118183e-17,7.185692855182568e-16,0.0,44,3903842558
7,4.649843108060238e-16,9.489989679133773e-17,0.0,6.708873437495278e-16,0.0,45,47253952
7,2.3485412363072513e-15,7.566516553270091e-16,0.0,6.684630359920297e-16,0.0,46,91846776
7,2.2068996677190033e-15,5.215306314764248e-16,2.7755575615628914e-17,5.933542025718678e-16,0.0,47,4147406033
7,4.934157348254494e-16,3.388161736821955e-16,0.0,7.535012591929473e-16,0.0,48,3817285492
7,2.816270501513936e-16,2.9074939268828054e-16,1.1102230246251565e-16,6.895738562831457e-16,0.0,49,2845715122
7,4.193829186680355e-16,1.7805371099318895e-16,5.594315114139762e-17,7.04776113187458e-16,0.0,50,1127416437
7,3.2735471849234203e-16,2.295271386222289e-16,1.1102230246251565e-16,6.280369834735101e-16,0.0,51,3076484980
7,5.554589953179612e-16,2.803166329854075e-16,1.5700924586837752e-16,7.535012591929473e-16,0.0,52,1075619657
7,9.639359130510264e-16,3.1627934008954932e-16,0.0,6.707437923744493e-16,0.0,53,1998256627
7,1.0060983538169601e-15,6.684653191498199e-16,0.0,6.593044732505606e-16,0.0,54,1790746923
7,1.5650949861677735e-15,4.612254988379614e-16,1.2412670766236366e-16,6.9831616186284e-16,0.0,55,1204762633
7,1.3015016719463319e-15,5.136559804131877e-16,1.2412670766236366e-16,6.50333926369705e-16,0.0,56,3378639535
7,3.173372031193597e-16,4.119152218484356e-16,0.0,6.9831616186284e-16,0.0,57,4208533034
7,7.169384123783702e-16,2.8266377121381727e-16,1.1102230246251565e-16,7.243420912108399e-16,0.0,58,3430532579
7,7.055809094304473e-16,2.299948427298681e-16,1.9229626863835638e-16,7.227116997239067e-16,0.0,59,3333859552
7,9.307299054058096e-16,1.133847255721238e-15,2.7755575615628914e-17,7.178989156685113e-16,0.0,60,2924343808
7,1.0421915887278241e-15,4.807892066949341e-16,0.0,6.845632941649911e-16,0.0,61,2797502565
7,6.093590440224862e-16,5.758003794781564e-16,1.1443916996305594e-16,7.412609615605549e-16,0.0,62,3229533060
7,6.938518032909174e-16,3.350033238768089e-16,2.7755575615628914e-17,6.730369402342474e-16,0.0,63,1213457243
7,5.546693412311426e-16,6.307535079183191e-16,0.0,7.571983521139492e-16,0.0,64,1177480292
7,3.4611259324725115e-16,8.00012700194144e-16,0.0,7.474705859542147e-16,0.0,65,2376333089
7,8.481501670426229e-16,2.4643090578853074e-16,0.0,6.317061694150495e-16,0.0,66,999985085
7,4.233404209630052e-16,6.25198327652974e-17,1.2412670766236366e-16,7.50940934905391e-16,0.0,67,1252000611
7,2.080330123521336e-15,1.0021041776672039e-15,2.7755575615628914e-17,6.798699777552592e-16,0.0,68,3191596902
7,1.0513295774332495e-15,5.502859141402454e-16,1.1443916996305594e-16,7.870063977598499e-16,0.0,69,2817784170
7,3.621539939784659e-15,1.3605358047484034e-15,0.0,7.457939178747932e-16,0.0,70,112532208
7,2.8189654254969147e-16,5.6597266222919e-16,7.850462293418876e-17,7.597375891272293e-16,0.0,71,3535815979
7,3.9954869320988877e-16,8.498003165304389e-17,0.0,6.255789036560346e-16,0.0,72,744607308
7,5.02230735171202e-16,2.1962462351024891e-16,1.576213700060856e-16,7.289072417918741e-16,0.0,73,2094580304
7,7.108026437451148e-16,2.421090005385389e-16,1.3877787807814457e-17,7.469550889370673e-16,0.0,74,2418524751
7,1.1019355974379773e-15,3.377915385712288e-16,1.1443916996305594e-16,6.730369402342474e-16,0.0,75,608285016
7,5.133111071220489e-16,3.697296677840492e-16,5.551115123125783e-17,6.866350197783356e-16,0.0,76,811309669
7,1.3871680877938844e-15,5.025149516964523e-16,0.0,7.130536482749599e-16,0.0,77,988407785
7,7.381974656238619e-16,3.559062934266584e-16,4.163336342344337e-17,5.906243056653495e-16,0.0,78,1403652188
7,3.7261520672005745e-15,9.64257856806927e-16,1.6653345369377348e-16,6.790993758248317e-16,0.0,79,1223923730
7,2.0804510827791072e-16,1.9296204051542072e-16,6.206335383118183e-17,7.311895462613622e-16,0.0,80,718545439
7,3.895824774348161e-16,1.3017207483368638e-16,1.9229626863835638e-16,7.239098962355515e-16,0.0,81,2896334901
7,1.115300878055036e-15,4.579638929569507e-16,1.5700924586837752e-16,7.027150473277823e-16,0.0,82,1691338026
7,5.022955019011458e-16,8.588800564073369e-17,0.0,7.928578270080922e-16,0.0,83,1144231549
7,4.4226011013124746e-16,3.2693368896958367e-16,1.5700924586837752e-16,6.781681728890496e-16,0.0,84,2092680851
7,3.406327156218457e-16,3.068216142148056e-16,1.298611723169814e-16,7.61257065823444e-16,0.0,85,2861768651
7,1.3990519589993218e-15,5.871984666501731e-16,1.1443916996305594e-16,6.620737537031165e-16,0.0,86,2894987799
7,4.509028464763271e-16,4.608452770441813e-16,0.0,6.916653802134305e-16,0.0,87,2385904269
7,1.025886893097304e-15,3.0462734186413326e-16,0.0,6.353541660708338e-16,0.0,88,1380593720
7,6.112238412647668e-16,4.612804715972421e-16,0.0,5.907440274120147e-16,0.0,89,948521773
7,6.725526435013579e-16,2.621499362103952e-16,1.1102230246251565e-16,6.550551057807856e-16,0.0,90,2089351681
7,2.6524146708720465e-16,2.6341044882427115e-16,0.0,7.301351988545593e-16,0.0,91,1751160987
7,5.093432890664957e-16,3.408431716710682e-16,5.551115123125783e-17,6.38378239159465e-16,0.0,92,206702548
7,2.1277277628372291e-16,7.240589407972511e-16,5.551115123125783e-17,7.811111357431004e-16,0.0,93,172226074
7,4.49545191431155e-16,2.1723911837119835e-16,6.938893903907228e-18,7.454064588905287e-16,0.0,94,1609532060
7,7.429025569606641e-16,4.216125712308403e-16,0.0,7.691850745534255e-16,0.0,95,367209242
7,8.796802438203686e-16,6.038257864551515e-16,0.0,7.327682229021407e-16,0.0,96,1090306157
7,4.36575685282241e-16,2.459513514362399e-16,0.0,7.2377686124476805e-16,0.0,97,2328248984
7,2.9628758131392098e-16,4.0623433708925354e-16,1.1443916996305594e-16,7.114312260401321e-16,0.0,98,3064874573
7,1.3041666408821718e-15,1.0800209930617531e-15,0.0,6.889822873691181e-16,0.0,99,3660693195
8,6.71891344611886e-16,1.0477500027681816e-16,0.0,8.542451966082828e-16,0.0,0,2881905388
8,1.8060329326494084e-15,8.261655840634106e-16,0.0,8.353301478539177e-16,-8.881784197001252e-16,1,1259487587
8,5.087681048627601e-16,3.236828524569469e-16,0.0,9.168272052179785e-16,0.0,2,2673894942
8,1.0656117000158708e-15,6.661338147750939e-16,0.0,7.724955619732614e-16,-8.881784197001252e-16,3,33669232
8,6.790196084696702e-16,1.0207487937359978e-15,0.0,8.270975252328749e-16,0.0,4,179008048
8,1.5117236758117848e-15,4.4284062210600135e-16,0.0,8.562156465114389e-16,4.440892098500626e-16,5,1367359257
8,1.0086011087765758e-15,4.079219866531555e-16,0.0,7.458665440267484e-16,0.0,6,1593106125
8,6.843874359417885e-16,3.4640651350324986e-16,0.0,7.924933784358564e-16,0.0,7,4190658144
8,8.6644531986856765e-16,2.220446049250313e-16,0.0,7.306625627361387e-16,0.0,8,1906684523
8,1.3844441052834806e-15,5.134781488891349e-16,0.0,9.057848289240456e-16,4.440892098500626e-16,9,1709778217
8,1.4459562744518878e-15,5.185169430563076e-16,0.0,8.569463739317957e-16,0.0,10,1535197513
8,6.614917107302101e-16,2.587239892812587e-16,0.0,8.075990191095686e-16,0.0,11,332646821
8,6.888752704931532e-16,1.6939998869943826e-16,0.0,7.777754145844614e-16,0.0,12,106917663
8,3.792878367756459e-15,8.903441835098303e-16,0.0,7.734921701115629e-16,-8.881784197001252e-16,13,308879816
8,2.0770370905276122e-16,6.614917107302101e-16,0.0,7.661745539035014e-16,0.0,14,625996232
8,1.508024561581292e-15,6.051176998540227e-16,0.0,8.289582644243109e-16,-4.440892098500626e-16,15,687249618
8,3.510833468576701e-16,1.3042167484290357e-15,0.0,8.868764227826485e-16,-1.7763568394002505e-15,16,2342252613
8,4.902612130890298e-16,3.964289135040461e-16,0.0,8.994905055847326e-16,-2.220446049250313e-16,17,3580464542
8,1.1457372517703787e-15,1.3054713354908506e-15,0.0,8.709780365975742e-16,8.881784197001252e-16,18,3887835142
8,3.3306690738754696e-16,1.4429729765749775e-15,0.0,7.974691931130354e-16,0.0,19,2680594640
8,2.7476618026966064e-16,7.781467564125337e-16,0.0,8.459761032879693e-16,0.0,20,2269403424
8,4.84034479902731e-16,3.284083995358298e-16,0.0,7.641373227056461e-16,0.0,21,2853887007
8,6.356572207821146e-16,2.5438405243138006e-16,0.0,8.132727040490087e-16,0.0,22,1796189200
8,1.798766884999431e-16,2.884444029575346e-16,0.0,7.426885862005046e-16,0.0,23,3157050222
8,3.4219371797089426e-16,1.3755821205440478e-16,0.0,8.200821523359857e-16,0.0,24,117822205
8,1.8188110316843627e-15,6.168984981428613e-16,0.0,8.273303464972281e-16,-8.881784197001252e-16,25,2852629376
8,1.6808244136571617e-15,4.738812419958736e-16,0.0,8.275067377323401e-16,0.0,26,1205209522
8,9.932075903430976e-16,5.147892387644517e-16,0.0,8.485050155777268e-16,4.440892098500626e-16,27,2258993084
8,2.634953026054921e-15,5.959778771008333e-16,0.0,8.635508522760763e-16,-4.440892098500626e-16,28,3653790064
8,7.570711667007543e-16,3.8459253727671276e-16,0.0,8.833950494912839e-16,-2.220446049250313e-16,29,3407342966
8,1.7168119253110475e-15,9.973211764744224e-16,0.0,7.889616961715915e-16,8.881784197001252e-16,30,4033957683
8,5.564975606931872e-16,2.387624894196368e-16,0.0,8.400361489980555e-16,0.0,31,2439716653
8,4.0980616289968964e-16,2.8202997483103253e-16,0.0,8.456349925750266e-16,0.0,32,786206198
8,1.071379599794019e-15,4.497452527923663e-16,0.0,8.098019177946258e-16,-4.440892098500626e-16,33,1377190931
8,1.536365757181862e-15,5.662749647834299e-16,0.0,8.569463739317957e-16,8.881784197001252e-16,34,2177749777
8,4.980559976921029e-16,7.811111357431004e-16,0.0,7.777754145844614e-16,0.0,35,758054061
8,3.472221400179444e-16,3.002224531865041e-16,0.0,8.225443389041322e-16,0.0,36,2184701515
8,1.6653345369377348e-16,2.7336071744532853e-16,0.0,8.312783312742731e-16,0.0,37,3692899038
8,5.620932372629349e-16,1.1295700899707568e-16,0.0,9.04082224356802e-16,0.0,38,1145515617
8,1.0650693579500267e-15,3.2487068343022356e-16,0.0,8.1773032027145e-16,0.0,39,3684655798
8,2.461596450990361e-16,3.433175098891678e-16,0.0,8.386594157882081e-16,0.0,40,769124989
8,1.8647946556083845e-15,6.916653802134305e-16,0.0,8.089170140797607e-16,4.440892098500626e-16,41,457292708
8,1.673359979283868e-15,4.605355959376478e-16,0.0,7.573573038448421e-16,4.440892098500626e-16,42,469433480
8,1.5823112613210482e-16,2.3221980631040627e-16,0.0,9.171947447016606e-16,0.0,43,123003857
8,8.3820000221454525e-16,1.4488835837920476e-16,0.0,8.051378480868831e-16,0.0,44,717761943
8,2.681826389667999e-15,6.933340566559918e-16,0.0,7.820967653285533e-16,-1.7763568394002505e-15,45,524296260
8,7.4165058627159095e-16,5.428799380014802e-16,0.0,8.657782246947033e-16,2.220446049250313e-16,46,2567371374
8,4.965068306494546e-16,6.255789036560346e-16,0.0,8.492211165167485e-16,-4.440892098500626e-16,47,4055712301
8,1.819631490272285e-15,4.817411735555328e-16,0.0,8.473409486550036e-16,6.661338147750939e-16,48,1227392959
8,4.3177542613803813e-16,3.4915808093142e-16,0.0,8.41868291085074e-16,0.0,49,3845237734
8,9.412501519481595e-16,3.4730879607260607e-16,0.0,8.829742492721948e-16,0.0,50,2457016243
8,1.874683163235278e-15,5.059210310009495e-16,0.0,8.479089858232163e-16,4.440892098500626e-16,51,2894242237
8,4.918300529807393e-16,2.6622212897024595e-16,0.0,8.233634315563857e-16,0.0,52,3109051470
8,2.054662609310059e-15,6.055551679337975e-16,0.0,8.400719712823689e-16,6.661338147750939e-16,53,2566264358
8,1.8991791910845106e-15,4.690302206656113e-16,0.0,9.006673595595123e-16,4.440892098500626e-16,54,2864569421
8,2.271213500102263e-15,6.888752704931532e-16,0.0,8.551465370822906e-16,0.0,55,3081137967
8,5.28085841456928e-15,1.1157603309187458e-15,0.0,9.365450576040412e-16,-1.7763568394002505e-15,56,4082634475
8,4.002966042486721e-16,1.798766884999431e-16,0.0,8.752913411414752e-16,0.0,57,2606001874
8,5.222180388738334e-16,2.1499376424746292e-16,0.0,9.014421732898814e-16,0.0,58,323386748
8,2.603703785810335e-16,2.7230185981536845e-16,0.0,8.029052874623616e-16,0.0,59,346944610
8,3.3132764271951784e-16,2.8300999731807747e-16,0.0,7.679321252372319e-16,0.0,60,2703397804
8,4.002966042486721e-16,6.427378727530082e-16,0.0,8.518786145294242e-16,0.0,61,1477090407
8,6.425880329391634e-16,2.482534153247273e-16,0.0,7.632783294297951e-16,0.0,62,585435087
8,3.313973885665633e-15,1.4242829811603716e-15,0.0,8.10752668832711e-16,-8.881784197001252e-16,63,3404955179
8,2.396928386753736e-15,1.1042710633494526e-15,0.0,8.471420456613482e-16,8.881784197001252e-16,64,4256916202
8,3.3823104336622004e-16,2.7194799110210365e-16,0.0,9.074842391027969e-16,0.0,65,2069475296
8,2.884444029575346e-16,1.3597399555105182e-16,0.0,7.711855592701269e-16,0.0,66,2039409956
8,9.062099802400752e-16,4.941739743737033e-16,0.0,7.963722312378281e-16,0.0,67,1503521395
8,2.8532947728746365e-15,6.087272963323595e-16,0.0,8.54583310691029e-16,0.0,68,131824183
8,3.7168643608663635e-15,8.717309103215161e-16,0.0,8.734190580539127e-16,8.881784197001252e-16,69,3973842689
8,7.499143576176368e-16,2.931836639897128e-16,0.0,8.492707249004995e-16,-4.440892098500626e-16,70,2772482669
8,1.4817422638912101e-15,1.0661763463076623e-15,0.0,8.195595452546736e-16,0.0,71,185153136
8,3.830872769517507e-16,1.6399331118690446e-16,0.0,8.252325904466732e-16,0.0,72,275817306
8,5.28085841456928e-16,2.1049566689853461e-16,0.0,8.209110333058305e-16,0.0,73,339916712
8,1.8209011484034673e-15,5.965834842859474e-16,0.0,8.675560052622147e-16,-4.440892098500626e-16,74,903247609
8,1.1457372517703787e-15,5.102800490722269e-16,0.0,8.421256163851031e-16,4.440892098500626e-16,75,3310831462
8,1.97436224679365e-15,5.953312170681638e-16,0.0,9.003102032450448e-16,-8.881784197001252e-16,76,871392437
8,9.961119953842058e-16,4.1932970789410407e-16,0.0,8.42468594521663e-16,-2.220446049250313e-16,77,3490593397
8,5.22978131691271e-16,3.212940164695817e-16,0.0,8.635508522760763e-16,0.0,78,408870004
8,1.4663329308305857e-15,8.075692090577301e-16,0.0,8.41868291085074e-16,-1.7763568394002505e-15,79,1723518681
8,3.260541871072589e-16,2.6766507790745728e-16,0.0,9.030231312185243e-16,0.0,80,3763247183
8,6.121976536852751e-16,3.065703529144609e-16,0.0,8.427828685313985e-16,0.0,81,2534378735
8,4.031730240309769e-16,7.57619501292145e-16,0.0,9.339001083509478e-16,0.0,82,2897507405
8,3.4300321928915983e-15,9.222205069512407e-16,0.0,8.120581339769891e-16,-8.881784197001252e-16,83,4191649733
8,1.1854344283519635e-15,9.85671039195275e-16,0.0,8.637738479808329e-16,0.0,84,1500397639
8,2.603703785810335e-16,4.266150252213274e-16,0.0,8.233926697954729e-16,0.0,85,3016956753
8,5.382005793715205e-16,1.6883057536160649e-16,0.0,9.361336832658047e-16,0.0,86,3781080101
8,1.1905815549843721e-15,4.4147945634195513e-16,0.0,9.19815755773575e-16,0.0,87,2769176010
8,2.2411660569805868e-15,7.152111528976949e-16,0.0,7.612965950120107e-16,-4.440892098500626e-16,88,50169181
8,4.660953740672398e-16,2.5438405243138006e-16,0.0,8.666276393028585e-16,0.0,89,435959845
8,3.6821932062951477e-16,1.4686870114880517e-16,0.0,8.334263157723024e-16,0.0,90,3124929531
8,2.315720047231923e-15,9.539401966176753e-16,0.0,7.733015428802237e-16,0.0,91,1787573635
8,5.495323605393213e-16,1.3877787807814457e-16,0.0,8.392333290941275e-16,0.0,92,1972131429
8,2.6944360297401985e-15,7.297579824934522e-16,0.0,8.270975252328749e-16,0.0,93,720732290
8,2.2068737261942384e-15,9.978505806222698e-16,0.0,7.800085297572586e-16,8.881784197001252e-16,94,1638884368
8,8.1773032027145e-16,2.7833528704240246e-16,0.0,9.662767911105659e-16,-4.440892098500626e-16,95,2211306871
8,2.9373740229761033e-16,1.5202354861220294e-16,0.0,8.933813269790007e-16,0.0,96,1795167480
8,6.824147276787289e-16,1.8619006149354548e-16,0.0,8.496391536440312e-16,0.0,97,23667166
8,1.779065280029371e-15,6.012562578665078e-16,0.0,9.292938109463748e-16,0.0,98,1269128792
8,1.4228624520802642e-15,1.0220922414754192e-15,0.0,8.763908156876301e-16,0.0,99,3714371992
9,8.294038360524783e-16,2.889292788722652e-16,2.7755575615628914e-17,7.634044807122746e-16,0.0,0,3790147470
9,1.179349777428763e-15,6.318929023740841e-16,1.1102230246251565e-16,6.753223014464259e-16,0.0,1,750133677
9,1.200739435261215e-15,1.314903087314122e-15,0.0,7.65168414856311e-16,0.0,2,2448597358
9,1.4428755911879315e-15,8.324647229988179e-16,0.0,7.205766531097152e-16,0.0,3,619123805
9,1.9775093963409694e-15,9.5898722498737e-16,0.0,6.593044732505606e-16,0.0,4,1627767538
9,6.354936496913564e-16,6.161339573711915e-16,0.0,6.445332334366683e-16,0.0,5,1209499561
9,1.3837802101234107e-15,5.071239580813697e-16,4.85722573273506e-17,7.306625627361387e-16,0.0,6,2013847519
9,5.852190043958906e-16,1.3782164197887626e-16,0.0,7.771561172376096e-16,0.0,7,1345123816
9,2.442964678128165e-15,9.272368187554789e-16,0.0,7.200419022730857e-16,0.0,8,664718212
9,8.155596593399671e-16,3.0452793825696077e-16,5.551115123125783e-17,6.922220526417403e-16,0.0,9,1416761895
9,1.3350567991204116e-15,4.697914324852919e-16,0.0,6.798699777552592e-16,0.0,10,848655862
9,5.026243970922235e-16,3.0041685567554117e-16,0.0,7.706859249065235e-16,0.0,11,2328876525
9,8.345469868565386e-16,2.0366038092925697e-16,0.0,6.933340566559918e-16,0.0,12,3963956883
9,1.1952217652547583e-15,1.0461999628304121e-15,5.551115123125783e-17,6.425880329391634e-16,0.0,13,3539405676
9,4.220788428785508e-16,6.995682746873618e-16,1.1102230246251565e-16,7.63656720759043e-16,0.0,14,3921708862
9,1.4862719595341777e-15,5.636900798831889e-16,5.551115123125783e-17,7.596108288712161e-16,0.0,15,1304995943
9,4.158702294486658e-16,1.9329521704836617e-16,0.0,8.188188822259819e-16,0.0,16,3334191754
9,6.822964095312652e-16,3.0900259070138655e-16,2.7755575615628914e-17,6.730369402342474e-16,0.0,17,3275454622
9,6.576168855939155e-16,3.0160184112587947e-16,2.7755575615628914e-17,7.879846534485585e-16,0.0,18,3306645217
9,7.009035805445173e-16,5.74211996999452e-16,0.0,7.328996257944194e-16,0.0,19,3546759595
9,3.015264579595789e-16,2.487562111262256e-16,0.0,8.411817054405489e-16,0.0,20,1427046122
9,5.999855775037548e-16,3.108481341450479e-16,0.0,7.259024953699689e-16,0.0,21,2363612027
9,8.908925379699604e-16,1.754440558439277e-16,0.0,7.173621687406365e-16,0.0,22,3585417405
9,6.237598874483994e-16,1.2231393725216873e-15,1.1102230246251565e-16,7.63656720759043e-16,0.0,23,1019167660
9,1.0319754492808518e-15,2.6194269335205205e-16,1.1102230246251565e-16,7.736788912175082e-16,0.0,24,4139685894
9,6.118707099342055e-16,2.6368128661896966e-16,1.1102230246251565e-16,7.390817819949493e-16,0.0,25,2535877919
9,7.843356539653825e-16,4.263893908851017e-16,0.0,7.017551473126622e-16,0.0,26,192450689
9,1.5314581432064987e-15,3.6244470906810216e-16,1.1102230246251565e-16,7.905468151562297e-16,0.0,27,139566741
9,1.781136372637037e-15,5.61072407057988e-16,0.0,7.15749512893306e-16,0.0,28,3676859327
9,7.473564354032903e-16,4.3723764654229817e-16,0.0,6.300271117485416e-16,0.0,29,169861361
9,4.2795653073821815e-16,4.1625775292046315e-16,0.0,7.473417450352271e-16,0.0,30,4253177527
9,4.534330869538863e-16,2.3563502704343706e-16,0.0,7.426885862005046e-16,0.0,31,1953644599
9,5.000091168551936e-16,2.689955127237183e-16,0.0,7.952832160537328e-16,0.0,32,2824648309
9,4.197731330910129e-16,6.805839286866492e-16,1.1102230246251565e-16,6.685868231518457e-16,0.0,33,4041012087
9,7.7008510379076345e-16,3.9018594111000645e-16,0.0,7.342308048725756e-16,0.0,34,915289641
9,1.9386202959673737e-15,1.3735564710053449e-15,4.85722573273506e-17,7.032629733738598e-16,0.0,35,2251160980
9,6.688588200533748e-16,3.2251484817097206e-16,5.551115123125783e-17,7.68182878590931e-16,0.0,36,2013371191
9,1.1476769351720014e-15,5.029629362277674e-16,0.0,8.130062465403937e-16,0.0,37,2133591873
9,1.2317093131487099e-15,4.46899264517111e-16,0.0,7.196405783762668e-16,0.0,38,988806486
9,4.252607393891483e-16,1.6870517932518113e-16,2.7755575615628914e-17,7.28021923224409e-16,0.0,39,2614528003
9,8.735851611586833e-16,6.206341080441027e-16,0.0,7.149754929289409e-16,0.0,40,8671909
9,4.2549655163688336e-16,3.851755897026989e-16,0.0,7.500427566182555e-16,0.0,41,2750421156
9,2.28352067894266e-15,6.423463165081114e-16,0.0,6.955527313080394e-16,0.0,42,3235690761
9,4.964175381497439e-16,3.4004820799057317e-16,0.0,7.483718513064266e-16,0.0,43,2181834013
9,2.8555904628728293e-15,3.8389756623004374e-15,0.0,7.879846534485585e-16,0.0,44,1077153057
9,2.926999501804977e-15,1.9159954497554752e-15,0.0,7.762882709398398e-16,0.0,45,4177618747
9,5.888792881550085e-16,2.255534998545153e-16,0.0,7.290793267202665e-16,0.0,46,21779916
9,2.7383048544969165e-16,3.249760054508719e-16,5.551115123125783e-17,8.073008690572806e-16,0.0,47,1419899735
9,1.2811831609055672e-15,1.0871913725301114e-15,0.0,7.716848701410009e-16,0.0,48,795508712
9,7.63755633872191e-16,1.9452421159322513e-16,5.551115123125783e-17,7.027150473277823e-16,0.0,49,2283413593
9,4.0052450043407616e-16,2.4240366068354202e-15,2.7755575615628914e-17,7.264329320467944e-16,0.0,50,1105426936
9,1.6247576282473312e-15,2.060658407583006e-15,5.551115123125783e-17,6.77599954797753e-16,0.0,51,1148255422
9,6.360303226368027e-16,3.259072251878059e-16,1.1102230246251565e-16,7.249732973174093e-16,0.0,52,2968284633
9,4.679355084465801e-16,7.912539145261097e-16,0.0,7.195067539997724e-16,0.0,53,1086430113
9,5.891742833216189e-16,2.9472495964977315e-16,0.0,6.787359152847496e-16,0.0,54,3027200593
9,9.896771540847991e-16,2.686173743872167e-16,1.1102230246251565e-16,7.412609615605549e-16,0.0,55,3435871847
9,6.283973455711969e-16,2.9974817770411196e-16,2.7755575615628914e-17,7.006930143354179e-16,0.0,56,1955043464
9,5.153863947104653e-16,2.0955118666232431e-16,0.0,7.542118045595167e-16,0.0,57,3242582678
9,4.956817686931562e-16,3.191875673948199e-16,1.1102230246251565e-16,6.304854800243424e-16,0.0,58,3001486630
9,5.043990755277187e-16,2.5857557567641905e-16,0.0,6.437857749532317e-16,0.0,59,2609092669
9,8.076511711409875e-16,3.003483090604209e-16,5.551115123125783e-17,7.515818336606974e-16,0.0,60,3056124801
9,5.247253830152477e-16,6.912716851515635e-16,0.0,6.15648449243079e-16,0.0,61,1731685576
9,7.435408357914175e-16,2.4584658535554367e-16,0.0,8.298870694937207e-16,0.0,62,3785699221
9,2.0232484493623383e-15,1.0028366253582213e-15,1.1102230246251565e-16,6.087272963323595e-16,0.0,63,1454457375
9,7.042829220740159e-16,2.0955081443200378e-16,0.0,7.255044133573769e-16,0.0,64,3510512474
9,9.777407739548228e-16,2.4582373703993527e-16,1.1102230246251565e-16,7.434985153231621e-16,0.0,65,2171637376
9,1.189727447398179e-15,4.807467327284596e-16,0.0,6.736090074350496e-16,0.0,66,1569459466
9,8.896345804412107e-16,3.7160352168983913e-16,0.0,7.034606573343076e-16,0.0,67,3010812673
9,1.794705746476164e-15,1.9825696791879192e-15,0.0,7.529898907871222e-16,0.0,68,4236457446
9,6.521168690018732e-16,3.417862834014847e-16,0.0,7.442428716526407e-16,0.0,69,3967344545
9,5.237756859520026e-16,2.844955039800707e-16,0.0,7.254048587204269e-16,0.0,70,1482988764
9,1.1295283388048573e-15,1.062093377013184e-15,0.0,7.153457808806092e-16,0.0,71,3058344170
9,5.428606265018969e-16,4.3885820734804574e-16,0.0,6.550551057807856e-16,0.0,72,1750772855
9,1.6348633760769909e-15,5.845179354441006e-16,0.0,7.55543271769643e-16,0.0,73,3537160992
9,1.2517750303094586e-15,2.249436323380496e-15,0.0,6.929172642788877e-16,0.0,74,1294581622
9,5.390115336499215e-16,3.015036135673899e-16,0.0,8.922096186039424e-16,0.0,75,2152948526
9,1.0110289734469823e-15,4.711105334728896e-16,0.0,8.423257039365816e-16,0.0,76,1435874566
9,6.720330121293121e-16,7.531530275024895e-16,0.0,6.461745986520615e-16,0.0,77,4129151802
9,4.177315997487879e-16,4.1988566601170716e-16,0.0,7.98183954739318e-16,0.0,78,139320685
9,2.416271671401777e-15,1.1074502200530357e-15,0.0,7.260351408704585e-16,0.0,79,1644687112
9,9.355669492614683e-16,6.183680016726867e-16,5.551115123125783e-17,7.928578270080922e-16,0.0,80,4153295826
9,1.2977537030275972e-15,1.2986640400013292e-15,0.0,7.870063977598499e-16,0.0,81,2755758851
9,5.26363137945147e-16,1.1099550674284977e-15,2.7755575615628914e-17,6.50333926369705e-16,0.0,82,214168100
9,8.949812440847194e-16,3.624527700549337e-16,0.0,7.924933784358564e-16,0.0,83,3571554885
9,1.5604128708208933e-15,1.035764606171796e-15,2.7755575615628914e-17,7.855367300016406e-16,0.0,84,1375251600
9,1.1692116408870465e-15,6.0453478277145e-16,2.7755575615628914e-17,7.343435057440258e-16,0.0,85,2138026049
9,5.834690888492912e-16,1.0294983521068427e-16,3.469446951953614e-17,6.614917107302101e-16,0.0,86,3484873131
9,4.486629264539423e-16,3.21116946838476e-16,0.0,7.205766531097152e-16,0.0,87,702085738
9,2.8050193370568464e-15,1.8711129132712985e-15,0.0,7.933738425700448e-16,0.0,88,1052074399
9,3.7053057752840473e-16,6.214022026192852e-16,0.0,7.406111315403549e-16,0.0,89,293957053
9,4.261721069652396e-16,3.228041378227405e-16,1.1102230246251565e-16,7.72682523912663e-16,0.0,90,6424859
9,2.016399310845986e-15,5.251752623289944e-16,1.1102230246251565e-16,6.556428628355768e-16,0.0,91,1221114697
9,5.731367576166347e-16,1.4834353269062216e-16,0.0,8.568339948907339e-16,0.0,92,421340482
9,1.1026040528815614e-15,1.0292672463651115e-15,0.0,7.227116997239067e-16,0.0,93,3894679377
9,5.512279837850273e-16,5.738088892388077e-16,0.0,7.043575467574348e-16,0.0,94,3607484792
9,6.744532721642203e-16,2.9058564562405425e-16,0.0,7.411310411386368e-16,0.0,95,1729158133
9,4.307048460184963e-16,2.684732482592172e-16,1.1102230246251565e-16,7.076311083754595e-16,0.0,96,3472647596
9,4.407998600200355e-16,2.573972735733458e-16,5.551115123125783e-17,8.053900950903363e-16,0.0,97,2363342635
9,1.4721158550865859e-15,5.606353472614264e-16,0.0,7.15749512893306e-16,0.0,98,1283238032
9,1.1714685191482303e-15,3.360092202445055e-16,5.551115123125783e-17,5.965834842859474e-16,0.0,99,441810440
10,2.9243678448967115e-15,1.1354017342450449e-15,1.1102230246251565e-16,5.93774839236159e-16,0.0,0,393047957
10,5.936553256834462e-16,8.287564992703441e-16,1.1102230246251565e-16,6.256173854266648e-16,0.0,1,457263144
10,4.545525739019677e-16,2.938414950556647e-16,2.7755575615628914e-17,6.888752704931532e-16,0.0,2,546617078
10,1.766942351149824e-15,1.0498876768437052e-15,0.0,5.876386976949624e-16,0.0,3,2595788536
10,8.487519060363485e-16,8.568904480799362e-16,1.1102230246251565e-16,5.11975649256e-16,0.0,4,1668218077
10,1.1309010033929469e-15,1.1774571345468197e-15,5.551115123125783e-17,5.224024053540252e-16,0.0,5,4273519566
10,2.308610967529154e-15,6.053630133886467e-16,0.0,5.768888059150692e-16,0.0,6,3472994834
10,7.398027656458369e-16,1.3329958270228971e-16,0.0,5.802176783577771e-16,0.0,7,787433322
10,6.94520456725475e-16,1.976253508520262e-16,1.1102230246251565e-16,5.585701844806365e-16,0.0,8,2098826731
10,7.37224003604489e-16,1.8035205266115932e-16,1.1102230246251565e-16,5.938837917708017e-16,0.0,9,4210662875
10,2.6608666265505562e-15,6.662449845787668e-16,1.1102230246251565e-16,5.395828371587614e-16,0.0,10,3257457868
10,8.610765947639299e-16,2.7402130558090448e-16,0.0,6.162737906427329e-16,0.0,11,1010057796
10,4.7124053719580826e-15,2.161034344982109e-15,5.551115123125783e-17,5.982356825831756e-16,0.0,12,2089208071
10,1.190973242199618e-15,3.85848915632329e-16,1.3877787807814457e-17,5.295426327528139e-16,0.0,13,2206898483
10,9.872210502565353e-16,2.839671984897667e-16,1.1102230246251565e-16,4.604833187825968e-16,0.0,14,3420931051
10,2.1970449590637702e-15,8.014205851661146e-16,5.551115123125783e-17,6.443184279335965e-16,0.0,15,1635284996
10,1.5035390039143942e-15,1.0983968129843435e-15,0.0,5.502328482176191e-16,0.0,16,248961198
10,4.783991989674563e-16,2.795933138594771e-16,0.0,5.523289809442722e-16,0.0,17,3328848002
10,6.548195918166053e-16,3.7275494573044466e-16,2.7755575615628914e-17,6.23728986632994e-16,0.0,18,544130693
10,7.376487385567833e-16,2.398491892100635e-16,1.1102230246251565e-16,5.450014180468905e-16,0.0,19,1987657661
10,1.652935989141584e-15,5.135013122034617e-16,1.2412670766236366e-16,4.585973723508303e-16,0.0,20,3441181680
10,7.057189149615168e-16,1.1226022242708976e-15,0.0,5.79553433516819e-16,0.0,21,1415566840
10,1.6891085066793873e-15,9.935656889109042e-16,5.551115123125783e-17,5.3533015581491455e-16,0.0,22,4279204276
10,1.276173029369756e-15,1.0124035515376496e-15,1.1102230246251565e-16,5.74211813252823e-16,0.0,23,439485302
10,2.536860206794464e-15,6.488592419250516e-16,1.1102230246251565e-16,6.925719182259552e-16,0.0,24,376989122
10,2.113226289956353e-15,5.010227842602876e-16,1.1102230246251565e-16,5.382005793715205e-16,0.0,25,1035417770
10,6.200830399949059e-16,1.1814534240888332e-15,1.2412670766236366e-16,6.550551057807856e-16,0.0,26,1911002942
10,4.3120476493153774e-16,1.0783676115397558e-15,1.1443916996305594e-16,5.090046421877633e-16,0.0,27,2997700333
10,3.859741274850568e-16,4.402061916294625e-16,5.551115123125783e-17,6.212538618432903e-16,0.0,28,983750066
10,1.2646428410725202e-15,3.74612389189675e-16,0.0,5.662749647834299e-16,0.0,29,170659437
10,6.733786392629295e-16,3.289580738779528e-16,1.1443916996305594e-16,5.558049685633556e-16,0.0,30,2989503867
10,8.15574796568103e-16,3.1125435990580777e-16,1.1102230246251565e-16,5.710271242654865e-16,0.0,31,4075172675
10,5.432048499697223e-16,5.569299743960236e-16,1.1102230246251565e-16,6.690187733356917e-16,0.0,32,2295380825
10,1.8119697271492805e-15,7.462138384318077e-16,1.2412670766236366e-16,4.982493048981751e-16,0.0,33,1591326440
10,1.1793822662030845e-15,5.444790607502595e-16,1.3877787807814457e-17,5.266250202865052e-16,0.0,34,2705804380
10,1.0379215200195172e-15,6.083376310925326e-16,0.0,5.869828507297948e-16,0.0,35,4012085797
10,1.8069430982689828e-15,6.057110733691656e-16,0.0,5.454871001296254e-16,0.0,36,1471036994
10,1.9199681868007113e-15,5.712206583591836e-16,5.551115123125783e-17,5.874748045952207e-16,0.0,37,2251553135
10,7.553333072606075e-16,2.276698680611882e-15,1.1102230246251565e-16,6.329625397139666e-16,0.0,38,1583802862
10,1.421762323908104e-15,9.548815505011424e-16,0.0,6.559204865815229e-16,0.0,39,3265861315
10,2.7051012404770256e-16,2.0867145550126853e-16,0.0,6.45375420870351e-16,0.0,40,189012603
10,1.880330267422395e-15,6.721063190133857e-16,0.0,5.606351459942525e-16,0.0,41,1792458243
10,5.163229612780472e-16,8.332247711846487e-16,4.163336342344337e-17,6.010860650248393e-16,0.0,42,1820798974
10,1.879777560284466e-15,5.2727768250456315e-16,1.1102230246251565e-16,6.455782214150334e-16,0.0,43,1171056964
10,9.119372941584324e-16,7.27496955328877e-16,1.5700924586837752e-16,6.667118051786499e-16,0.0,44,2569181132
10,1.8849494030816458e-15,7.738470898105508e-16,0.0,5.502328482176191e-16,0.0,45,119510759
10,5.795159497150215e-16,2.4211639078714443e-16,0.0,6.849500233248632e-16,0.0,46,3421556992
10,8.36908992249129e-16,2.251143520982897e-16,1.1102230246251565e-16,4.827894691472311e-16,0.0,47,1011890507
10,1.5372835660107124e-15,1.849359024266008e-15,0.0,5.661048867003676e-16,0.0,48,3275633135
10,3.5137286839323174e-16,1.141788476859377e-15,1.1102230246251565e-16,5.36049202688126e-16,0.0,49,2949804612
10,7.823505815678977e-16,3.042438509532754e-16,5.551115123125783e-17,5.737084865119032e-16,0.0,50,2256936094
10,1.5240423718213382e-15,5.663830973344051e-16,2.7755575615628914e-17,5.502328482176191e-16,0.0,51,4188180490
10,6.148155511627991e-16,5.237483396173549e-16,0.0,5.457077218171614e-16,0.0,52,348665467
10,4.532300780405009e-16,2.1267136547038443e-16,0.0,5.0895734351719815e-16,0.0,53,3341247108
10,1.7415937726199716e-15,6.836838473152938e-16,1.1102230246251565e-16,5.601196193141968e-16,0.0,54,1144407483
10,2.952919364010749e-15,1.8959418929990735e-15,0.0,6.158048441266492e-16,0.0,55,944403418
10,5.647804666219819e-16,6.450914632518051e-16,1.5700924586837752e-16,5.985173094038516e-16,0.0,56,3422946244
10,7.592435401794258e-16,2.1861853821426482e-16,5.551115123125783e-17,5.840327304296668e-16,0.0,57,1575651403
10,6.345704258505412e-16,2.6573444758368224e-16,1.1102230246251565e-16,6.389813363550566e-16,0.0,58,1857703835
10,6.636926526730642e-16,3.6774221037193774e-16,0.0,5.338891568193822e-16,0.0,59,3744330924
10,1.4853787841821028e-15,4.608672114005693e-16,1.1443916996305594e-16,6.181460191301304e-16,0.0,60,2317654765
10,1.4009949717003209e-15,5.144805747563246e-16,1.2412670766236366e-16,5.147892387644517e-16,0.0,61,1664968384
10,1.8365936779581044e-15,4.804616578549808e-16,0.0,5.823712417406891e-16,0.0,62,3357486895
10,8.173820269975654e-16,2.8878276660363104e-16,0.0,5.71780883649667e-16,0.0,63,3361583620
10,5.108443014358353e-16,3.4143943102983236e-16,1.1102230246251565e-16,5.211566658954003e-16,0.0,64,2368153388
10,1.696287606783583e-15,5.305639950809543e-16,1.1102230246251565e-16,5.523289809442722e-16,0.0,65,31177061
10,3.2535532978662243e-15,2.114717739501488e-15,0.0,5.200468367758596e-16,0.0,66,3714648407
10,3.3007295302974293e-15,8.92001687403193e-16,1.1102230246251565e-16,5.762207236921972e-16,0.0,67,3090072493
10,4.811874921375022e-16,3.268734040122587e-16,0.0,6.713178136967714e-16,0.0,68,734090182
10,7.35878509372663e-16,1.4247083490195492e-16,2.7755575615628914e-17,5.999635877334343e-16,0.0,69,3118041080
10,5.785736250168724e-16,1.5635330197137217e-16,0.0,6.3109611985757e-16,0.0,70,2883489025
10,8.452240155627001e-16,1.016036553308232e-15,7.850462293418876e-17,6.431871827503859e-16,0.0,71,3311837551
10,2.4029156440752298e-15,2.3882698401536753e-15,5.551115123125783e-17,6.031651237387228e-16,0.0,72,1053037104
10,3.79352789656422e-15,1.2463298022806374e-15,0.0,6.563768190296064e-16,0.0,73,381666641
10,1.1826854047769113e-15,4.033249600010005e-16,1.1102230246251565e-16,5.841872868741823e-16,0.0,74,1188090001
10,1.7049944156083462e-15,4.693045961261707e-16,1.1102230246251565e-16,5.446037196307369e-16,0.0,75,196405956
10,1.6988625820091633e-15,5.850917567069326e-16,0.0,6.036438896220727e-16,0.0,76,1862968612
10,3.0592939167877065e-15,8.60326985062402e-16,0.0,6.888752704931532e-16,0.0,77,3392270162
10,1.1278633374042955e-15,1.010390847645891e-15,2.0816681711721685e-17,6.306381954147435e-16,0.0,78,680703565
10,1.6729535868307754e-15,5.263252865628081e-16,0.0,5.725743836247979e-16,0.0,79,965385665
10,1.6660480248264262e-15,5.440974251944714e-16,0.0,7.066778860128639e-16,0.0,80,1792730700
10,2.646911922626888e-15,9.160055620250597e-16,6.206335383118183e-17,5.608068829092913e-16,0.0,81,4256700662
10,7.004681473099053e-16,6.519434937530441e-16,1.1102230246251565e-16,6.4018582627671775e-16,0.0,82,4049319048
10,1.6343402554982331e-15,1.0981499831764621e-15,0.0,5.722905067404158e-16,0.0,83,3458805803
10,3.3764132643462644e-16,2.889106666461035e-16,1.1102230246251565e-16,5.78287705198785e-16,0.0,84,1621821710
10,1.0160757572539954e-15,4.084984048805708e-16,0.0,5.840636449905002e-16,0.0,85,513206912
10,2.2714731250614144e-15,5.741044123384616e-16,1.1102230246251565e-16,5.838987484188936e-16,0.0,86,1639168797
10,1.5099474903492803e-15,4.415697029798846e-16,0.0,5.810469165661947e-16,0.0,87,1196311434
10,8.24302956857532e-16,2.2701840832127454e-16,5.551115123125783e-17,5.613217783960923e-16,0.0,88,1497951438
10,1.1617320907744593e-15,3.743231384727509e-16,5.551115123125783e-17,5.694967977388552e-16,0.0,89,2525039739
10,8.315009998007082e-16,6.036109820294522e-16,2.7755575615628914e-17,6.704925035140889e-16,0.0,90,2679755388
10,1.600455824542657e-15,4.765342829721165e-16,0.0,5.132905769563414e-16,0.0,91,4060392389
10,1.138219299707264e-15,1.9973138145427015e-15,0.0,5.630384121940775e-16,0.0,92,1843891277
10,1.1389219699802803e-15,2.8605520891469486e-16,0.0,6.080941944488118e-16,0.0,93,3577412150
10,3.723727081326348e-15,3.722663980118391e-15,2.7755575615628914e-17,4.62985963945236e-16,0.0,94,759952576
10,1.6026876565111907e-15,8.154370786102863e-16,0.0,6.55211280173096e-16,0.0,95,3658041014
10,9.244120948494522e-16,3.433262958109745e-16,0.0,5.616754952397173e-16,0.0,96,2606993250
10,9.141778825751455e-16,6.033104250799619e-16,5.551115123125783e-17,5.869828507297948e-16,0.0,97,920342980
10,5.704399395428059e-16,3.454232327530126e-16,0.0,5.185169430563076e-16,0.0,98,3375703331
10,4.474233678200817e-15,2.1353997946119076e-15,0.0,6.63961869590595e-16,0.0,99,4066694811
11,1.3775438712097975e-15,3.8713561675527326e-16,1.3877787807814457e-17,5.576319813133673e-16,0.0,0,955598615
11,1.906025896817659e-15,4.83793068526639e-16,0.0,5.074414582634863e-16,0.0,1,1715691078
11,3.7966170367248155e-15,1.5232794387284062e-15,1.1102230246251565e-16,5.940357851681591e-16,0.0,2,720158757
11,9.23032837058461e-16,3.5971056963540257e-16,1.3877787807814457e-17,4.619448428525918e-16,0.0,3,1292436733
11,1.039525819820461e-15,6.02912717731679e-16,1.1102230246251565e-16,5.828670879282072e-16,0.0,4,1816819986
11,7.860346663329605e-15,1.1694008962982705e-15,0.0,4.941739743737033e-16,0.0,5,3184924081
11,5.2909079355509036e-15,1.1595431428919121e-15,0.0,4.80740671595891e-16,0.0,6,3184543508
11,6.861629513970911e-16,3.250644089985304e-16,0.0,5.613217783960923e-16,0.0,7,1637538733
11,1.142860904058501e-15,1.2228666965674231e-15,0.0,4.815412394636862e-16,0.0,8,1003196960
11,5.16848723900826e-16,5.006911873476085e-16,1.2412670766236366e-16,5.882938135034111e-16,0.0,9,1569302568
11,3.073855414715542e-15,1.938219705879298e-15,4.163336342344337e-17,4.878984946956307e-16,0.0,10,167676412
11,2.6353763307383763e-15,1.0475198259445757e-15,0.0,4.761112836873094e-16,0.0,11,4216557249
11,8.286904237255486e-16,2.892184172007045e-16,1.5700924586837752e-16,4.936378087359142e-16,0.0,12,629697804
11,1.5603982518393073e-15,7.726787345839841e-16,5.003707553108401e-17,4.902612130890298e-16,0.0,13,1201815117
11,8.273514436832687e-16,1.1338175220450854e-15,1.5700924586837752e-16,4.2457866502527573e-16,0.0,14,1251447988
11,6.149114842881811e-16,2.8070299231445657e-16,1.3597399555105182e-16,5.338891568193822e-16,0.0,15,12284831
11,2.943564950815439e-15,2.0541084637605225e-15,0.0,4.710277376051325e-16,0.0,16,3316147601
11,8.150445175961367e-16,8.921465655646121e-16,1.1102230246251565e-16,4.823404785853848e-16,0.0,17,2070697640
11,7.937032650000297e-16,3.5331173153204864e-16,1.6243534171511178e-16,4.392928185477211e-16,0.0,18,4216546575
11,7.246667086275734e-16,2.1019730384697922e-16,5.551115123125783e-17,4.835866452841932e-16,0.0,19,2425569267
11,6.389901489337971e-16,3.67347845430903e-16,1.1102230246251565e-16,5.438959822042073e-16,0.0,20,3079244043
11,1.247761883070977e-15,1.0642183225610914e-15,0.0,5.026748538604307e-16,0.0,21,3964340055
11,5.625165698913612e-16,5.824534716010009e-16,1.3877787807814457e-17,5.132905769563414e-16,0.0,22,2600098743
11,2.5544122273245353e-15,1.1106531331368303e-15,1.5700924586837752e-16,4.855242786854203e-16,0.0,23,4105926885
11,8.913353335314452e-16,2.957242815948892e-16,1.1102230246251565e-16,5.848462687947774e-16,0.0,24,2206228272
11,4.1473071685619524e-16,6.607501629830995e-16,2.7755575615628914e-17,5.254465668267922e-16,0.0,25,2645235969
11,3.2643593530254123e-15,1.2639500183407961e-15,0.0,5.340694943204953e-16,0.0,26,3971658381
11,2.7227869393720947e-15,5.525605212483579e-16,1.2412670766236366e-16,4.695944831791985e-16,0.0,27,4268496016
11,1.3818067033465344e-15,4.0090039195011937e-16,1.1102230246251565e-16,4.75098925995612e-16,0.0,28,1351025988
11,9.661433345337017e-16,3.776743897988344e-16,1.1102230246251565e-16,4.972820174300706e-16,0.0,29,3874035405
11,1.107215567522176e-15,1.146040130628254e-15,0.0,4.686836323358398e-16,0.0,30,3889738715
11,1.3795458876752686e-15,5.446376221141746e-16,0.0,5.48304353729612e-16,0.0,31,3182431230
11,9.973753902201311e-16,7.421460933247159e-16,1.1443916996305594e-16,5.177735492072797e-16,0.0,32,462577915
11,1.7156243598035962e-15,2.180015499313766e-15,1.1443916996305594e-16,6.096066107184776e-16,0.0,33,846560206
11,3.325321629721667e-15,8.859558046445113e-16,0.0,5.162835502930473e-16,0.0,34,210980291
11,3.8658160858305896e-16,3.5173391245466563e-16,0.0,5.589579458494345e-16,0.0,35,2739568413
11,3.0971818502518376e-15,9.47163467774419e-16,1.1102230246251565e-16,5.608068829092913e-16,0.0,36,2632530858
11,2.6942286283884556e-15,7.191790282187329e-16,5.551115123125783e-17,5.5180569425081325e-16,0.0,37,684477783
11,3.9339207764330215e-15,2.0019463730209598e-15,1.1102230246251565e-16,5.104687272258635e-16,0.0,38,3508125904
11,9.929449903029498e-16,1.5494313851931744e-15,1.5700924586837752e-16,4.878984946956307e-16,0.0,39,2657526089
11,6.452469947051539e-16,1.084709073894553e-15,5.551115123125783e-17,5.374844106186573e-16,0.0,40,2954831273
11,2.893175409566089e-15,6.608911881778941e-16,1.1102230246251565e-16,5.31720336112929e-16,0.0,41,3354931600
11,1.5268730726303448e-15,3.7504931295412146e-16,0.0,5.42477737333404e-16,0.0,42,1425118270
11,2.2008309085213013e-15,8.444737948749224e-16,5.551115123125783e-17,4.878984946956307e-16,0.0,43,530545749
11,1.8083965857253373e-15,4.735752395119232e-16,1.1102230246251565e-16,4.526797389797801e-16,0.0,44,2121698285
11,1.3358800840151733e-15,2.8359767425239044e-16,1.2412670766236366e-16,4.081579843510303e-16,0.0,45,977202672
11,1.4845561493290704e-15,8.405558181560287e-16,5.551115123125783e-17,5.564975606931872e-16,0.0,46,2260908403
11,1.0237320030351001e-15,3.4248293327183587e-16,5.551115123125783e-17,5.551115123125783e-16,0.0,47,1824496737
11,7.007288152332302e-16,6.092449472750526e-16,0.0,5.417672226377439e-16,0.0,48,4178958426
11,5.800682085780051e-16,5.236471934211151e-16,1.1102230246251565e-16,4.827396019292964e-16,0.0,49,437530601
11,3.645325607653585e-15,1.2062027525345149e-15,5.551115123125783e-17,4.611102534756203e-16,0.0,50,343021061
11,7.817308457104986e-16,3.8049467939000684e-16,0.0,4.20934145542537e-16,0.0,51,1753748119
11,2.099038349740056e-15,7.831338763303159e-16,2.7755575615628914e-17,5.304510956487649e-16,0.0,52,505145950
11,7.447874923632994e-16,4.267506706344053e-16,0.0,5.229551148071769e-16,0.0,53,4095571448
11,7.399688326336377e-16,1.747425728948998e-16,0.0,5.36049202688126e-16,0.0,54,3403802590
11,1.2519609773662928e-15,6.809896691804784e-16,0.0,5.273559366969494e-16,0.0,55,723457933
11,5.857144005747994e-16,3.549198215963099e-16,1.2412670766236366e-16,5.6364366526097585e-16,0.0,56,1289890356
11,5.975835224843284e-16,1.9152052812365483e-16,0.0,5.610214801248558e-16,0.0,57,1067041254
11,9.028838404495656e-16,2.525466374910091e-16,1.6243534171511178e-16,4.972820174300706e-16,0.0,58,492741580
11,5.926259506093489e-16,2.4470033977139363e-16,1.6653345369377348e-16,4.941739743737033e-16,0.0,59,2154478901
11,1.4523385767254651e-15,1.0698575547637772e-15,1.2412670766236366e-16,5.836925621952896e-16,0.0,60,3888454457
11,3.569643590647413e-15,6.94209519110964e-16,0.0,4.980559976921029e-16,0.0,61,2310597953
11,2.941616692085664e-15,3.801492568981516e-15,1.1102230246251565e-16,5.412893217606095e-16,0.0,62,3540983543
11,1.251913388297677e-15,4.870426913066906e-16,1.1102230246251565e-16,6.143958570009227e-16,0.0,63,211588148
11,4.4117797377552726e-16,3.4826492859921043e-16,1.1102230246251565e-16,5.36049202688126e-16,0.0,64,2628610761
11,8.149776967039621e-16,1.7608744805590593e-16,1.1102230246251565e-16,5.110343437176303e-16,0.0,65,52194217
11,1.1142558586613893e-15,6.924568568669418e-16,1.1102230246251565e-16,5.757635807718226e-16,0.0,66,40757302
11,8.436351040737608e-16,2.9080450190463444e-16,5.721958498152797e-17,4.652682298944613e-16,0.0,67,3610740663
11,1.4867671086164039e-15,8.260678670464206e-16,0.0,5.502328482176191e-16,0.0,68,3441160343
11,8.421707691849744e-16,6.845312798515795e-16,1.5700924586837752e-16,6.158048441266492e-16,0.0,69,2002793866
11,5.488643100720252e-16,3.5647737322303604e-16,5.928593550334434e-17,5.003707553108401e-16,0.0,70,133673739
11,2.9821682008310098e-15,1.0679326484494764e-15,1.1102230246251565e-16,4.714364385389477e-16,0.0,71,3760484261
11,1.099262011193422e-15,3.8682895608463465e-16,1.1102230246251565e-16,4.272916553455145e-16,0.0,72,3001230202
11,1.9181384823123244e-15,7.332161257653981e-16,7.850462293418876e-17,5.244261588236206e-16,0.0,73,1751625058
11,1.109620150625858e-15,6.090741689608952e-16,0.0,5.620075719058478e-16,0.0,74,1536179650
11,1.199973839822597e-15,4.016487472495527e-15,0.0,4.723037537524465e-16,0.0,75,2983239080
11,1.0571990040751384e-15,6.565048115298815e-16,1.1102230246251565e-16,5.162835502930473e-16,0.0,76,1072885079
11,7.337838447400663e-16,3.043093451528889e-16,1.1102230246251565e-16,5.140521621704175e-16,0.0,77,4156962653
11,1.5036245756619653e-15,5.808215118491215e-16,0.0,5.164700352369266e-16,0.0,78,1764861244
11,1.4255500317610468e-15,4.2235255120454676e-16,1.1102230246251565e-16,5.44249965959353e-16,0.0,79,2455204330
11,1.0441733464640447e-15,6.541882963061943e-16,1.594436429147036e-16,4.379755957367587e-16,0.0,80,1672735103
11,1.7739333272808047e-15,8.39347680497801e-16,2.7755575615628914e-17,5.446037196307369e-16,0.0,81,4268934293
11,3.763525933306765e-15,9.12475602767362e-16,2.7755575615628914e-17,5.095246377785861e-16,0.0,82,1164261857
11,1.2051933588920827e-15,2.4136282751413937e-16,5.551115123125783e-17,5.926969055564841e-16,0.0,83,2432790586
11,8.266778206168929e-16,2.780140759337078e-16,1.1102230246251565e-16,4.835368602791419e-16,0.0,84,2846890180
11,2.1989138782613835e-15,4.762733483726316e-16,1.3877787807814457e-17,5.763878168445254e-16,0.0,85,2101769557
11,5.056568078630813e-16,3.508085312841191e-16,3.469446951953614e-18,4.3709524189038457e-16,0.0,86,4042432638
11,8.877677579391508e-16,1.1081539744104446e-15,2.0816681711721685e-17,5.35190307053762e-16,0.0,87,706314160
11,1.827956023560203e-15,4.987422538098156e-16,8.326672684688674e-17,5.558049685633556e-16,0.0,88,4271794429
11,5.91877681303989e-16,3.2846219967965874e-16,2.7755575615628914e-17,4.1725779438208954e-16,0.0,89,100565821
11,1.387224050006444e-15,3.1099759078759076e-16,5.551115123125783e-17,4.509747244882934e-16,0.0,90,559153049
11,2.0694692629622005e-15,8.171362590024024e-16,7.850462293418876e-17,6.101493737192989e-16,0.0,91,1155752744
11,8.004040683085569e-16,3.8515918463745105e-16,1.1188630228279524e-16,4.611102534756203e-16,0.0,92,434910996
11,7.074283186040665e-16,3.0431098046996875e-16,0.0,5.991605307709952e-16,0.0,93,158624850
11,2.9975795030666484e-15,1.1473723930174952e-15,0.0,5.013320832966251e-16,0.0,94,369588785
11,4.657181040279717e-15,2.254349776758854e-15,1.1295700899707568e-16,4.484050470211362e-16,0.0,95,969091475
11,5.421158890687197e-16,2.6048505766227073e-16,1.5700924586837752e-16,5.192592726319031e-16,0.0,96,1458175643
11,6.902894984240786e-16,2.638619493053992e-16,2.7755575615628914e-17,4.509747244882934e-16,0.0,97,1949405921
11,2.4721575355158306e-15,9.034781820977795e-16,1.1102230246251565e-16,5.155369359468229e-16,0.0,98,399792917
11,5.743831008705153e-16,1.2423564542356251e-16,0.0,4.941739743737033e-16,0.0,99,1363587713
12,7.820967653285533e-16,3.3219841332160006e-16,0.0,1.361173300777359e-15,0.0,0,245640748
12,5.331784849876338e-16,2.4554764165325006e-16,0.0,1.2701208878163364e-15,0.0,1,1197908907
12,8.491644176722983e-16,1.0142185086544333e-15,0.0,1.2457778684162936e-15,0.0,2,1474051103
12,2.921241369492431e-15,2.309765905659507e-15,0.0,1.247457973265988e-15,0.0,3,690484417
12,1.7360690994946587e-15,5.613217783960923e-16,0.0,1.1756050901949517e-15,0.0,4,3542124496
12,2.3593871897712903e-15,5.042050700450315e-16,0.0,1.2114780180608305e-15,0.0,5,2212386605
12,1.126958403192735e-14,1.4739883209385483e-15,0.0,1.2576446107020923e-15,0.0,6,3907588823
12,5.120726229685202e-16,4.084527897230527e-16,0.0,1.3107443050920813e-15,0.0,7,3404795258
12,1.5376188083298704e-15,5.02099820474265e-16,0.0,1.2951775868819235e-15,0.0,8,3147912422
12,1.821324171094365e-15,8.757587864838166e-16,0.0,1.21935143296219e-15,0.0,9,3215911119
12,2.559690151327964e-15,6.489999066544528e-16,0.0,1.2648025775023736e-15,0.0,10,120964710
12,2.6681829096648187e-15,9.544606563026261e-16,0.0,1.2694952451518828e-15,0.0,11,1543036827
12,5.396858279611502e-16,4.0892403624808086e-16,0.0,1.3148792001839643e-15,0.0,12,1307617421
12,1.1326562074190682e-15,4.484050470211362e-16,0.0,1.2566871346510768e-15,0.0,13,321940642
12,3.1463121132764932e-15,1.1741502469620287e-15,0.0,1.283076348648906e-15,0.0,14,1903230313
12,4.056138132500909e-15,1.1635120248773078e-15,0.0,1.2218168635860106e-15,0.0,15,2935566828
12,9.209666375651935e-16,5.064917260848195e-16,0.0,1.2694952451518828e-15,0.0,16,201353512
12,6.956219508664839e-16,2.2215299868541707e-16,0.0,1.1887717106677704e-15,0.0,17,2325917961
12,1.1071830966928983e-15,4.20934145542537e-16,0.0,1.2743406644643015e-15,0.0,18,3882406564
12,1.495456402381045e-15,2.2126260232204522e-15,0.0,1.2372263817907275e-15,0.0,19,2334855964
12,9.461672280638076e-16,3.752780664831301e-16,0.0,1.280672456422863e-15,0.0,20,2759944321
12,9.94104020067166e-16,6.000438343181219e-16,0.0,1.2591368194996016e-15,0.0,21,2575576734
12,5.9332371502811625e-15,1.0389125512203695e-15,0.0,1.31115720514691e-15,0.0,22,3698250696
12,9.60679774612937e-16,3.0531133177191805e-16,0.0,1.2465506116400696e-15,0.0,23,2849161993
12,9.163807090949943e-16,3.3132764271951784e-16,0.0,1.200248140345009e-15,0.0,24,2448077917
12,2.3117245531606272e-15,1.2664574440879132e-15,0.0,1.2085745128924086e-15,0.0,25,1355969865
12,8.130062465403937e-16,3.152427400121712e-16,0.0,1.2459131330779495e-15,0.0,26,3467825699
12,1.2515618131034315e-15,3.390840864445248e-16,0.0,1.2539255187600815e-15,0.0,27,3198478443
12,2.0317100309358032e-15,9.074842391027969e-16,0.0,1.2561362554476346e-15,0.0,28,3062987889
12,8.098066743264291e-15,3.744534733063219e-15,0.0,1.237537672871711e-15,0.0,29,1524879956
12,6.251908992029204e-15,1.1372008821969722e-15,0.0,1.2076865267462637e-15,0.0,30,1719351458
12,8.645538799963171e-16,4.3709524189038457e-16,0.0,1.2340311207692404e-15,0.0,31,3373100507
12,1.0459332467517033e-15,3.452927752208585e-16,0.0,1.2502338752668161e-15,0.0,32,4039691910
12,1.2710114229825055e-15,7.920071861333852e-16,0.0,1.1847640658451907e-15,0.0,33,22107503
12,5.108307939278087e-15,1.0750583982401981e-15,0.0,1.1702267528925138e-15,0.0,34,1180431851
12,9.255819658955918e-16,7.8205684453079905e-16,0.0,1.27675647831893e-15,0.0,35,580792367
12,1.9273644379655086e-15,1.0129893935435216e-15,0.0,1.2181662539039428e-15,0.0,36,436732105
12,1.1023017744310797e-15,6.614917107302101e-16,0.0,1.2707083321416676e-15,0.0,37,3770831387
12,6.98231004571397e-15,3.7095251528534434e-15,0.0,1.2965151967721702e-15,0.0,38,1518483211
12,1.2108717796125247e-15,5.042050700450315e-16,0.0,1.30804706902963e-15,0.0,39,3619308191
12,1.261581747665054e-15,3.9717212831147534e-16,0.0,1.245753830417017e-15,0.0,40,3276730438
12,4.12075665748059e-15,1.9136665535212428e-15,0.0,1.1547787205753845e-15,0.0,41,2934793477
12,3.0122792599601423e-15,7.070865672341163e-16,0.0,1.2149208654798788e-15,0.0,42,1288581658
12,8.585466150897046e-16,5.189346341052457e-16,0.0,1.2894025843359711e-15,0.0,43,2405786630
12,5.495433125260201e-16,3.273851106429365e-16,0.0,1.3094602989246072e-15,0.0,44,2764949439
12,4.815412394636862e-16,2.0206364052201326e-16,0.0,1.2664574440879132e-15,0.0,45,579904984
12,6.371703322321508e-16,2.0955000055363631e-16,0.0,1.22156069063769e-15,0.0,46,1116130679
12,1.3013016332367487e-15,4.727622764626411e-16,0.0,1.2122626959799928e-15,0.0,47,1969295069
12,7.101102785407264e-16,7.223118591955294e-16,0.0,1.2759265582276006e-15,0.0,48,3212784159
12,1.3682823169722073e-15,2.755536028751335e-16,0.0,1.1990440790417471e-15,0.0,49,3305082894
12,1.8522704364403996e-15,5.318221971631289e-16,0.0,1.2950288782773939e-15,0.0,50,255793933
12,1.5970916123837278e-15,2.924231343973887e-16,0.0,1.2592132953610405e-15,0.0,51,4060466054
12,6.584366845367284e-16,5.713958993747209e-16,0.0,1.2488515148034757e-15,0.0,52,2060811334
12,7.359154165810706e-16,3.818283603795215e-16,0.0,1.2591368194996016e-15,0.0,53,3800580857
12,6.006152808960838e-16,3.725093992010139e-16,0.0,1.216505063395608e-15,0.0,54,606128393
12,7.304669057240183e-16,1.6004880685820424e-16,0.0,1.287889364951391e-15,0.0,55,1716674151
12,1.3378216238793042e-15,6.488515129388617e-16,0.0,1.1843576008730781e-15,0.0,56,477451473
12,1.1577976461982145e-15,2.1677797545656835e-16,0.0,1.1551122306821434e-15,0.0,57,2975198574
12,1.3107808228652318e-15,5.702149795131439e-16,0.0,1.1947800110396136e-15,0.0,58,4155968978
12,3.3406162310742567e-15,1.8875832159447663e-15,0.0,1.2533302082415627e-15,0.0,59,3841101328
12,2.0210176214116614e-15,1.827565554995211e-15,0.0,1.2216395188048187e-15,0.0,60,1887965067
12,4.927533256597946e-15,1.2005690194151301e-15,0.0,1.2063302474774457e-15,0.0,61,3047186494
12,1.903939426905608e-15,1.1216137658185826e-15,0.0,1.1623424004946417e-15,0.0,62,1087869400
12,1.2428951719244073e-15,2.220446049250313e-16,0.0,1.1606959461843203e-15,0.0,63,2219205251
12,1.0623534945633305e-15,2.2761925395175766e-16,0.0,1.2671415842894742e-15,0.0,64,366891968
12,7.454064588905287e-16,1.716587549445839e-16,0.0,1.2360778183961574e-15,0.0,65,800166306
12,1.8652079251004395e-15,5.087799343407687e-16,0.0,1.2228213315207787e-15,0.0,66,220565452
12,6.934924588655134e-16,4.3063440269644515e-16,0.0,1.2845764968856404e-15,0.0,67,1932906317
12,5.211566658954003e-16,2.8752485607825645e-16,0.0,1.2613730156351226e-15,0.0,68,3165699423
12,9.503245230823967e-16,7.860269245766492e-16,0.0,1.2190354978790368e-15,0.0,69,2816425710
12,1.3238384013536994e-15,5.150814371548388e-16,0.0,1.2437471331954208e-15,0.0,70,1076642533
12,2.6001878912438985e-15,6.118854389952557e-16,0.0,1.1687145034967831e-15,0.0,71,1485347940
12,1.2579125733963204e-15,3.379462171739212e-16,0.0,1.1801832636420706e-15,0.0,72,795883357
12,1.0806937422804438e-15,3.805652793121308e-16,0.0,1.1947800110396136e-15,0.0,73,1586138584
12,5.4495724366642905e-16,7.433446966965261e-16,0.0,1.283076348648906e-15,0.0,74,2078636672
12,7.156079027542337e-15,3.778149675279538e-15,0.0,1.2444437585852469e-15,0.0,75,554729924
12,1.3991122883725904e-15,5.768888059150692e-16,0.0,1.189213438301078e-15,0.0,76,453300208
12,1.2488466955414437e-15,1.0149777964333666e-15,0.0,1.2139148181653588e-15,0.0,77,3515750336
12,1.0457264339871385e-15,6.428274087792886e-16,0.0,1.305250025399329e-15,0.0,78,2660409133
12,2.83480780405836e-15,1.3984625840866e-15,0.0,1.2421976780863234e-15,0.0,79,3270629245
12,4.433383071024824e-15,1.4822133570478745e-15,0.0,1.244022927391017e-15,0.0,80,896891374
12,2.5438406721839904e-15,9.450725097958003e-16,0.0,1.2247884852835685e-15,0.0,81,1459932865
12,1.4345397498244415e-15,7.520941594418423e-16,0.0,1.2782640434660324e-15,0.0,82,263213577
12,2.582538951201927e-15,1.97026712507607e-15,0.0,1.2579891236823121e-15,0.0,83,3074762341
12,8.76857674909671e-16,6.505189905225561e-16,0.0,1.1967329087540621e-15,0.0,84,3389297013
12,5.725743836247979e-16,7.466294793042665e-16,0.0,1.2577785991852005e-15,0.0,85,3651133448
12,2.969327749744842e-15,1.876637294036504e-15,0.0,1.2341140292062069e-15,0.0,86,2528495700
12,8.515354508543929e-16,2.885487114999661e-16,0.0,1.185561348254892e-15,0.0,87,1401388074
12,7.588815465014242e-16,9.019494489765868e-16,0.0,1.2037731057624424e-15,0.0,88,38197269
12,2.5092713618070863e-15,1.785872332476558e-15,0.0,1.256979242147153e-15,0.0,89,74388877
12,9.78857591478353e-16,7.844940495178668e-16,0.0,1.2852521630273456e-15,0.0,90,374529936
12,1.5490993224149626e-15,7.787729942349651e-16,0.0,1.169821165412262e-15,0.0,91,3631938623
12,1.5888854959849683e-15,8.334258644327095e-16,0.0,1.2822505190185665e-15,0.0,92,1430797540
12,9.281273166305369e-16,3.06962738014153e-16,0.0,1.2266739850301494e-15,0.0,93,625685603
12,9.656848948463737e-16,3.7980541443560803e-16,0.0,1.2959208739370123e-15,0.0,94,946780784
12,6.068260091384017e-16,2.7230185981536845e-16,0.0,1.2887676222033018e-15,0.0,95,23178062
12,5.495008175980447e-15,2.1839445175012114e-15,0.0,1.2689641549319539e-15,0.0,96,4163009100
12,1.982047401189256e-15,1.0595454693619676e-15,0.0,1.170500085967798e-15,0.0,97,2005765050
12,1.3012785079889192e-15,3.1531909770737174e-16,0.0,1.224080674111502e-15,0.0,98,485563526
12,1.5521316521201009e-15,6.413880542394858e-16,0.0,1.293540851957769e-15,0.0,99,3186566305
13,3.842787145677887e-15,1.920260050662421e-15,0.0,7.915206951869091e-16,0.0,0,214313386
13,2.78939869953225e-15,1.6092477375325223e-15,1.1102230246251565e-16,7.821275462391002e-16,0.0,1,2548729227
13,1.803283075960809e-15,8.816299102609178e-16,0.0,7.596108288712161e-16,0.0,2,181810878
13,8.603611939981695e-16,3.7013184819076415e-16,1.1102230246251565e-16,7.108895957933346e-16,0.0,3,129463670
13,4.955894947848441e-15,1.1034825798181497e-15,0.0,6.804363002006077e-16,0.0,4,942921212
13,1.4373836853292185e-15,7.362303177650888e-16,0.0,6.461745986520615e-16,0.0,5,2668726816
13,2.687178858043127e-15,5.606305011043522e-16,0.0,8.15843973306311e-16,0.0,6,1392099445
13,9.039529669230964e-16,4.408795252117169e-16,0.0,6.923611508150807e-16,0.0,7,2122120752
13,1.2012689006197957e-15,4.918534379210073e-16,1.1102230246251565e-16,7.688094041649352e-16,0.0,8,737246903
13,1.2033774861001708e-15,4.693475977671513e-16,1.3877787807814457e-17,7.411310411386368e-16,0.0,9,1164647831
13,8.93668554311959e-16,4.57969399351675e-16,0.0,7.879846534485585e-16,0.0,10,62113742
13,1.5338576574154817e-15,1.0386334971358396e-15,0.0,7.348678496207199e-16,0.0,11,4180861856
13,3.970427005868102e-15,1.9572490203554747e-15,0.0,7.001065424966057e-16,0.0,12,991507776
13,1.3522990559007426e-15,5.774491937988346e-16,0.0,7.45923026145106e-16,0.0,13,3579247699
13,1.443591950078814e-15,1.1273669225486776e-15,0.0,7.18971207402309e-16,0.0,14,2244993939
13,4.81971787701506e-15,1.0699613037329321e-15,5.551115123125783e-17,7.387885666679897e-16,0.0,15,4095486263
13,5.868716549195648e-16,2.8643721515973934e-16,0.0,7.469550889370673e-16,0.0,16,2216638788
13,1.5999401809237903e-15,6.186713997072138e-16,1.1102230246251565e-16,7.411310411386368e-16,0.0,17,3567784465
13,1.0431993269846719e-15,6.058549234391262e-16,1.1102230246251565e-16,7.185692855182568e-16,0.0,18,3863319778
13,2.888685466821522e-15,8.881003624566581e-16,0.0,7.850462293418876e-16,0.0,19,1887408157
13,1.9130549706859825e-15,5.453230840093904e-16,0.0,7.494005416219807e-16,0.0,20,1602930064
13,9.860575605592359e-16,2.598611349218569e-16,0.0,7.327682229021407e-16,0.0,21,3996079549
13,7.14764953425849e-16,3.7161677348173326e-16,0.0,8.064654625088228e-16,0.0,22,2771180471
13,9.269582214671834e-16,7.413089062819802e-16,0.0,8.288711355883596e-16,0.0,23,3673183812
13,1.6858246127838809e-15,1.071355162875682e-15,0.0,7.529898907871222e-16,0.0,24,3855567023
13,3.3315074283769976e-15,6.747885199308254e-16,0.0,8.08254562088053e-16,0.0,25,2031901145
13,2.8177996383096882e-15,4.02508538414016e-15,0.0,7.97218214573518e-16,0.0,26,3563053515
13,2.017283665687364e-15,1.0477500882957807e-15,0.0,7.505561329662602e-16,0.0,27,498080510
13,4.472036464631442e-15,3.7462600376935816e-15,0.0,7.442428716526407e-16,0.0,28,745224152
13,3.042952748715052e-15,4.1752962219867175e-15,0.0,7.806178542693738e-16,0.0,29,2579604946
13,2.584364292668178e-15,1.4732080676670217e-15,0.0,7.072227418270464e-16,0.0,30,1594594194
13,3.0887152026233415e-15,1.0452786568243924e-15,1.1102230246251565e-16,7.055869121689407e-16,0.0,31,4217893755
13,6.17570326397836e-16,1.0602017336418683e-15,0.0,7.894497640785698e-16,0.0,32,847136182
13,1.3244699017501049e-15,5.439015591317357e-16,2.7755575615628914e-17,7.216449660063518e-16,0.0,33,1271002796
13,7.513557306692282e-16,4.2261662972783014e-16,0.0,5.933464366067994e-16,0.0,34,776777900
13,1.5176496685956331e-15,4.1723973743385845e-16,0.0,7.390492082589766e-16,0.0,35,641793195
13,2.1732486813151575e-15,5.606617072537756e-16,5.551115123125783e-17,7.947987303456224e-16,0.0,36,3363725137
13,1.7023536281433207e-15,9.88081795503323e-16,0.0,7.822198817032362e-16,0.0,37,202154572
13,3.86491608264509e-15,1.2399993040939624e-15,0.0,7.130536482749599e-16,0.0,38,3795109975
13,8.922974937058528e-16,1.5573572552969785e-15,0.0,7.580880525408319e-16,0.0,39,1721744525
13,2.3869727660745146e-15,5.637258752611136e-16,1.3877787807814457e-17,7.28550816809042e-16,0.0,40,2761585039
13,6.436513502873642e-16,3.298659923917855e-16,2.7755575615628914e-17,7.442428716526407e-16,0.0,41,1536973246
13,2.5431861988026288e-15,8.686551234502976e-16,0.0,6.927782777637439e-16,0.0,42,3761250633
13,1.3636942516203476e-15,4.048641242845611e-15,0.0,7.929792726436376e-16,0.0,43,2868958662
13,1.3861108892323535e-15,1.1599199808946207e-15,0.0,8.10752668832711e-16,0.0,44,3400085749
13,8.714307464545176e-16,2.0491482648191482e-15,0.0,7.119724442439612e-16,0.0,45,1364893035
13,9.724045460193153e-16,1.3030494469697037e-15,1.1102230246251565e-16,6.969358162517269e-16,0.0,46,1708454515
13,7.417001262879478e-16,1.0219692929006055e-15,0.0,7.313212328083572e-16,0.0,47,2772959971
13,1.1897952562780387e-15,6.081643220414302e-16,0.0,7.939501689639862e-16,0.0,48,3889287879
13,2.4413932302361698e-15,5.823966262841701e-16,1.1102230246251565e-16,7.652942545767337e-16,0.0,49,2297317641
13,9.281858077466204e-16,3.7126415127930227e-16,0.0,6.622191845129327e-16,0.0,50,4293075299
13,2.427117087057839e-15,5.119104489293929e-16,0.0,6.975227969040335e-16,0.0,51,2977325991
13,2.2249883511278745e-15,1.8793739707631268e-15,1.3877787807814457e-17,7.565622112370446e-16,0.0,52,2295572515
13,1.282508480967411e-15,6.592057619374178e-16,0.0,7.866392382354308e-16,0.0,53,2576409418
13,7.065417766430911e-16,6.947227422615692e-16,0.0,7.587229140979892e-16,0.0,54,1274572611
13,3.046856929153548e-15,6.162746793430226e-16,1.1102230246251565e-16,8.324937780474679e-16,0.0,55,3795371826
13,3.634319577400143e-15,1.8909633972952346e-15,0.0,7.184352615899217e-16,0.0,56,2766231636
13,6.987433787824314e-16,6.473004402463094e-16,0.0,7.489586993719579e-16,0.0,57,281963327
13,9.074926149730513e-16,6.421931053657504e-16,1.1102230246251565e-16,6.843874359417885e-16,0.0,58,4061244631
13,5.154659447444118e-15,1.026795484999486e-15,3.469446951953614e-17,6.866350197783356e-16,0.0,59,222748109
13,4.142295350610674e-15,1.4088749993034974e-15,0.0,7.545229562848747e-16,0.0,60,2947285779
13,1.2717513837053832e-15,2.1958487283211063e-16,2.7755575615628914e-17,6.966594189312188e-16,0.0,61,1753569143
13,1.3098744688458075e-15,6.8079732840782e-16,0.0,7.943442566229507e-16,0.0,62,1053966184
13,6.30029768620806e-16,2.1704485870229887e-15,1.1102230246251565e-16,7.094743321838758e-16,0.0,63,2333111104
13,6.369113401681439e-16,2.77574533360564e-16,8.326672684688674e-17,6.877560572917588e-16,0.0,64,3025554940
13,5.22028303963421e-16,4.1730245944564954e-16,0.0,6.804363002006077e-16,0.0,65,2057818571
13,1.3091191404648515e-15,5.255441249660874e-16,0.0,6.888752704931532e-16,0.0,66,1166889769
13,1.0481061472562825e-15,5.64802168628044e-16,0.0,7.597771973701348e-16,0.0,67,2106350082
13,7.978552305058141e-16,2.8281517961117047e-16,0.0,7.519661107204848e-16,0.0,68,84827235
13,1.0040000940546105e-15,1.1486383493111268e-15,0.0,7.601177430610147e-16,0.0,69,1436721990
13,1.0171055386681426e-15,3.761278645247024e-16,0.0,7.453095626717052e-16,0.0,70,1255489992
13,7.421730077799509e-16,5.194447249094457e-16,0.0,9.140396106707756e-16,0.0,71,764515610
13,2.403420036530408e-15,5.07297603901711e-16,2.7755575615628914e-17,7.641609510686933e-16,0.0,72,2556892068
13,7.575207463179739e-16,2.9152492575773625e-16,2.7755575615628914e-17,7.426885862005046e-16,0.0,73,3549716797
13,1.119695889806384e-15,3.054946003095761e-16,0.0,8.554842949272357e-16,0.0,74,480599225
13,1.885150940897377e-15,4.46066504281587e-16,0.0,6.877560572917588e-16,0.0,75,1561156371
13,7.293455577541973e-16,2.047779315764395e-16,0.0,7.526061364646757e-16,0.0,76,2223275542
13,1.8978668574364446e-15,7.339119545943054e-16,0.0,7.561802698355534e-16,0.0,77,2514330291
13,6.556720284386838e-16,1.1084633755050406e-16,0.0,7.468261590855957e-16,0.0,78,3861965940
13,4.73566886792116e-15,1.8986945770525613e-15,0.0,7.457939178747932e-16,0.0,79,3877524655
13,6.979279720272069e-16,3.425013302762559e-16,0.0,7.532456183851849e-16,0.0,80,3888773203
13,4.798432935578378e-16,4.56715473435746e-16,0.0,7.070865672341163e-16,0.0,81,2096105533
13,9.54231444037356e-16,2.0066934969021024e-16,0.0,7.173621687406365e-16,0.0,82,2664414398
13,3.81953076611683e-15,1.771970484525455e-15,5.551115123125783e-17,7.3656938935438e-16,0.0,83,1357615235
13,9.500831256452498e-15,1.5705496944632881e-15,0.0,6.97902344841692e-16,0.0,84,4021251990
13,1.5596956327706364e-15,1.0292638694750018e-15,1.1102230246251565e-16,6.899926682599784e-16,0.0,85,3577785324
13,4.649822837815671e-15,1.1742323148036242e-15,4.163336342344337e-17,7.928578270080922e-16,0.0,86,1946509302
13,1.7232864755782341e-15,5.891118609387151e-16,3.469446951953614e-17,7.851688832336354e-16,0.0,87,900943555
13,2.4090689630687972e-15,1.1188630680888821e-15,0.0,7.065416064076988e-16,0.0,88,3739790436
13,2.8127120202115795e-15,6.900936032070468e-16,0.0,6.818500484527949e-16,0.0,89,2258482411
13,5.118032608846285e-15,1.0533486535458742e-15,0.0,7.005190574351762e-16,0.0,90,2343828076
13,9.978202129327307e-16,6.189505062302614e-16,0.0,8.43696454564983e-16,0.0,91,1516675057
13,2.5012172944777853e-15,7.86959761306503e-16,0.0,7.428182342046694e-16,0.0,92,4082165631
13,1.2128736822468282e-15,3.8069515112060575e-16,0.0,7.870063977598499e-16,0.0,93,1148983544
13,9.09633211528338e-16,1.2242576742804126e-15,0.0,7.929792726436376e-16,0.0,94,3272639628
13,8.331927337756808e-16,4.423515533655669e-16,1.1102230246251565e-16,8.142951645403272e-16,0.0,95,3546274413
13,1.4522577401735315e-15,3.8652415619403166e-16,0.0,7.652942545767337e-16,0.0,96,190913241
13,9.230972014263955e-16,5.6422313509594595e-16,0.0,8.111089131569692e-16,0.0,97,3007215709
13,2.090302997884634e-15,1.5316459076872867e-15,0.0,7.913990257226307e-16,0.0,98,3211118234
13,4.488322469508627e-15,1.96937070557573e-15,2.7755575615628914e-17,6.251169376334081e-16,0.0,99,3045518787
14,1.4816044727641604e-15,5.724739477433423e-16,0.0,7.806486934932582e-16,0.0,0,3781375883
14,2.4955691433055794e-15,1.123414061780222e-15,5.551115123125783e-17,6.432246110830866e-16,0.0,1,1022120794
14,5.19053992504067e-15,1.2816539843371818e-15,1.2412670766236366e-16,7.46310216945198e-16,0.0,2,2720020045
14,4.539968674957025e-15,1.091115353362088e-15,1.1102230246251565e-16,6.738323392739794e-16,0.0,3,2908837000
14,6.8875030989687184e-15,1.1434580263331669e-15,1.1102230246251565e-16,7.142680465120772e-16,0.0,4,1717530339
14,7.385060606836581e-15,1.635733029913778e-15,0.0,6.251169376334081e-16,0.0,5,491219605
14,1.4285064963815217e-15,1.2753442682401173e-15,0.0,6.304854800243424e-16,0.0,6,3680202399
14,1.4370495826265442e-15,5.594624174643893e-16,0.0,7.506282983558762e-16,0.0,7,3271504152
14,2.043995845925536e-15,2.0063737347490732e-15,6.206335383118183e-17,7.28021923224409e-16,0.0,8,472652144
14,1.2405809366397568e-15,7.229940742821155e-16,0.0,7.13728569058591e-16,0.0,9,1063192589
14,4.197667368196658e-15,1.4236898744451646e-15,0.0,7.348678496207199e-16,0.0,10,3260409315
14,9.416072673768866e-15,2.0221360874600525e-15,5.551115123125783e-17,7.264329320467944e-16,0.0,11,3336886965
14,4.8464994964831384e-15,3.9444155129143854e-15,1.1102230246251565e-16,7.180330397081064e-16,0.0,12,859812526
14,1.5950521398812423e-15,2.469024162426308e-16,0.0,7.756677862503847e-16,0.0,13,911453636
14,9.45665878995092e-16,2.5668235157495087e-16,0.0,7.616364613445417e-16,0.0,14,431996018
14,3.0199943562927043e-16,8.001410551963857e-16,5.551115123125783e-17,7.529898907871222e-16,0.0,15,3862968296
14,1.023486190060928e-15,8.897900456077256e-16,0.0,7.178989156685113e-16,0.0,16,4063399831
14,2.365932568390948e-15,6.054836252302824e-16,0.0,7.390492082589766e-16,0.0,17,1918246372
14,1.050128702374974e-15,2.0594960826162504e-15,0.0,7.412609615605549e-16,0.0,18,633539122
14,1.5899607736610034e-15,2.8241367626240155e-16,1.1102230246251565e-16,6.147484065350518e-16,0.0,19,2864448037
14,3.9134021051378626e-15,9.888980099879016e-16,1.5700924586837752e-16,7.024409240299214e-16,0.0,20,1565078824
14,3.1884401473711843e-15,7.062776930856186e-16,0.0,7.066182669196596e-16,0.0,21,2210391141
14,1.2879713400143561e-15,4.835351306087489e-16,0.0,7.481466367548145e-16,0.0,22,1710970274
14,1.00079790236297e-15,3.331815906912447e-16,1.1102230246251565e-16,6.822736016865924e-16,0.0,23,906901925
14,1.7402597507080897e-15,1.5207236078233627e-15,0.0,7.054504218084087e-16,0.0,24,3912218685
14,5.877064483810994e-16,3.939142968685276e-16,0.0,7.081752307998609e-16,0.0,25,3473670334
14,1.8182011493856987e-15,4.666212465613571e-16,0.0,6.77599954797753e-16,0.0,26,4265257194
14,1.0806660983284603e-15,3.4908682989827845e-16,1.214306433183765e-17,7.121076845233165e-16,0.0,27,152322590
14,3.3229944653868467e-15,1.1450841557217544e-15,0.0,7.174963931161662e-16,0.0,28,762383123
14,8.65412136136975e-16,6.309491804022545e-16,4.163336342344337e-17,8.145445757240072e-16,0.0,29,1282646980
14,6.955348752390793e-15,1.4406721290107915e-15,0.0,6.365655192508265e-16,0.0,30,880483438
14,7.246427014054101e-16,5.098123971137421e-16,0.0,6.526987848146008e-16,0.0,31,800426561
14,1.149250262835975e-15,3.4615741485156484e-16,5.551115123125783e-17,7.068141393421958e-16,0.0,32,2782624261
14,8.402948322322201e-16,7.871335126777737e-16,0.0,7.592621290461611e-16,0.0,33,824884667
14,9.979994625534342e-16,1.1646364411510494e-15,1.1102230246251565e-16,6.300961046541997e-16,0.0,34,3218405880
14,1.522823435532693e-15,6.045709860417167e-16,0.0,7.944351721668025e-16,0.0,35,2545349400
14,1.3625361212444935e-15,6.841940709732218e-16,1.5700924586837752e-16,8.216072331155113e-16,0.0,36,2500569143
14,1.0800217317856313e-15,4.672738730871465e-16,0.0,7.049041960805077e-16,0.0,37,2546146071
14,2.9993368602956356e-15,2.2453044984051958e-15,0.0,7.889616961715915e-16,0.0,38,3912708522
14,2.8414784562801103e-15,5.515303703751619e-16,2.7755575615628914e-17,6.962446172160093e-16,0.0,39,1701357011
14,1.328568405769246e-15,2.595948454372787e-16,0.0,8.298870694937207e-16,0.0,40,3611502057
14,3.657797032723824e-15,2.0513115645537646e-15,5.551115123125783e-17,6.585737798272913e-16,0.0,41,4098949170
14,4.980914196340531e-15,1.0343723201095068e-15,0.0,7.221785298249066e-16,0.0,42,2036223870
14,7.802591103707115e-16,3.574832705752415e-16,1.1631705747361534e-16,7.488863730937846e-16,0.0,43,2575389509
14,1.986308660424988e-15,3.17741940048427e-16,1.5700924586837752e-16,7.092622233518052e-16,0.0,44,1497306135
14,1.5386894122759488e-15,1.4519282670980393e-15,0.0,7.949198794554405e-16,0.0,45,632575286
14,3.7619051171347e-15,7.141811498143161e-16,1.2412670766236366e-16,7.48722106223546e-16,0.0,46,1634700095
14,3.224385100926375e-15,8.677734788242272e-16,2.7755575615628914e-17,7.813884697251192e-16,0.0,47,2163408493
14,6.639564110436801e-15,2.464616409185023e-15,0.0,6.955527313080394e-16,0.0,48,4274330404
14,1.745209658426495e-15,5.867926397224506e-16,0.0,7.039472811871893e-16,0.0,49,317331602
14,3.668443638688597e-15,1.3949418476578544e-15,5.551115123125783e-17,6.243462346678937e-16,0.0,50,1943216489
14,1.4480613730784552e-15,6.353059247227313e-16,6.973502068242161e-17,7.195067539997724e-16,0.0,51,2746076926
14,2.2096399300068494e-15,4.680193339531891e-16,0.0,6.286500016609089e-16,0.0,52,3719199323
14,1.465296650864109e-15,5.937065176155543e-16,1.1102230246251565e-16,8.242985408089819e-16,0.0,53,1967139695
14,3.548941815447518e-15,9.08729589850216e-16,7.850462293418876e-17,7.601890007593786e-16,0.0,54,3622369086
14,1.6863379539872305e-15,6.489507226531135e-16,2.7755575615628914e-17,7.125132513437735e-16,0.0,55,3584667240
14,5.949943757225874e-15,3.8286029649851175e-15,1.1102230246251565e-16,7.721838581466776e-16,0.0,56,3356084551
14,1.4742515810963476e-15,4.729832147993098e-16,2.7755575615628914e-17,7.504278218048874e-16,0.0,57,4195700665
14,1.4431440493176484e-15,3.898141611614274e-15,1.1102230246251565e-16,8.083736946057739e-16,0.0,58,2070170809
14,1.4722707830386745e-15,3.2407737176723027e-16,1.1102230246251565e-16,7.152111528976949e-16,0.0,59,1626842830
14,1.1578160143536335e-15,5.018405187856346e-16,0.0,7.473417450352271e-16,0.0,60,1302371968
14,1.2711424623828797e-15,1.0348268473578083e-15,1.1102230246251565e-16,7.68182878590931e-16,0.0,61,1580251628
14,1.9959986116686084e-15,6.920520423988701e-16,1.1102230246251565e-16,7.884733261488303e-16,0.0,62,3740207099
14,8.115755621803735e-15,1.4746898088597624e-15,1.1102230246251565e-16,7.141332153553285e-16,0.0,63,551058005
14,1.9749182062886623e-15,9.747720371129033e-16,0.0,7.58413485477019e-16,0.0,64,1730663020
14,2.607120685565335e-15,1.4873277083463115e-15,1.1102230246251565e-16,6.50333926369705e-16,0.0,65,3444936152
14,1.5455163511897606e-15,1.1191374247919286e-15,1.3877787807814457e-17,6.187688364358555e-16,0.0,66,2116501109
14,6.845762902668867e-15,1.868369013085335e-15,2.7755575615628914e-17,6.626552854390357e-16,0.0,67,2875359247
14,1.4220112583292521e-15,8.643975565922967e-16,0.0,8.154897974818032e-16,0.0,68,3579836868
14,2.2547902931876844e-15,8.715315654657352e-16,0.0,6.883158913749268e-16,0.0,69,653714729
14,9.400800154033553e-16,1.19383610232619e-15,2.7755575615628914e-17,7.934648693043614e-16,0.0,70,4125089846
14,1.2668386777336824e-15,7.028557876907677e-16,0.0,8.201995669192111e-16,0.0,71,1324392549
14,1.6041072620247642e-15,3.724671328751735e-16,2.7755575615628914e-17,6.610548421889547e-16,0.0,72,2419148211
14,2.551984531082824e-15,7.529638306974267e-16,0.0,6.917001853653062e-16,0.0,73,2724533380
14,1.0938106866096433e-15,1.253344413612004e-15,1.1188630228279524e-16,7.499143576176368e-16,0.0,74,3860365663
14,1.0139389497755792e-15,3.5357254715385906e-16,1.1102230246251565e-16,6.94028154393788e-16,0.0,75,1520798025
14,1.4655921141538353e-15,1.238008793581794e-15,0.0,6.869154506741516e-16,0.0,76,1338295152
14,8.363814732160598e-16,3.8119052045628177e-16,1.3877787807814457e-17,7.843099031870521e-16,0.0,77,1304270274
14,2.5108004799182693e-15,9.085555669491336e-16,0.0,6.77599954797753e-16,0.0,78,2798762513
14,1.0297898377272493e-15,3.183310542130144e-16,1.1102230246251565e-16,6.891897217272628e-16,0.0,79,1315954722
14,2.834718195080064e-15,4.093086961107905e-15,0.0,8.102774327609085e-16,0.0,80,2875069365
14,9.332394502077237e-16,6.2224727502707775e-16,0.0,7.499143576176368e-16,0.0,81,2719899854
14,1.81716878315587e-15,3.706679681839022e-16,5.551115123125783e-17,7.751710408992441e-16,0.0,82,3766843455
14,4.0121233119522615e-15,7.863626434886356e-16,6.938893903907228e-17,7.958279099225802e-16,0.0,83,893849050
14,5.1491970813293204e-15,8.262303657355669e-16,2.7755575615628914e-17,7.723085547737556e-16,0.0,84,1693790346
14,1.2944630568012343e-15,4.604555715615369e-16,0.0,7.141332153553285e-16,0.0,85,212615369
14,2.0812862322628923e-15,8.88972572504223e-16,1.1102230246251565e-16,7.076311083754595e-16,0.0,86,2745462532
14,9.117666769724392e-16,3.2174050462562824e-16,5.551115123125783e-17,7.631837022836047e-16,0.0,87,4292173215
14,9.923009778392131e-16,7.126509095283067e-16,5.551115123125783e-17,7.054504218084087e-16,0.0,88,1363861923
14,9.651026362687e-16,2.940649624946479e-16,1.1857187100668868e-16,7.986663869107379e-16,0.0,89,3548737320
14,1.4353688976860802e-15,7.107268333353669e-16,1.1102230246251565e-16,6.41538174324453e-16,0.0,90,1828636398
14,1.454757302435648e-15,1.6049539955575437e-15,0.0,8.313941646659417e-16,0.0,91,2252949904
14,1.3517199317001367e-15,3.2571609360976647e-16,2.7755575615628914e-17,7.342451495805723e-16,0.0,92,2473632282
14,2.005116231007664e-15,4.861358515791557e-16,0.0,7.65168414856311e-16,0.0,93,2822998176
14,3.688635815966971e-15,1.0662663288322322e-15,0.0,6.999689834929208e-16,0.0,94,521629540
14,4.25384187029511e-15,1.830687251082739e-15,1.3227266504323154e-17,6.78877776696119e-16,0.0,95,1342972578
14,5.885237546801824e-16,2.8849563139250856e-16,0.0,6.15648449243079e-16,0.0,96,816664065
14,4.739621384552687e-15,1.3205134182419225e-15,1.1102230246251565e-16,7.736788912175082e-16,0.0,97,2563778267
14,4.7175228507194345e-15,1.0430578145887256e-15,1.1102230246251565e-16,7.31847742043446e-16,0.0,98,3330842027
14,9.37584954187967e-16,1.9255276355815463e-15,5.551115123125783e-17,7.055102728832691e-16,0.0,99,2030815081
15,7.914225414225672e-15,1.5278748888551011e-15,7.850462293418876e-17,1.0987141981161068e-15,0.0,0,3402646255
15,4.641049773396334e-15,4.164762779346785e-15,0.0,1.0348029034938504e-15,0.0,1,312720410
15,9.966537016504507e-16,7.610593414791153e-16,1.1443916996305594e-16,1.0385185452638062e-15,0.0,2,3834817184
15,1.5660476258985188e-15,6.132859952388952e-16,0.0,1.1548621071314795e-15,0.0,3,928280050
15,3.754734020091146e-15,1.0041687504712167e-15,0.0,1.0314473817308903e-15,0.0,4,2014969011
15,1.883190855174006e-15,1.4597900129986508e-15,1.1102230246251565e-16,1.0594488999422677e-15,0.0,5,987171922
15,5.5540609677429025e-15,1.5874767993336552e-15,1.1102230246251565e-16,1.0200174038743626e-15,0.0,6,2950501114
15,9.884253001689299e-16,8.332855702303296e-16,2.7755575615628914e-17,9.730298868281309e-16,0.0,7,2226862218
15,6.045687581718833e-16,1.21794335922429e-15,1.1102230246251565e-16,1.0269562977782698e-15,0.0,8,2168019042
15,2.256795851204681e-15,5.174571363714621e-16,0.0,1.095993844104208e-15,0.0,9,1331062110
15,2.120774506070358e-15,1.474359266688195e-15,1.1102230246251565e-16,9.284644544126214e-16,0.0,10,3229101529
15,4.276647017837905e-15,9.14011233058215e-16,5.551115123125783e-17,1.0753270844771355e-15,0.0,11,2322918801
15,2.2817868788117654e-15,1.0904313260464204e-15,1.1102230246251565e-16,1.0215732827659309e-15,0.0,12,305502733
15,9.430552484465717e-15,3.795627827477706e-15,0.0,1.0671468390601982e-15,0.0,13,1077638960
15,2.0471319990721692e-15,2.0829592520402187e-15,5.551115123125783e-17,1.0800628534096285e-15,0.0,14,4022773124
15,9.196781642402537e-16,6.417078960934477e-16,0.0,1.0670565978999117e-15,0.0,15,1624698208
15,3.902855028562623e-15,1.2245108861597207e-15,1.1102230246251565e-16,9.98429436272205e-16,0.0,16,3908118785
15,2.2146916453257583e-15,5.176078434982506e-16,1.1857187100668868e-16,1.035640085178848e-15,0.0,17,21596537
15,1.084443886868487e-15,6.914606348028078e-16,1.5700924586837752e-16,9.793432045533596e-16,0.0,18,172524266
15,3.199146717950799e-15,1.0705404470530047e-15,0.0,1.063811657781373e-15,0.0,19,1776472096
15,7.651220024571484e-15,1.2347717695265703e-15,0.0,1.0091737980110118e-15,0.0,20,446350319
15,1.1001460008110433e-15,4.10348046695919e-16,1.2412670766236366e-16,1.0160208906275295e-15,0.0,21,2001136238
15,8.158056485024794e-16,6.2910051894726e-16,2.7755575615628914e-17,1.0492194985853742e-15,0.0,22,1248840634
15,2.1216508786851502e-15,7.803732226048143e-16,1.2412670766236366e-16,1.0345236923802117e-15,0.0,23,3107538853
15,6.795117445272196e-15,1.210456530614412e-15,1.594436429147036e-16,1.0030722562191129e-15,0.0,24,3442201321
15,2.154933976135936e-15,7.994889451645263e-16,2.7755575615628914e-17,1.011770682363561e-15,0.0,25,1488325142
15,2.122467044962825e-15,6.366672372433661e-16,5.551115123125783e-17,1.0221629003393126e-15,0.0,26,3712393015
15,7.618705829266963e-16,6.618184652634842e-16,1.1102230246251565e-16,1.0541867605695135e-15,0.0,27,2776614151
15,9.68385581127445e-16,1.1226816344146128e-15,2.7755575615628914e-17,1.011842062001899e-15,0.0,28,2163436999
15,1.124681021539399e-15,1.0686141346736722e-15,1.2412670766236366e-16,9.80364357719967e-16,0.0,29,891995160
15,1.6590271019640958e-15,8.907984348417368e-16,0.0,1.0193420907447641e-15,0.0,30,852036678
15,3.9733106129460055e-15,1.6275557172810634e-15,1.2412670766236366e-16,1.0335225664714684e-15,0.0,31,3719270276
15,3.463945926177478e-15,6.447624147091001e-16,5.551115123125783e-17,9.223249191233218e-16,0.0,32,211509184
15,3.616976355936457e-15,2.2240550659053964e-15,0.0,1.0030482555430182e-15,0.0,33,2473188554
15,9.26460283669677e-16,6.228422524071163e-16,0.0,1.0632938690901056e-15,0.0,34,3558489631
15,8.891222348861957e-16,2.1634689950681456e-15,2.7755575615628914e-17,1.0772954026114418e-15,0.0,35,3904967992
15,1.7887315249009415e-15,5.524290985488771e-16,1.1102230246251565e-16,9.990079565155953e-16,0.0,36,3509340652
15,2.491824460940873e-15,1.5757054994680655e-15,1.1188630228279524e-16,9.747108502351983e-16,0.0,37,3101644856
15,9.93175984370442e-16,2.5604179287478633e-16,1.1102230246251565e-16,9.999714131543225e-16,0.0,38,834698185
15,1.6517860065258279e-15,4.79188155538066e-16,2.7755575615628914e-17,1.0533414645600383e-15,0.0,39,2239667603
15,5.437593553277706e-15,1.609527281074897e-15,1.1443916996305594e-16,9.239939092585306e-16,0.0,40,81539994
15,6.408596889149468e-16,1.6585416168130294e-15,1.1443916996305594e-16,1.009555410351371e-15,0.0,41,807540391
15,8.104876970392584e-16,6.817377637377013e-16,1.1102230246251565e-16,1.0243274055213821e-15,0.0,42,3704746102
15,1.5991185435157199e-15,1.2253191597773207e-15,6.938893903907228e-18,1.066798522462541e-15,0.0,43,440776599
15,3.647387999789484e-15,8.653340527242153e-16,1.1631705747361534e-16,1.095202798281839e-15,0.0,44,22495921
15,6.3919756257002405e-15,1.8964442910306512e-15,1.1102230246251565e-16,1.1350130130534285e-15,0.0,45,3912165481
15,1.8700379248843347e-15,1.3262951221396235e-15,1.1188630228279524e-16,1.0214089537861736e-15,0.0,46,1699868231
15,7.719225826956365e-16,7.118307419754143e-16,1.1102230246251565e-16,9.918492907659913e-16,0.0,47,1938699044
15,1.7158770846105342e-15,7.468550685871842e-16,1.1102230246251565e-16,1.0529757209849293e-15,0.0,48,2038893006
15,1.7303183741600956e-15,9.748417147020703e-16,1.1102230246251565e-16,1.1161055004029252e-15,0.0,49,954473469
15,1.0199800903458703e-14,1.8362121070872557e-15,1.2412670766236366e-16,1.0348323471492615e-15,0.0,50,4152550680
15,1.61795943411356e-15,1.4144849814965251e-15,0.0,1.0120799577712976e-15,0.0,51,3827011829
15,6.754468716531774e-16,3.9905427645767835e-16,6.206335383118183e-17,1.0477500027681815e-15,0.0,52,3487463382
15,1.6652749759699615e-15,4.799899372260765e-16,1.5700924586837752e-16,9.687650189286873e-16,0.0,53,1582405252
15,8.839302454885397e-16,2.7361880600494777e-16,1.1102230246251565e-16,9.840516124868158e-16,0.0,54,37879661
15,9.805925716658472e-16,1.280628012910202e-15,0.0,1.0365927185844249e-15,0.0,55,732355341
15,3.1260005743675424e-15,1.0764746967998107e-15,5.003707553108401e-17,1.0539812104219684e-15,0.0,56,3164919441
15,7.459218566806275e-16,4.219490353142523e-16,1.1102230246251565e-16,1.0853104412965138e-15,0.0,57,1730922492
15,5.106873086489584e-15,1.615487812505229e-15,1.1102230246251565e-16,1.0492194985853742e-15,0.0,58,2101721218
15,3.0742715516546786e-15,9.269804769058487e-16,1.2412670766236366e-16,1.0623534945633305e-15,0.0,59,1844380626
15,1.5582238425804684e-15,4.4195364336909974e-16,1.1102230246251565e-16,1.0289235590799073e-15,0.0,60,431978429
15,2.0166251568109867e-15,6.724142298425506e-16,0.0,1.0558069197591632e-15,0.0,61,3908845359
15,7.714369797988403e-16,4.823745034814555e-16,0.0,9.861044716058818e-16,0.0,62,2412601330
15,2.2989572943634262e-15,5.690985933305434e-16,1.3877787807814457e-17,1.0469454998228826e-15,0.0,63,4265340806
15,9.33241748632692e-15,1.2645644759015074e-15,1.3877787807814457e-17,9.634823471110655e-16,0.0,64,874751071
15,9.708975146078816e-16,3.381830730021103e-16,1.2412670766236366e-16,1.0594488999422677e-15,0.0,65,3753576613
15,9.300325460201362e-15,1.428916409593946e-15,1.1102230246251565e-16,1.030700226702216e-15,0.0,66,3482973841
15,2.010760772852953e-15,6.309173974529212e-16,1.1102230246251565e-16,1.0620815262622753e-15,0.0,67,1966956070
15,1.0863348109074858e-15,3.1955804330626216e-16,0.0,1.0041097365073553e-15,0.0,68,3757776930
15,1.1814026402414306e-15,4.479946210403582e-16,1.2412670766236366e-16,1.0481175698739523e-15,0.0,69,731587397
15,1.8731327859574105e-15,4.855187636917137e-16,1.5700924586837752e-16,1.1739657014595895e-15,0.0,70,651719554
15,9.192881958690063e-15,2.7397136811400924e-15,0.0,1.0124129179356053e-15,0.0,71,208245364
15,1.1393098985799624e-15,4.2837968378601286e-16,1.2412670766236366e-16,1.0281745700386456e-15,0.0,72,2218350661
15,1.5302475860300912e-15,7.176822364113439e-16,3.469446951953614e-17,1.04747424279426e-15,0.0,73,1538680494
15,1.5858419796496538e-15,5.237539380717596e-16,0.0,1.0049664983653268e-15,0.0,74,164245567
15,1.4054487797989898e-15,3.7447554868025724e-16,1.1150912609939193e-16,1.00419964094853e-15,0.0,75,46537180
15,2.7919697062397023e-15,2.0742336531759693e-15,5.003707553108401e-17,1.0163999321966297e-15,0.0,76,2199244198
15,1.0454154774793931e-15,3.66506343805521e-16,5.551115123125783e-17,1.03752127407906e-15,0.0,77,2986194634
15,1.5677327209476304e-15,1.2450894897278376e-15,1.2412670766236366e-16,1.0013247056325673e-15,0.0,78,335890602
15,2.851833086640454e-15,6.254692719951663e-16,0.0,1.053707081184919e-15,0.0,79,3623029060
15,3.3136022119676428e-15,1.0606161213314546e-15,3.642919299551295e-17,1.0392600794855742e-15,0.0,80,1261977763
15,1.7137620926162563e-15,4.508696056041606e-16,8.326672684688674e-17,1.0475661708512007e-15,0.0,81,2975414123
15,6.893149383006942e-15,1.202024255954489e-15,7.850462293418876e-17,9.1761460956444e-16,0.0,82,2462596616
15,2.2979804542331083e-15,7.561130015314449e-16,2.7755575615628914e-17,1.1062259654625947e-15,0.0,83,351448919
15,1.8772167607193078e-15,6.179579887251378e-16,1.1102230246251565e-16,1.056171682913856e-15,0.0,84,1823487837
15,1.1480045658222304e-15,6.07814699638369e-16,1.1211468303779313e-16,9.38778750585887e-16,0.0,85,2289973406
15,7.6249584720506475e-16,3.812576939395028e-16,7.850462293418876e-17,9.586729210015212e-16,0.0,86,3425387398
15,1.7457789066019238e-15,6.568547617120652e-16,5.551115123125783e-17,9.395990030364596e-16,0.0,87,3563271734
15,1.6001102398986178e-15,3.8751799963571794e-16,7.34548372118703e-17,1.0790147355947896e-15,0.0,88,1554135489
15,1.1208351529153698e-15,7.915817387725447e-16,0.0,1.0422209404125408e-15,0.0,89,3323641675
15,2.6217826562771126e-15,1.1879178793576718e-15,2.7755575615628914e-17,1.0906210770260937e-15,0.0,90,3892731937
15,1.419635688113261e-15,5.039415604368971e-16,0.0,1.0179619868038061e-15,0.0,91,1551626471
15,1.4321482546599017e-15,1.121562935270708e-15,1.1102230246251565e-16,9.719406554527593e-16,0.0,92,3782550145
15,1.793836236848927e-15,6.576515779560001e-16,1.3877787807814457e-17,1.0348029034938504e-15,0.0,93,2938594326
15,4.960142318601982e-15,1.9798426094303085e-15,1.3877787807814457e-17,1.1625080825424498e-15,0.0,94,2348959642
15,1.3288416945007388e-15,6.0442999561534e-16,2.7755575615628914e-17,1.0565363201361521e-15,0.0,95,2319176853
15,6.918320520804399e-16,3.450818517929761e-16,1.1102230246251565e-16,1.0666955569158329e-15,0.0,96,1627255828
15,2.2143337497566525e-15,1.928697343609157e-15,2.7755575615628914e-17,9.185586038114542e-16,0.0,97,3886398645
15,7.952200959921669e-16,1.335654930919491e-15,1.6653345369377348e-16,1.0957302256171465e-15,0.0,98,420512925
15,2.5875598545557307e-15,5.457232857938368e-16,1.1102230246251565e-16,1.0058285141049715e-15,0.0,99,1349246539
16,4.82325505035132e-15,9.121742822980968e-16,0.0,9.599778530722948e-16,-8.881784197001252e-16,0,3890427340
16,2.7871905251848776e-15,7.441215600111871e-16,0.0,9.496292074281186e-16,0.0,1,4087239770
16,1.3688897392224966e-15,7.321108546681764e-16,0.0,9.007742700423578e-16,-8.881784197001252e-16,2,669082834
16,1.486414085038566e-15,1.2128583146942476e-15,0.0,1.0163999321966297e-15,-4.440892098500626e-16,3,2503793307
16,1.0656117000158708e-15,1.427811260069936e-15,0.0,8.501277837439867e-16,-8.881784197001252e-16,4,4104055471
16,5.6221914247740975e-15,9.923407709584657e-16,0.0,9.999714131543225e-16,4.440892098500626e-16,5,3255861312
16,2.0539125955565396e-15,6.946175921452121e-16,0.0,9.12985476297841e-16,0.0,6,3667356729
16,8.785856370954422e-16,6.782212889377875e-16,0.0,9.575740367727708e-16,4.440892098500626e-16,7,1677040355
16,1.2857753552864526e-15,8.386755624674309e-16,0.0,9.322940436911305e-16,-4.440892098500626e-16,8,1418560609
16,1.1186047938697505e-15,4.526797389797801e-16,0.0,9.104505742017336e-16,0.0,9,3094763967
16,2.7827646541510116e-15,9.480545506041401e-16,0.0,9.269220202266148e-16,2.220446049250313e-16,10,506552422
16,1.5127445185661688e-15,5.718828445991326e-16,0.0,9.515144070671971e-16,1.7763568394002505e-15,11,1268676696
16,1.0600395398534589e-15,4.271789580851222e-16,0.0,9.106620855471824e-16,0.0,12,567049494
16,4.607927131680838e-15,2.027894551883466e-15,0.0,9.210345379555895e-16,1.7763568394002505e-15,13,1603789906
16,2.4901688127650882e-15,8.965164378342103e-16,0.0,8.843279318106997e-16,-8.881784197001252e-16,14,1094816478
16,2.134564372988391e-15,1.1004875725237898e-15,0.0,8.907767043920386e-16,0.0,15,2955522663
16,2.748590383514901e-15,1.0579993009165997e-15,0.0,9.256029969506623e-16,1.3322676295501878e-15,16,1953740605
16,1.019852178732941e-15,4.972820174300706e-16,0.0,9.730546279163236e-16,8.881784197001252e-16,17,1359353015
16,4.681115862831115e-15,6.606905644061878e-16,0.0,8.636623573255792e-16,1.7763568394002505e-15,18,1726067730
16,8.927204551187557e-16,3.134045742546669e-16,0.0,9.453463082089479e-16,4.440892098500626e-16,19,983492641
16,2.933700007750908e-15,1.460863775776337e-15,0.0,9.305364597889227e-16,-8.881784197001252e-16,20,3417074955
16,3.753473421936208e-15,2.041591924367565e-15,0.0,9.698578168158083e-16,8.881784197001252e-16,21,4233701514
16,2.3584891064788097e-15,1.7486563335039892e-15,0.0,9.152240605789483e-16,0.0,22,4136660095
16,2.2457373953491614e-15,1.146157412865499e-15,0.0,9.019494489765868e-16,4.440892098500626e-16,23,2200800949
16,1.5617290679154293e-15,5.652537286686771e-16,0.0,1.0087920413118926e-15,-8.881784197001252e-16,24,2618225671
16,6.363718576950059e-15,8.118209328228191e-16,0.0,9.603790139143229e-16,-2.6645352591003757e-15,25,658383216
16,3.882371598296665e-15,7.700921880693503e-16,0.0,9.222205069512407e-16,-8.881784197001252e-16,26,236762229
16,4.369046363963264e-15,1.7687511418123878e-15,0.0,9.027231622811331e-16,3.552713678800501e-15,27,3793415883
16,1.1186908768121897e-15,2.143882415684251e-15,0.0,1.010748508910969e-15,4.440892098500626e-16,28,4005886721
16,3.966037700501526e-15,4.0234097937649346e-15,0.0,9.738212898762663e-16,-8.881784197001252e-16,29,866889629
16,9.148820436704901e-16,9.876656908246509e-16,0.0,9.155133597044475e-16,8.881784197001252e-16,30,3551211394
16,1.6415727757813908e-15,5.77722822261946e-16,0.0,8.754082258774094e-16,0.0,31,379498400
16,1.742754005101888e-15,4.1121362953725076e-16,0.0,1.0314473817308903e-15,0.0,32,1837882037
16,2.0887108001164704e-15,6.055651067172564e-16,0.0,9.485749680535094e-16,0.0,33,2195443784
16,9.155133597044475e-16,4.184676572847768e-16,0.0,9.278419505180258e-16,4.440892098500626e-16,34,3412034569
16,1.63404690107061e-15,1.2762519889422494e-15,0.0,8.126508339566158e-16,0.0,35,1324549808
16,3.640757688414313e-15,1.195827321860277e-15,0.0,9.686532830999193e-16,-1.7763568394002505e-15,36,2314477840
16,2.0934828051770328e-15,6.880710200110104e-16,0.0,8.613456697671225e-16,0.0,37,988402274
16,6.148220246906999e-15,1.0001610783582563e-15,0.0,8.916411167297361e-16,1.3322676295501878e-15,38,2513780189
16,1.0459102296143537e-15,7.2815418263566e-16,0.0,8.50064065311604e-16,2.220446049250313e-16,39,246059773
16,3.282030801037341e-15,7.587229140979892e-16,0.0,9.635323189659322e-16,2.220446049250313e-15,40,2219609009
16,1.4366443188997359e-15,3.4106622324849034e-16,0.0,9.535363269142996e-16,-4.440892098500626e-16,41,1043212667
16,3.0924743704433926e-15,7.695297667841381e-16,0.0,9.102456257173342e-16,-8.881784197001252e-16,42,4165381180
16,1.800479181327181e-15,9.727329446859754e-16,0.0,8.275631022611515e-16,2.220446049250313e-16,43,1398669494
16,8.688869536365456e-16,1.0362036387979133e-15,0.0,9.665096535037686e-16,-2.220446049250313e-16,44,1307693631
16,4.564927381489205e-16,4.449557262054371e-16,0.0,9.160654043342802e-16,4.440892098500626e-16,45,3303961809
16,7.762882709398397e-15,3.70327018947325e-15,0.0,8.74438297520381e-16,-2.220446049250313e-15,46,608677354
16,2.533219014356688e-15,5.509761405760127e-16,0.0,8.986336437512053e-16,0.0,47,323724365
16,2.1269718943525365e-15,1.1717694336354188e-15,0.0,9.105563360159024e-16,6.661338147750939e-16,48,3124115166
16,1.6671838818017823e-15,8.024371231235976e-16,0.0,8.968100940422724e-16,-8.881784197001252e-16,49,78298897
16,7.249068804515911e-16,6.112556081351417e-16,0.0,9.647807741255788e-16,4.440892098500626e-16,50,3455685130
16,1.253796590802641e-14,1.810998136538421e-15,0.0,9.045081759584586e-16,-3.552713678800501e-15,51,1203577141
16,4.714568642853033e-15,1.2643373510385782e-15,0.0,8.510829877773609e-16,-1.7763568394002505e-15,52,3889636723
16,2.5553224617355995e-15,1.4364683576105965e-15,0.0,8.159619977515298e-16,8.881784197001252e-16,53,967423347
16,3.936793549130176e-15,1.8246850318572075e-15,0.0,8.899114524108741e-16,0.0,54,3299146881
16,2.6593259965242943e-15,9.28879225241625e-16,0.0,9.340740939861397e-16,0.0,55,190730867
16,1.5508389067052644e-15,4.557009943521669e-16,0.0,8.542451966082828e-16,-1.7763568394002505e-15,56,1794622455
16,4.3710625725667175e-15,1.0400372533742838e-15,0.0,9.491141239601654e-16,-1.7763568394002505e-15,57,3364650119
16,4.72087839258532e-15,1.1067100727811305e-15,0.0,8.906027075734254e-16,8.881784197001252e-16,58,3922494834
16,1.4399607609259386e-14,2.7019269017379965e-15,0.0,9.019511171758182e-16,-7.105427357601002e-15,59,4060871427
16,6.696291472557776e-15,1.1416958379363925e-15,0.0,9.636072718891738e-16,-1.7763568394002505e-15,60,3439414104
16,1.9724286512214926e-15,8.750712804614061e-16,0.0,1.0885553088785373e-15,0.0,61,3499846839
16,2.006408499347882e-15,9.730561742134485e-16,0.0,9.363136817782114e-16,6.661338147750939e-16,62,3838235806
16,2.3441551393467245e-15,1.2056315678007342e-15,0.0,9.19979321030165e-16,0.0,63,945369527
16,3.138973381853105e-15,1.5781674828995729e-15,0.0,8.24882445777585e-16,0.0,64,330322597
16,9.20548301573787e-16,4.627779271052808e-16,0.0,8.977759641057774e-16,4.440892098500626e-16,65,4164196536
16,5.709862282452705e-15,4.066831197679568e-15,0.0,9.359279282914495e-16,1.7763568394002505e-15,66,714579080
16,3.9883130013431814e-15,9.769804913294401e-16,0.0,9.562843122438376e-16,0.0,67,1857296181
16,2.4444020446653574e-15,1.9547031625625383e-15,0.0,8.55033921484636e-16,0.0,68,330882215
16,1.8768649830985377e-15,5.509761405760127e-16,0.0,8.324359398719685e-16,-1.1102230246251565e-15,69,1457211965
16,1.2073276599206529e-15,5.884574784985105e-16,0.0,8.666675708199897e-16,0.0,70,556861945
16,1.5488506508791417e-15,1.1095289182587e-15,0.0,9.142766234092775e-16,0.0,71,496958335
16,1.7010624459274275e-15,8.765006872878471e-16,0.0,9.62688696464901e-16,0.0,72,1794269291
16,5.891116837905864e-16,3.7263863056628965e-16,0.0,9.834887728489226e-16,0.0,73,3049766926
16,2.2197520514058107e-15,5.273559366969494e-16,0.0,9.30381219449771e-16,-1.3322676295501878e-15,74,3889720724
16,2.828346268936465e-15,7.473417450352271e-16,0.0,8.410743758048893e-16,-4.440892098500626e-16,75,2843463661
16,4.398361184052636e-15,1.9326532369115277e-15,0.0,9.71445146547012e-16,-1.3322676295501878e-15,76,978517594
16,5.0409810610855246e-15,1.7183817360337924e-15,0.0,9.092863823490596e-16,0.0,77,2472521844
16,3.041864202230934e-15,1.447038072680333e-15,0.0,9.080146525206385e-16,0.0,78,1639384337
16,6.426676396901582e-16,3.919745789959214e-16,0.0,9.813077866773594e-16,0.0,79,2379033919
16,4.572812685023767e-15,1.0417819694690522e-15,0.0,9.898326681608344e-16,8.881784197001252e-16,80,1512356676
16,1.979519402494017e-15,6.491482664476023e-16,0.0,9.12985476297841e-16,8.881784197001252e-16,81,2976531472
16,1.3358767482328647e-15,1.092826225213563e-15,0.0,9.25971927890472e-16,4.440892098500626e-16,82,3731383140
16,2.7290944067463696e-15,1.1579899657776683e-15,0.0,8.950920992448924e-16,8.881784197001252e-16,83,3287949715
16,5.164252849919017e-15,9.650692494566908e-16,0.0,9.002395906635905e-16,-1.5543122344752192e-15,84,1211048889
16,5.162238608830214e-15,1.916152654208019e-15,0.0,9.057050908342811e-16,8.881784197001252e-16,85,2674857996
16,1.3377856333590368e-15,1.132767788432452e-15,0.0,8.908037299743142e-16,-2.220446049250313e-16,86,121084338
16,2.580093129380655e-15,8.459761032879693e-16,0.0,8.960581419835649e-16,-1.7763568394002505e-15,87,347295780
16,1.5686198063741043e-15,4.006009509244886e-16,0.0,9.387402836667258e-16,4.440892098500626e-16,88,1822451894
16,7.60958484968511e-15,1.4920437191246638e-15,0.0,9.852251986074894e-16,-1.7763568394002505e-15,89,1755599618
16,1.1552072634316048e-14,2.0717101702013156e-15,0.0,9.096040369901382e-16,3.552713678800501e-15,90,1616889623
16,1.4351773483834977e-15,4.1507405434162065e-16,0.0,8.437249881887652e-16,-8.881784197001252e-16,91,1577341607
16,1.8021898507689566e-15,1.780601332721258e-15,0.0,8.59779076800797e-16,1.7763568394002505e-15,92,446964709
16,2.5570556634198317e-15,9.766108010406033e-16,0.0,8.96917464302345e-16,0.0,93,1418684601
16,8.688869536365456e-16,7.841871149431394e-16,0.0,1.0190492755571723e-15,0.0,94,2865592073
16,2.738393841554962e-15,6.268091485093338e-16,0.0,8.513092493758757e-16,-8.881784197001252e-16,95,3943369630
16,7.661745539035014e-16,4.528924144620228e-16,0.0,8.868764227826485e-16,0.0,96,2999275845
16,1.1381901322239946e-15,4.053169429671442e-16,0.0,9.9277271230917e-16,8.881784197001252e-16,97,2277902090
16,1.802617264471342e-15,2.137224379681087e-15,0.0,9.509892694966588e-16,8.881784197001252e-16,98,1680540404
16,2.5695277845060017e-15,6.098435121597406e-16,0.0,9.002395906635905e-16,8.881784197001252e-16,99,3201747453
17,2.3724871751161063e-15,1.2142345430726724e-15,5.551115123125783e-17,6.187688364358555e-16,0.0,0,1479003767
17,1.5223995144885307e-15,9.368857286080826e-16,0.0,6.967976312962194e-16,0.0,1,3176969332
17,8.838011633265679e-16,7.946885484810491e-16,5.204170427930421e-18,6.800204531552913e-16,0.0,2,401253787
17,8.01626702284591e-16,2.3127542595300807e-15,1.1102230246251565e-16,7.740832991012523e-16,0.0,3,2749430983
17,1.6409700254280354e-15,9.21514105706058e-16,1.1102230246251565e-16,7.621420282514214e-16,0.0,4,3509180046
17,1.2982602755714365e-15,5.315474572028535e-16,0.0,8.103962679060457e-16,0.0,5,1736528868
17,4.484722612431657e-15,1.8506993961816584e-15,0.0,7.390817819949493e-16,0.0,6,2686295296
17,2.852257973693849e-15,2.8643054695208717e-15,2.7755575615628914e-17,7.348678496207199e-16,0.0,7,3837427727
17,4.556042744649879e-15,1.2774872105395717e-15,0.0,6.736090074350496e-16,0.0,8,912963226
17,1.8751480825682917e-15,4.810716019438086e-16,0.0,6.834017936133214e-16,0.0,9,1805832410
17,1.691956899386568e-15,7.872464298627196e-16,0.0,8.251450682089166e-16,0.0,10,4120447261
17,3.673130411384607e-15,9.318522464070089e-16,0.0,6.894341957538586e-16,0.0,11,3086626513
17,1.2550403428647106e-15,1.0574275402866882e-15,1.1102230246251565e-16,7.426885862005046e-16,0.0,12,2845161853
17,9.095000284006542e-16,7.102136590477656e-16,0.0,6.78877776696119e-16,0.0,13,225008900
17,1.3833315789836173e-15,2.135445505884592e-15,0.0,7.894497640785698e-16,0.0,14,4190344119
17,2.3663593489283504e-15,7.568746272589181e-16,0.0,7.1975974476307e-16,0.0,15,881690538
17,2.540565792089311e-15,1.5075517575019527e-15,0.0,7.353918196335446e-16,0.0,16,28222544
17,8.030957335373157e-16,1.1436742988073858e-15,0.0,6.708873437495278e-16,0.0,17,432826665
17,7.14682794201384e-16,1.0900044080105636e-15,0.0,6.193910274793601e-16,0.0,18,591335535
17,9.68533118930774e-16,1.101994189066418e-15,1.1102230246251565e-16,6.510738673604022e-16,0.0,19,3569567917
17,3.1061075254639444e-15,6.620091266128099e-16,1.1102230246251565e-16,7.514536976383426e-16,0.0,20,879566110
17,9.309714307696892e-15,2.7417489741624354e-15,1.3877787807814457e-17,7.029890637341129e-16,0.0,21,1110985963
17,1.6430095796178727e-15,7.181806800613619e-16,1.3877787807814457e-17,7.452772611325793e-16,0.0,22,3500126181
17,1.8355482918410735e-15,3.908918204303341e-16,0.0,7.676812899781355e-16,0.0,23,3273769486
17,1.1958688044929138e-15,1.5804021856096704e-15,0.0,7.421697677046334e-16,0.0,24,2619863094
17,5.117794613507889e-15,1.3465313541803265e-15,1.1102230246251565e-16,7.494005416219807e-16,0.0,25,3598324184
17,4.215521364236716e-15,2.1656302796713337e-15,0.0,7.596108288712161e-16,0.0,26,423384335
17,2.55840301747699e-15,1.0742752608173613e-15,0.0,7.245747048027281e-16,0.0,27,2695494949
17,1.2131924020701523e-15,2.9093460151105156e-16,0.0,6.286500016609089e-16,0.0,28,908802401
17,1.881924701123134e-15,1.1337418216202554e-15,0.0,6.050779143449325e-16,0.0,29,786543951
17,3.0082182477301775e-15,2.0102485416621877e-15,0.0,6.678662853596398e-16,0.0,30,2401552860
17,3.988401797512852e-15,1.7759225843037531e-15,1.1102230246251565e-16,8.886119947416683e-16,0.0,31,3034295078
17,1.6889474473120062e-15,1.0530350584635758e-15,0.0,7.743709222634321e-16,0.0,32,253977654
17,5.3088576993977564e-15,1.7915778073409757e-15,1.1102230246251565e-16,6.558264288897478e-16,0.0,33,1676998779
17,9.887519800430949e-16,4.715487327711622e-16,0.0,7.372227820042446e-16,0.0,34,3036351612
17,2.931962568004284e-15,1.5762268518739976e-15,1.3877787807814457e-17,8.375104093358072e-16,0.0,35,3774283226
17,8.440239957351198e-15,3.8078029842891814e-15,5.551115123125783e-17,7.153457808806092e-16,0.0,36,1089014984
17,2.9166803259126784e-15,1.611749982909651e-15,0.0,6.783101530377609e-16,0.0,37,254186754
17,2.8312705184675524e-15,1.982361122081399e-15,5.551115123125783e-17,7.437251374183974e-16,0.0,38,1790941259
17,3.380956027752439e-15,2.138898357267764e-15,0.0,6.77599954797753e-16,0.0,39,355017242
17,1.0080346543518418e-15,2.2172535467198292e-15,0.0,7.107541237395475e-16,0.0,40,1187634214
17,1.0186621195265843e-15,7.363759489378651e-16,0.0,7.716848701410009e-16,0.0,41,1493368729
17,2.7846312232972802e-15,1.7604516813801555e-15,1.1102230246251565e-16,8.482496255366526e-16,0.0,42,851785657
17,1.9672017189332654e-15,1.2624977428541093e-15,0.0,7.164218939837045e-16,0.0,43,1710685477
17,9.09940477737316e-16,9.583972772559515e-16,0.0,7.884733261488303e-16,0.0,44,3353089391
17,6.864448005758357e-15,1.8112847047076762e-15,0.0,6.894341957538586e-16,0.0,45,3417462328
17,4.639648665310578e-15,2.4912505968386363e-15,0.0,6.509259464525838e-16,0.0,46,2026481156
17,7.653923140477229e-15,2.3950091021656283e-15,1.1102230246251565e-16,7.044942488541625e-16,0.0,47,287624388
17,2.4527660679210353e-15,1.1761942799235587e-15,2.0816681711721685e-17,6.4018582627671775e-16,0.0,48,1366596681
17,3.150808285750032e-15,8.092226121584833e-16,1.1102230246251565e-16,7.892057678545134e-16,0.0,49,3112119380
17,1.9442399946544973e-15,1.0344361461228128e-15,5.551115123125783e-17,7.757919228897728e-16,0.0,50,1622406555
17,1.7016970844747529e-15,1.214159143777271e-15,0.0,6.988675367311055e-16,0.0,51,2083528114
17,7.507021958422618e-15,4.0054070085075796e-15,0.0,7.298713740225119e-16,0.0,52,2324617205
17,5.0001367193696e-15,2.2463385835482443e-15,0.0,7.249732973174093e-16,0.0,53,385887887
17,2.1367204963741744e-15,1.201906873693927e-15,0.0,7.626472600127435e-16,0.0,54,1101321565
17,2.0463630986676674e-15,8.785982115074126e-16,0.0,6.793031831775718e-16,0.0,55,3447176096
17,2.053134302902563e-15,1.1374440814287133e-15,1.1102230246251565e-16,6.33076631559706e-16,0.0,56,1803722068
17,1.6603075249422217e-15,9.701048865846618e-16,1.1102230246251565e-16,6.800116025829084e-16,0.0,57,860458348
17,2.5630364068488606e-15,2.2675934668663818e-15,0.0,6.616372694756687e-16,0.0,58,1384985084
17,1.6735271066174815e-15,1.1818649806926216e-15,0.0,7.119724442439612e-16,0.0,59,3356339173
17,1.3394598735415539e-15,1.2717023908684086e-15,1.1102230246251565e-16,6.275768268723677e-16,0.0,60,361522972
17,1.7115235969679954e-15,1.060058267466559e-15,0.0,6.574029810705878e-16,0.0,61,1670380236
17,2.486642422702507e-15,1.0516485523023638e-15,0.0,7.070865672341163e-16,0.0,62,407900245
17,4.097203339956238e-15,8.625722646610007e-16,0.0,6.72464386374567e-16,0.0,63,2923379407
17,2.1530290097254046e-15,2.0565946620760173e-15,2.7755575615628914e-17,7.33425001937727e-16,0.0,64,3126714842
17,5.358046157212632e-15,1.2284831526651585e-15,0.0,7.327682229021407e-16,0.0,65,3392355602
17,1.848265660428979e-15,5.313491705228449e-16,0.0,6.537675450097973e-16,0.0,66,2850345477
17,2.003762507630061e-15,2.2533835932677073e-15,0.0,7.092622233518052e-16,0.0,67,2820819512
17,2.605426463000901e-15,1.8309599912625775e-15,0.0,6.614917107302101e-16,0.0,68,157044572
17,1.3413418128474061e-15,5.972706281208785e-16,0.0,7.457939178747932e-16,0.0,69,2077430851
17,3.277377880320946e-15,9.725755316697865e-16,5.551115123125783e-17,7.013433594157003e-16,0.0,70,1694627542
17,2.2209918233747843e-15,1.206907723194715e-15,2.7755575615628914e-17,8.049789853475915e-16,0.0,71,447177673
17,4.86833532714838e-15,1.2748956658426362e-15,0.0,6.770312598131361e-16,0.0,72,2183347729
17,1.4745310033892266e-15,1.3021856506946863e-15,0.0,6.849500233248632e-16,0.0,73,1699578898
17,1.190108544682772e-15,6.34273075526452e-16,0.0,7.319793101779101e-16,0.0,74,4146610144
17,1.4596833578987062e-15,4.2933840108761535e-15,0.0,7.419102224028673e-16,0.0,75,2521076213
17,1.321097666060652e-15,9.69665763410073e-16,0.0,6.359979847215943e-16,0.0,76,2831585864
17,3.045562113827133e-15,1.0365424256230025e-15,1.1102230246251565e-16,6.193910274793601e-16,0.0,77,3225919967
17,9.105533194334568e-16,1.0654916772619022e-15,0.0,6.187688364358555e-16,0.0,78,2788739006
17,4.815940211576471e-15,1.2900755969136977e-15,0.0,6.911169678644759e-16,0.0,79,3916752891
17,1.6004583853977453e-15,1.938932981691233e-15,4.163336342344337e-17,7.791361360319881e-16,0.0,80,1708470010
17,1.858455066697691e-15,6.388321490445202e-16,0.0,7.4165058627159095e-16,0.0,81,3540216891
17,9.455745957353624e-16,5.860193232081067e-16,4.163336342344337e-17,6.423257291564425e-16,0.0,82,3966456634
17,9.215883991172001e-16,1.1620326057546299e-15,2.7755575615628914e-17,6.575494449202543e-16,0.0,83,409278776
17,9.333133772486622e-16,3.7057443733552947e-16,0.0,6.355057114912527e-16,0.0,84,1810282702
17,1.9471296557600227e-15,1.188735705302765e-15,0.0,7.510691584075473e-16,0.0,85,4063512678
17,3.3477219990994127e-15,1.5912870822661069e-15,0.0,6.614917107302101e-16,0.0,86,3756129558
17,1.0117870787357786e-15,1.1016508044327811e-15,4.163336342344337e-17,7.647907714600141e-16,0.0,87,2186946132
17,1.1073799429565999e-15,1.1072700893624045e-15,1.1102230246251565e-16,7.34998877142421e-16,0.0,88,3054686141
17,3.123390948594034e-15,9.553092808048816e-16,0.0,6.707437923744493e-16,0.0,89,4012923698
17,1.2923486039789598e-15,6.69039768937484e-16,0.0,7.012060430444545e-16,0.0,90,549504674
17,3.1816616792260736e-15,3.6559015793495974e-15,0.0,7.920071861333852e-16,0.0,91,3149806109
17,1.5792291255527968e-15,1.226527804454239e-15,2.7755575615628914e-17,6.922220526417403e-16,0.0,92,1400270011
17,1.3326613526399238e-15,2.207985931491677e-15,2.7755575615628914e-17,7.092961650273852e-16,0.0,93,3806372048
17,1.3956352448494928e-15,6.792193341550246e-16,0.0,6.8452812613464945e-16,0.0,94,850008511
17,1.5126493135297997e-15,6.130746995313233e-16,2.7755575615628914e-17,6.871957671317179e-16,0.0,95,1948206390
17,1.7859717983561667e-15,4.3715636689739645e-16,0.0,7.529898907871222e-16,0.0,96,3429926807
17,3.565083688908133e-15,1.920092903390181e-15,0.0,7.983045901144101e-16,0.0,97,1098171835
17,1.4686337225895476e-15,7.859469725359289e-16,0.0,7.591035761743328e-16,0.0,98,1561353854
17,2.2388461950961223e-15,5.418009468284936e-16,0.0,7.693102572500887e-16,0.0,99,613684031
18,2.142140647842589e-15,1.4962416330525187e-15,0.0,1.0213382427622774e-15,0.0,0,4061930307
18,7.978953905429255e-15,1.8221596611937083e-15,2.797157557069881e-17,9.747108502351983e-16,0.0,1,3837059781
18,6.9819152161577636e-15,2.665752246590259e-15,1.2412670766236366e-16,1.1068351447368849e-15,0.0,2,3742518725
18,2.0155465250987938e-15,1.1576275868193888e-15,0.0,9.650801630464006e-16,0.0,3,1371580717
18,2.2860915155651397e-15,7.220510862870913e-16,5.551115123125783e-17,9.895164393411919e-16,0.0,4,1616493348
18,1.2269846361868383e-14,4.298472290880851e-15,2.7755575615628914e-17,1.035918995391323e-15,0.0,5,2509558805
18,3.1719376876701487e-15,1.3570625585005513e-15,2.7755575615628914e-17,1.0126031317311657e-15,0.0,6,249410450
18,2.855927846681304e-15,1.1249433667165705e-15,2.7755575615628914e-17,1.0577205229617819e-15,0.0,7,267627834
18,1.126070326790254e-15,5.188761049488679e-16,1.1102230246251565e-16,9.578719720812051e-16,0.0,8,2105402659
18,3.2470858720470554e-15,1.0492471630506328e-15,1.2412670766236366e-16,9.910722837601151e-16,0.0,9,3970189878
18,1.2174929309018678e-15,1.194385733377948e-15,1.1102230246251565e-16,1.1060518526157679e-15,0.0,10,1035860924
18,5.9686759276113305e-15,1.1074742167826506e-15,0.0,1.0980128164946024e-15,0.0,11,3294464786
18,1.2254743531328483e-15,2.265085866743845e-15,0.0,1.1116099371267112e-15,0.0,12,1164947230
18,2.0530975426064574e-15,1.4223584330660653e-15,0.0,1.0920328848366135e-15,0.0,13,3540528537
18,1.4341072886255626e-15,6.149086674572137e-16,0.0,1.0684995418963703e-15,0.0,14,2284356016
18,2.683230667571108e-15,1.0185903756750235e-15,5.551115123125783e-17,1.1158466332997326e-15,0.0,15,3190951886
18,1.8023182484546952e-15,7.870640072608377e-16,5.721958498152797e-17,1.1174851121785398e-15,0.0,16,1807022722
18,2.699522196221819e-15,1.3660544970787545e-15,0.0,1.0318207563609408e-15,0.0,17,1666446271
18,1.4627750827062366e-15,3.680025251281031e-16,0.0,9.309503074677273e-16,0.0,18,3953257091
18,1.8910873325137662e-15,1.1315723931729714e-15,3.122502256758253e-17,1.1253850591815436e-15,0.0,19,2543825450
18,1.6682787266689366e-15,3.7923204347281324e-16,1.5700924586837752e-16,1.013743664998716e-15,0.0,20,4097480994
18,1.4886053631726483e-15,8.27754707342696e-16,0.0,9.825336557208113e-16,0.0,21,366202909
18,2.2422712676959927e-15,1.3217314552260937e-15,0.0,1.1123243881723397e-15,0.0,22,1679848070
18,1.2634635622647983e-15,6.1383817461645175e-16,0.0,1.0322872847368884e-15,0.0,23,1861659029
18,9.9550518160541e-16,4.765637033976161e-16,0.0,9.991284394033202e-16,0.0,24,2064290596
18,2.8379974393099747e-15,4.117223611232892e-15,0.0,1.065217682037612e-15,0.0,25,4197205856
18,1.376139550743171e-15,7.303621573963511e-16,5.551115123125783e-17,1.0292978492192716e-15,0.0,26,1378273399
18,1.747295492613493e-15,7.253879572163091e-16,0.0,1.1050065994108394e-15,0.0,27,2689485353
18,2.1423666993472696e-15,1.0973815751981339e-15,0.0,1.0516488342428618e-15,0.0,28,3595559045
18,2.2938527748522936e-15,1.186260171022443e-15,2.7755575615628914e-17,1.1765876270068222e-15,0.0,29,2385238038
18,5.046825546201525e-16,5.246450166995372e-16,0.0,1.0175362097255202e-15,0.0,30,1943851858
18,1.7085488808607864e-15,5.909977239135025e-16,0.0,1.0609021912975298e-15,0.0,31,782861195
18,3.292293934926058e-15,8.282397388912939e-16,7.850462293418876e-17,1.0891687593332222e-15,0.0,32,1366444937
18,4.6952756433282184e-15,2.6788168628793255e-15,0.0,1.0482682925472755e-15,0.0,33,2708657665
18,3.955949859638217e-15,6.115711698391229e-16,0.0,1.0824674490095276e-15,0.0,34,1000785211
18,4.5612611197818595e-15,8.119837403022864e-16,6.938893903907228e-18,1.0522438524544687e-15,0.0,35,2170680220
18,2.5996299057242418e-15,2.0638193837456104e-15,2.7755575615628914e-17,1.0886989648311945e-15,0.0,36,1928852811
18,3.854517316038197e-15,1.0322148918128946e-15,2.7755575615628914e-17,1.0858662300062627e-15,0.0,37,646073113
18,9.206472226549127e-16,2.518356409221135e-15,1.2412670766236366e-16,1.0565363201361521e-15,0.0,38,1269616368
18,2.330747013489296e-15,5.861400691862939e-16,1.1102230246251565e-16,9.793432045533596e-16,0.0,39,3927227096
18,1.4850661286107325e-15,4.3121426564631313e-16,0.0,1.0119372270208726e-15,0.0,40,3445960328
18,7.579568739575725e-15,4.205361874286641e-15,1.1102230246251565e-16,1.0434271582742405e-15,0.0,41,4051148265
18,8.037459211231427e-16,1.3905612831990331e-15,1.3877787807814457e-17,1.033499272934994e-15,0.0,42,99578583
18,1.983008897647484e-15,7.340548501254694e-16,0.0,1.1070961189562707e-15,0.0,43,2831844647
18,9.745148153970089e-16,1.3728988059000829e-15,0.0,1.0263129006181411e-15,0.0,44,1518130337
18,2.282152679512667e-15,5.571075170121723e-16,0.0,1.139331726283876e-15,0.0,45,3173186948
18,1.2039680533270385e-15,7.069667343922453e-16,7.850462293418876e-17,1.1502877987889121e-15,0.0,46,2841795269
18,2.133053070695508e-15,7.237618554954889e-16,0.0,9.906835517256434e-16,0.0,47,4086089306
18,1.9100416435927375e-15,2.1586954056416447e-15,0.0,1.088505461102139e-15,0.0,48,1895490049
18,8.055106369507033e-15,3.3880164964529864e-15,0.0,1.1885172769929842e-15,0.0,49,1598889071
18,6.045763061326299e-15,2.392748373651223e-15,5.551115123125783e-17,1.0210317717372025e-15,0.0,50,3340016428
18,1.6300756467260044e-15,2.2681248118054405e-15,5.551115123125783e-17,1.0601757946418088e-15,0.0,51,1661791681
18,1.87454581500202e-15,1.1443350180006382e-15,1.1102230246251565e-16,1.0060259553498831e-15,0.0,52,1825988204
18,2.6447996836927087e-15,1.4661992406738649e-15,0.0,1.0684995418963703e-15,0.0,53,1643750090
18,1.3726455548609e-15,8.933573904284515e-16,2.0816681711721685e-17,9.33016792379982e-16,0.0,54,1203344100
18,1.251948612783797e-15,4.443449925472879e-16,0.0,1.1223218486146752e-15,0.0,55,2169205168
18,3.893852029223732e-15,7.671895318884472e-16,0.0,1.0243274055213821e-15,0.0,56,247788620
18,2.4140938345469274e-15,1.0894426860947777e-15,1.5700924586837752e-16,1.0352680880098143e-15,0.0,57,4281935717
18,1.6160283644586665e-15,2.4337223234121524e-15,1.1188630228279524e-16,1.0580846264228114e-15,0.0,58,1477423191
18,3.954455648553881e-15,1.8313713425501922e-15,5.551115123125783e-17,1.054437934112175e-15,0.0,59,621675612
18,1.7448768129669866e-15,2.1517178128635783e-15,0.0,1.048668678966389e-15,0.0,60,988942933
18,1.4253615701674125e-15,5.827303711146828e-16,0.0,1.0896493980701916e-15,0.0,61,682710787
18,3.4404504796421747e-15,1.4848027063944015e-15,0.0,9.850541377157396e-16,0.0,62,3390140698
18,1.298305008927134e-15,4.1189297625570304e-15,0.0,1.1188630228279524e-15,0.0,63,359160256
18,3.423943035567395e-15,5.826028268659306e-16,1.1102230246251565e-16,1.1084869437747369e-15,0.0,64,3788977390
18,4.7244386900177606e-15,2.425099637607473e-15,1.5700924586837752e-16,9.765861500454321e-16,0.0,65,2878726578
18,1.418191684722951e-15,2.040380502142183e-15,5.551115123125783e-17,9.738460108584337e-16,0.0,66,3014791299
18,1.6492641447440327e-15,6.468923946497518e-16,2.7755575615628914e-17,1.0630784032076045e-15,0.0,67,4014792420
18,1.7140234162573202e-15,3.6948563308580334e-16,0.0,1.0299525296675035e-15,0.0,68,1276504635
18,1.0853146852364197e-15,1.0512298302537242e-15,0.0,1.040672165466893e-15,0.0,69,2002235603
18,2.97935824146956e-15,1.976589922746007e-15,0.0,1.0273313046550296e-15,0.0,70,3571131000
18,4.958519005597666e-15,2.300324558377364e-15,1.1102230246251565e-16,9.889567098758408e-16,0.0,71,776772566
18,1.1810013839449895e-15,4.1283315582331137e-16,0.0,1.1116099371267112e-15,0.0,72,917992333
18,1.247225966792946e-15,4.0642684527737607e-16,0.0,1.097821725383015e-15,0.0,73,163031402
18,9.118063996813068e-15,2.1353004573006656e-15,2.7755575615628914e-17,1.0400010849839876e-15,0.0,74,2306670961
18,1.241403997503189e-15,1.0539454124628683e-15,7.850462293418876e-17,1.0389820661729662e-15,0.0,75,3184499502
18,8.849430303811731e-16,9.54222500169973e-16,0.0,9.38881321331955e-16,0.0,76,1603635729
18,1.1445914661838008e-14,2.6926910197243844e-15,6.938893903907228e-18,1.066334393690002e-15,0.0,77,369077983
18,9.760639647802965e-16,2.06028590285776e-15,0.0,1.0466465269456828e-15,0.0,78,3586982664
18,4.130963065107814e-15,2.4365505217121698e-15,0.0,1.0916280730233892e-15,0.0,79,3525563160
18,1.691749738085652e-15,1.423484890427417e-15,5.551115123125783e-17,1.1332299355900412e-15,0.0,80,3025921579
18,1.8887903080172115e-15,6.768525841559887e-16,1.1102230246251565e-16,1.0995687441693136e-15,0.0,81,3930956674
18,2.083382159166198e-15,1.0519490144722269e-15,0.0,1.0895610206501939e-15,0.0,82,2533296971
18,7.83058650769476e-15,3.700221418771206e-15,8.326672684688674e-17,1.0785460984167022e-15,0.0,83,2104022466
18,2.8826663018880445e-15,1.2672036483400458e-15,1.1102230246251565e-16,9.70751009161811e-16,0.0,84,3016223439
18,3.0457958698347126e-15,8.366820858125378e-16,0.0,1.0917021561925356e-15,0.0,85,3648512661
18,5.5154146589800014e-15,2.5071471723762457e-15,0.0,1.0938170915203147e-15,0.0,86,2787620916
18,3.0300413339083853e-15,6.460592921718563e-16,1.1102230246251565e-16,1.079973691494802e-15,0.0,87,2013775319
18,1.3284233801458083e-15,1.678711019570005e-15,0.0,1.0415046293356074e-15,0.0,88,3046509771
18,3.0789632720147713e-15,5.491773328585728e-16,1.1102230246251565e-16,9.992007221626409e-16,0.0,89,3419868831
18,6.6757024993875934e-15,1.9247108007264075e-15,1.5700924586837752e-16,9.9968247365978e-16,0.0,90,2527542286
18,4.536303460994566e-15,1.888356954377603e-15,0.0,1.0361048938217815e-15,0.0,91,480526203
18,3.1119286747267657e-15,6.968898199006904e-16,5.721958498152797e-17,9.19983435343671e-16,0.0,92,3060912922
18,1.0567477002657638e-15,4.1975842787629304e-16,1.3877787807814457e-17,9.841494647828352e-16,0.0,93,1817200875
18,4.161253981098403e-15,1.9514480363882044e-15,6.938893903907228e-18,1.0685220724352693e-15,0.0,94,1919869780
18,5.700305620490223e-15,3.825532236114798e-15,5.551115123125783e-17,1.0747000454308288e-15,0.0,95,3132286533
18,1.6466668217714483e-15,1.2455840694349976e-15,0.0,1.1030004287711846e-15,0.0,96,2907287194
18,1.992876049552776e-15,4.750802789431748e-16,1.2412670766236366e-16,1.0144321157843484e-15,0.0,97,3056578307
18,1.4564683891547743e-15,3.874754772979865e-16,1.1102230246251565e-16,1.0008377311411683e-15,0.0,98,3912302354
18,6.275062741727209e-16,2.417689359565485e-15,1.1102230246251565e-16,1.1284612883164582e-15,0.0,99,502677748
19,1.4791621878557147e-15,1.0355495043993281e-15,0.0,9.01629097537259e-16,0.0,0,2764693161
19,2.3702149499273757e-15,2.5231157748398836e-15,1.1443916996305594e-16,8.886119947416683e-16,0.0,1,4224893875
19,4.024666045508981e-15,1.753043098150011e-15,1.2719202621569003e-16,9.272449921261757e-16,0.0,2,4228839122
19,3.1152046745521335e-15,9.296003951986372e-16,2.7755575615628914e-17,9.21802739995737e-16,0.0,3,3063233932
19,1.6091284152185735e-15,5.752268284966577e-16,1.1123893155135927e-16,9.976575541032722e-16,0.0,4,1878139042
19,2.2946368790828237e-15,7.798395150959586e-16,1.1449174941446927e-16,9.10873547778187e-16,0.0,5,1855175135
19,1.8290556799577066e-15,1.3121178899233834e-15,0.0,9.110849609289457e-16,0.0,6,48791594
19,3.3872408542534225e-15,1.8202138591138794e-15,2.7755575615628914e-17,1.0744368039712068e-15,0.0,7,1180371752
19,6.007083700142612e-15,9.640218077857165e-16,0.0,9.209666375651935e-16,0.0,8,719564644
19,6.9142388823007755e-15,2.2512283679403627e-15,0.0,9.524500785106786e-16,0.0,9,1431189144
19,1.2260014307195498e-15,8.508492338074772e-16,0.0,9.097098972217435e-16,0.0,10,569293652
19,1.8600407332883486e-15,4.023470436020367e-15,0.0,9.441996458677856e-16,0.0,11,1757983482
19,2.7594523920521012e-15,1.0993047057155135e-15,6.206335383118183e-17,8.890724365456008e-16,0.0,12,429139371
19,1.8228271424350024e-15,1.843226743413086e-15,1.1443916996305594e-16,8.25280450244462e-16,0.0,13,2950174201
19,1.2447606490553827e-15,1.3068660322379956e-15,1.1102230246251565e-16,8.568339948907339e-16,0.0,14,3017926060
19,1.3358306544847458e-15,7.456097472730126e-16,5.551115123125783e-17,9.891270958520527e-16,0.0,15,465934053
19,1.009244677713715e-15,2.272542042582391e-15,0.0,9.949512507731418e-16,0.0,16,944734792
19,2.772864527146433e-15,5.845953944856106e-16,1.1443916996305594e-16,1.0126090753365372e-15,0.0,17,1623157668
19,1.6556185611488845e-15,2.3093727003313297e-15,0.0,8.536813755471828e-16,0.0,18,1865059020
19,2.3250683436296603e-15,7.910959431028437e-16,1.1102230246251565e-16,9.507044350905964e-16,0.0,19,2324480224
19,9.9861681809938e-16,1.5311045818535176e-15,1.2412670766236366e-16,9.197110587433828e-16,0.0,20,4261572763
19,1.3284278721065288e-15,4.0124009929427426e-16,1.1102230246251565e-16,9.251173891772473e-16,0.0,21,3684495223
19,2.2086543605597687e-15,1.1259009257093986e-15,0.0,9.1761460956444e-16,0.0,22,2282282039
19,1.686458238460268e-15,8.4577430436927e-16,0.0,9.290088031491036e-16,0.0,23,1202640580
19,9.272497713129368e-16,9.60458974767304e-16,1.1102230246251565e-16,1.0344306052614396e-15,0.0,24,1974155950
19,1.278607611261187e-15,1.4626260037294865e-15,0.0,8.791334862707697e-16,0.0,25,1375131391
19,2.3533595615141042e-15,1.782298341025644e-15,0.0,9.742167503148516e-16,0.0,26,2118019687
19,3.687076742647384e-15,9.84598223725652e-16,4.85722573273506e-17,8.90350943264474e-16,0.0,27,1327272169
19,1.0260036947687261e-15,1.455625401019888e-15,1.5700924586837752e-16,9.116726959619137e-16,0.0,28,3239806809
19,4.4701683505165754e-15,9.614608497701428e-16,6.938893903907228e-18,9.539401966176753e-16,0.0,29,3954736836
19,4.431393870746805e-15,8.532243950016739e-16,5.551115123125783e-17,8.942293402195996e-16,0.0,30,1106509398
19,1.0021232046515323e-15,6.57609361527296e-16,1.3877787807814457e-17,1.0172522593335745e-15,0.0,31,703229370
19,2.862271731871764e-15,1.9216213625174007e-15,1.5700924586837752e-16,9.634823471110655e-16,0.0,32,411829980
19,1.3565730852998201e-15,3.9292846714206584e-16,1.1102230246251565e-16,9.906835517256434e-16,0.0,33,2919416379
19,1.785486810610672e-15,2.766743222929057e-15,1.1102230246251565e-16,9.766847502930502e-16,0.0,34,4102840326
19,3.774696449630398e-15,1.4005335956457346e-15,2.7755575615628914e-17,9.335326988569947e-16,0.0,35,3298849644
19,5.9726552948865874e-15,1.195967395201347e-15,1.5700924586837752e-16,8.868764227826485e-16,0.0,36,1244987800
19,1.765072354666249e-15,6.873617059719112e-16,1.2432050435751766e-16,9.453208419344607e-16,0.0,37,3648992837
19,8.624038236922332e-15,3.803582309278699e-15,0.0,9.770790517827884e-16,0.0,38,2127673292
19,9.59106723663658e-15,3.8187385322750935e-15,5.551115123125783e-17,9.38368355484052e-16,0.0,39,1270058540
19,4.12892543134913e-15,4.137707011173065e-15,1.2412670766236366e-16,9.98875408554096e-16,0.0,40,8853014
19,1.6212050200817618e-15,1.0727031336393931e-15,1.1102230246251565e-16,9.339452188501096e-16,0.0,41,2076934802
19,5.6297990375297155e-15,1.0063915573260766e-15,1.2412670766236366e-16,9.928196943742541e-16,0.0,42,1414046559
19,4.523920005680228e-15,7.492657301216046e-16,0.0,8.815672866031607e-16,0.0,43,1808124257
19,1.4054783397106492e-15,1.4143843568788114e-15,1.1443916996305594e-16,9.570644082560845e-16,0.0,44,2315837041
19,8.025751686772771e-16,8.312210058121957e-16,0.0,9.395990030364596e-16,0.0,45,278120144
19,1.6316777751427668e-15,2.0022086066198838e-15,5.551115123125783e-17,9.38778750585887e-16,0.0,46,171679637
19,1.0764507476983049e-15,9.066314541087164e-16,6.206335383118183e-17,9.58999320486472e-16,0.0,47,1579826513
19,2.075527318924366e-15,6.471563483872684e-16,0.0,9.895164393411919e-16,0.0,48,1428574972
19,1.245055419224924e-15,2.990997447214771e-16,0.0,8.827407634742352e-16,0.0,49,2989641298
19,1.1649782944488452e-14,1.5860186140720512e-15,0.0,9.78753060959817e-16,0.0,50,154298173
19,2.416085093110446e-15,1.7146434347670085e-15,0.0,1.0009339424109066e-15,0.0,51,4292115494
19,1.387565961596391e-15,4.896287529962501e-16,2.7755575615628914e-17,8.955206467987463e-16,0.0,52,848589271
19,2.5188354547078984e-15,4.859426640481352e-16,1.1102230246251565e-16,9.634823471110655e-16,0.0,53,3617350272
19,1.037288829604669e-15,7.629782398721442e-16,1.1102230246251565e-16,9.64481292270117e-16,0.0,54,457795114
19,1.921376628291809e-15,2.765753070436709e-15,1.1102230246251565e-16,9.438685270424638e-16,0.0,55,3887781335
19,4.8392144234429605e-15,1.4600339205298527e-15,0.0,9.08650739920905e-16,0.0,56,2818763015
19,1.134704472173158e-15,1.1033984239468242e-15,0.0,1.0033602195521895e-15,0.0,57,372508150
19,6.247793822207686e-15,1.873248971216864e-15,1.1857187100668868e-16,8.883139346335056e-16,0.0,58,1778566582
19,3.074653277548711e-15,2.003966703854502e-15,1.1102230246251565e-16,8.667786749254165e-16,0.0,59,1264785988
19,8.045735331857484e-15,1.7632352215631816e-15,5.551115123125783e-17,7.90059424964922e-16,0.0,60,3417124130
19,1.8131229913382927e-15,5.951515663091793e-16,1.1102230246251565e-16,8.974541229181255e-16,0.0,61,1992934523
19,2.182201264593139e-15,2.0317712104012017e-15,0.0,9.338421059357628e-16,0.0,62,3107798158
19,3.0504360182305205e-15,1.0058475085660927e-15,0.0,8.259324344654101e-16,0.0,63,2540236742
19,3.603628375519981e-15,3.871880576294701e-15,1.0007415106216802e-16,9.08756711201214e-16,0.0,64,383624400
19,1.0775719327032073e-15,1.8849387388406865e-15,3.925231146709438e-17,9.793432045533596e-16,0.0,65,3792358557
19,6.18586559989631e-15,7.358376828644549e-16,7.076311083754595e-17,8.50064065311604e-16,0.0,66,1447610845
19,1.4333160048380994e-15,7.602178061298013e-16,5.721958498152797e-17,9.461354227335467e-16,0.0,67,1745904124
19,1.2983280735328791e-15,6.475570787517525e-16,2.7755575615628914e-17,8.760611182094052e-16,0.0,68,3522728791
19,1.2619757440646668e-15,2.9291960749885976e-16,0.0,9.134072760321928e-16,0.0,69,3299293368
19,2.4616382700264992e-15,6.234943013601865e-16,0.0,9.121412916732176e-16,0.0,70,3215744173
19,1.6790385235563708e-15,5.870091211895318e-16,1.3877787807814457e-17,9.972955286825357e-16,0.0,71,911387192
19,1.2585228320731496e-15,7.633898524916894e-16,1.5700924586837752e-16,9.053594779595603e-16,0.0,72,4052908796
19,8.99431878658772e-16,6.875403876103798e-16,0.0,8.261655840634106e-16,0.0,73,814397806
19,2.638380021733482e-15,2.061723489909011e-15,0.0,9.340740939861397e-16,0.0,74,2184480879
19,2.0106534310605626e-15,6.860968245124385e-16,1.1443916996305594e-16,9.522225673746189e-16,0.0,75,1406555595
19,3.4015622632639664e-15,9.692161901291755e-16,1.1102230246251565e-16,9.770852114810179e-16,0.0,76,2243271060
19,1.3189292760710318e-15,1.0441805070640664e-15,1.1102230246251565e-16,9.513372846242136e-16,0.0,77,2639819367
19,1.3026466571068073e-15,5.24613841163677e-16,5.551115123125783e-17,9.338421059357628e-16,0.0,78,2484950534
19,1.3048851894455314e-15,1.1995676651936428e-15,0.0,9.535931314269131e-16,0.0,79,1897872910
19,1.208163556192242e-15,1.1270603173770489e-15,6.206335383118183e-17,9.309503074677273e-16,0.0,80,1707586074
19,3.48451182041601e-15,2.6766943821665892e-15,5.551115123125783e-17,9.641469523433092e-16,0.0,81,233381697
19,1.1035918693609009e-15,2.20026097113794e-15,1.1443916996305594e-16,9.105563360159024e-16,0.0,82,1362639832
19,1.7279612065216405e-15,1.6423423586463815e-15,5.551115123125783e-17,8.877446329002823e-16,0.0,83,3964885487
19,3.605737455767501e-15,4.899511088661962e-15,3.925231146709438e-17,9.180342824011826e-16,0.0,84,512358268
19,9.893064053283621e-15,1.2443724995809591e-15,1.1857187100668868e-16,8.829589126839103e-16,0.0,85,3089004134
19,1.6808969283292627e-15,7.16484249663167e-16,1.1102230246251565e-16,1.0045831428303541e-15,0.0,86,2024285642
19,2.806454465192768e-15,6.625440602711866e-16,1.1102230246251565e-16,9.961361631809749e-16,0.0,87,134782423
19,1.065599856510723e-15,1.2596635345156595e-15,1.1102230246251565e-16,8.886119947416683e-16,0.0,88,1510409091
19,9.080209038831719e-16,4.475447021045366e-16,6.938893903907228e-18,9.023764073195417e-16,0.0,89,1147206025
19,1.9926048100480692e-15,8.797201696107714e-16,1.1102230246251565e-16,9.105563360159024e-16,0.0,90,3402443313
19,3.961394234637109e-15,1.9839588119350776e-15,1.2412670766236366e-16,9.01629097537259e-16,0.0,91,1661659404
19,1.5639531561940792e-15,2.4943422373969225e-15,1.1123893155135927e-16,9.318807927649355e-16,0.0,92,1447601879
19,5.898535268884187e-15,3.8923074796205595e-15,7.850462293418876e-17,8.728676222655933e-16,0.0,93,3003942203
19,1.8772477422919536e-15,1.1991440978519628e-15,1.2412670766236366e-16,8.852462337514722e-16,0.0,94,951490096
19,2.407620554579563e-15,5.302312426254427e-16,1.2412670766236366e-16,8.947172670708478e-16,0.0,95,3707943676
19,2.2055453833776537e-15,2.73917585510826e-15,0.0,8.907767043920386e-16,0.0,96,1441986731
19,9.66806072188173e-16,2.2740732387895782e-15,1.1443916996305594e-16,9.682678848994769e-16,0.0,97,2144399916
19,1.7044798368489474e-15,7.105818068792717e-16,1.3597399555105182e-16,9.51008255423814e-16,0.0,98,1470211878
19,3.3684086260527377e-15,1.4141855361476662e-15,0.0,9.767093987996672e-16,0.0,99,230117038
20,7.0485638118970965e-15,1.4754901589422178e-15,0.0,1.3911054626160788e-15,0.0,0,83006741
20,1.0092711228635732e-14,2.5603296177857325e-15,0.0,1.3440693017233997e-15,0.0,1,1203436637
20,6.69036135500578e-15,1.9044451347492378e-15,0.0,1.477985419562098e-15,0.0,2,3563801753
20,6.8651404860227874e-15,1.789723550442255e-15,0.0,1.5519561812276393e-15,0.0,3,1874739620
20,1.3698094103713415e-14,2.27261222646171e-15,0.0,1.4252967779868361e-15,0.0,4,1436061965
20,2.2816408429408687e-15,5.078208537993008e-16,0.0,1.3608726004012153e-15,0.0,5,1884665674
20,1.0990866250520403e-15,4.077407657713728e-15,0.0,1.4845242813922215e-15,0.0,6,1609491343
20,1.906517134473758e-15,5.842284950205937e-16,0.0,1.4790264970863883e-15,0.0,7,3589099598
20,1.2576063256563232e-15,2.3304587925421333e-15,0.0,1.3611556143588143e-15,0.0,8,2410786569
20,1.5024948656736405e-15,1.77191367699725e-15,0.0,1.416690366680715e-15,0.0,9,2848789507
20,2.482272309664412e-15,1.2471281205310507e-15,0.0,1.3472180148700993e-15,0.0,10,1910668243
20,4.3739476100617675e-15,3.001999998129779e-15,0.0,1.3799853365199569e-15,0.0,11,3625296365
20,4.923889669310254e-15,2.498880494604301e-15,0.0,1.4539425212875644e-15,0.0,12,2613610108
20,1.1273995263169152e-15,2.0115882149975312e-15,0.0,1.415262216750919e-15,0.0,13,1948494285
20,1.245461291700235e-14,1.4640942815150757e-15,0.0,1.4440273789982445e-15,0.0,14,455930954
20,1.4946995964868002e-15,1.3724984803653355e-15,0.0,1.4398330251758468e-15,0.0,15,142869815
20,1.1413584075055155e-15,4.786453843368952e-16,0.0,1.4394316873059304e-15,0.0,16,1742894744
20,1.1996261929012522e-15,1.1996863954553213e-15,0.0,1.3581101235686508e-15,0.0,17,2080123248
20,3.4747728020524644e-15,9.013353420293392e-16,0.0,1.4257031502286256e-15,0.0,18,249558586
20,1.5816112380314454e-15,7.917582769390105e-16,0.0,1.4242829811603716e-15,0.0,19,1834322298
20,2.344576165433458e-15,2.162705749671461e-15,0.0,1.4422595721636194e-15,0.0,20,3347337392
20,3.2807175499357877e-15,1.0390805377282538e-15,0.0,1.4253519353001989e-15,0.0,21,161495503
20,4.4028484764187604e-15,7.935051642635176e-16,0.0,1.3747418137334714e-15,0.0,22,1332224470
20,2.2819494456380386e-15,6.452430999586863e-16,0.0,1.447819792471103e-15,0.0,23,1013539615
20,2.1584421891079995e-15,9.902946670976172e-16,0.0,1.472521736664869e-15,0.0,24,662680317
20,4.39934629122676e-15,1.2879746475529628e-15,0.0,1.4372749316665932e-15,0.0,25,4112291475
20,1.281466427240265e-15,1.3107715679659264e-15,0.0,1.3570461351122426e-15,0.0,26,3940956183
20,1.0748120435183418e-15,7.138634766430221e-16,0.0,1.2965894679718859e-15,0.0,27,87737515
20,1.918771198796014e-15,1.052701329912913e-15,0.0,1.4917177575678033e-15,0.0,28,216491599
20,9.701497803542873e-15,2.0823185908634573e-15,0.0,1.4742496200579451e-15,0.0,29,1594608327
20,2.041056108409504e-15,6.770762618725521e-16,0.0,1.45630836527132e-15,0.0,30,852652691
20,2.878119035511753e-15,2.016425317144521e-15,0.0,1.2953262784141144e-15,0.0,31,2958548436
20,3.040225507647719e-15,1.8112639828356957e-15,0.0,1.4153982931145575e-15,0.0,32,1220697507
20,3.031589961491476e-15,7.287263411211791e-16,0.0,1.3429224847042392e-15,0.0,33,4197044439
20,1.1218766668931175e-15,2.45017639730246e-15,0.0,1.3660283756631093e-15,0.0,34,3099835514
20,1.3098345478375348e-15,2.2610209038775654e-15,0.0,1.4515396512529846e-15,0.0,35,3779668824
20,1.78738149026713e-15,1.1157225715279055e-15,0.0,1.4507433416102144e-15,0.0,36,131026718
20,3.2444806368354353e-15,1.673182159242904e-15,0.0,1.4273665515222481e-15,0.0,37,2651924333
20,5.438021378873266e-15,1.1211320677536446e-15,0.0,1.4221177991295363e-15,0.0,38,1666018082
20,6.132271778565846e-15,3.933691940966889e-15,0.0,1.386707175302554e-15,0.0,39,1569579008
20,2.3474904681646328e-15,1.0829691237632078e-15,0.0,1.4245576223736908e-15,0.0,40,3187389256
20,1.0833231301205476e-14,1.88401192261828e-15,0.0,1.5194751782544586e-15,0.0,41,3373333478
20,1.402566573623417e-15,1.572543814522575e-15,0.0,1.4239448884879224e-15,0.0,42,3034525564
20,1.0851329724961618e-15,7.639239267223108e-16,0.0,1.452070281740917e-15,0.0,43,1452104636
20,1.3411839067290353e-14,3.806367551076079e-15,0.0,1.4189486643677516e-15,0.0,44,663539638
20,4.0884867330493e-15,1.0256661659004444e-15,0.0,1.3955287025942437e-15,0.0,45,3068802582
20,4.617994199048811e-15,1.6559150930477925e-15,0.0,1.4529321429587995e-15,0.0,46,389735425
20,5.2023799575819086e-15,2.152533916157144e-15,0.0,1.447038072680333e-15,0.0,47,94374223
20,3.082347351283991e-15,4.23585231616939e-16,0.0,1.4395487557428077e-15,0.0,48,1298063072
20,1.2608182169120274e-15,1.2640981270685e-15,0.0,1.4328101842950357e-15,0.0,49,2229406170
20,5.926700971131827e-15,1.096433067399243e-15,0.0,1.4900375968040556e-15,0.0,50,1158133191
20,1.4558454257915409e-15,1.6474868954334452e-15,0.0,1.3913996292750186e-15,0.0,51,4058069609
20,1.385440659049304e-14,3.1738594772174458e-15,0.0,1.4496809150000396e-15,0.0,52,2006534481
20,8.031925555103956e-15,4.67587239517032e-15,0.0,1.4087150935148696e-15,0.0,53,2008506593
20,6.944734861562517e-15,1.1963908787133885e-15,0.0,1.3671029830565009e-15,0.0,54,1936175209
20,3.525429315468225e-15,1.5381393074088064e-15,0.0,1.3547024189860284e-15,0.0,55,2872697416
20,1.2826259620386517e-15,8.559906818079995e-16,0.0,1.3746717649798282e-15,0.0,56,2415239149
20,3.403718433239997e-15,9.02589810753368e-16,0.0,1.402961297813933e-15,0.0,57,1311798700
20,2.560611684572482e-15,1.0422209404125408e-15,0.0,1.460863775776337e-15,0.0,58,3783074451
20,2.936671661558724e-15,2.3202586325222993e-15,0.0,1.4202205570814528e-15,0.0,59,3789218622
20,4.062282380077435e-15,1.6156855275819392e-15,0.0,1.4231331383667577e-15,0.0,60,3736576868
20,5.093356098968151e-15,1.8510206696073123e-15,0.0,1.4130832128153975e-15,0.0,61,1353432103
20,5.686316654485068e-15,1.084341830414576e-15,0.0,1.569617065754817e-15,0.0,62,3294216836
20,2.1827426546492247e-15,1.0519006137934689e-15,0.0,1.4742006300009394e-15,0.0,63,2768476758
20,1.1927078612280438e-15,1.1396275084419175e-15,0.0,1.4344558384918382e-15,0.0,64,2314598184
20,3.969193260644033e-15,3.893008976431396e-15,0.0,1.463695484086892e-15,0.0,65,3765145565
20,3.5314266478139778e-15,8.255174292985312e-16,0.0,1.4298373408460883e-15,0.0,66,1913477527
20,3.3266487767315496e-15,1.9960550826263136e-15,0.0,1.3638413178552673e-15,0.0,67,814861680
20,1.217533686677644e-15,1.1551330718666515e-15,0.0,1.424637892112897e-15,0.0,68,1928041532
20,1.663978732319155e-15,4.478443243462664e-16,0.0,1.3856434280897251e-15,0.0,69,1178768099
20,7.487899271890175e-15,1.1740477252641584e-15,0.0,1.477854087920636e-15,0.0,70,1525386553
20,1.3306041476995274e-15,8.684989710525056e-16,0.0,1.4292268704672858e-15,0.0,71,2265426230
20,2.5441486671353277e-15,1.2521627708839617e-15,0.0,1.3162699487456049e-15,0.0,72,609497231
20,2.092602904172996e-15,9.551795295923715e-16,0.0,1.3801466952138596e-15,0.0,73,2390827228
20,3.950745794938121e-15,2.039115451720183e-15,0.0,1.3048072926061981e-15,0.0,74,552497428
20,2.5910172691355356e-15,6.216025217875883e-16,0.0,1.4228624520802642e-15,0.0,75,2395811911
20,1.3696547516522579e-14,2.7442338573473204e-15,0.0,1.2926472139568343e-15,0.0,76,4099762567
20,1.564024223154756e-15,1.1001269033587117e-15,0.0,1.4718308331621412e-15,0.0,77,333696408
20,1.8331817040220776e-15,8.435735037342563e-16,0.0,1.4474580916433495e-15,0.0,78,3442477998
20,8.290424802616171e-15,1.5927076195557303e-15,0.0,1.4406353654968681e-15,0.0,79,1654602360
20,4.591041951547117e-15,4.455731716364108e-15,0.0,1.4578490590394045e-15,0.0,80,332499902
20,4.785608789792056e-15,2.0394210717501855e-15,0.0,1.4788799967699018e-15,0.0,81,4237428551
20,2.888880791589229e-15,5.681360080073711e-16,0.0,1.3668035872266427e-15,0.0,82,3642934088
20,9.263878146969294e-16,1.7476656739975341e-15,0.0,1.4432899320127035e-15,0.0,83,1815951657
20,7.623845812819883e-15,1.7838594715158063e-15,0.0,1.3580392169393404e-15,0.0,84,2185148544
20,1.2688740372161737e-15,1.0127903385447384e-15,0.0,1.4585074488786419e-15,0.0,85,2608780617
20,1.245917963687122e-15,8.070622697114289e-16,0.0,1.5116599746687267e-15,0.0,86,1398762839
20,4.109002993271452e-15,2.297937057780505e-15,0.0,1.4472039765419511e-15,0.0,87,2552387351
20,2.2472900677506435e-14,3.133377382114363e-15,0.0,1.3762779528998402e-15,0.0,88,4019077794
20,4.924706125357853e-15,1.0753494719665353e-15,0.0,1.3832984013196137e-15,0.0,89,196981618
20,3.0052140417054615e-15,5.853556019880684e-16,0.0,1.4611274220112532e-15,0.0,90,110728659
20,1.2523117637850912e-15,8.30582991686868e-16,0.0,1.4513406148028517e-15,0.0,91,1834145429
20,2.3907340670488305e-15,2.4513846316881923e-15,0.0,1.32021460364232e-15,0.0,92,1271587591
20,3.042979909212021e-15,9.49792390973407e-16,0.0,1.3051762470296915e-15,0.0,93,1920613801
20,2.46237871730104e-15,1.1042274606500743e-15,0.0,1.440618654631296e-15,0.0,94,1964292687
20,8.218949943147815e-15,1.7516275273023387e-15,0.0,1.4252967779868361e-15,0.0,95,2412570338
20,1.6823812979174026e-15,1.999681759776156e-15,0.0,1.5659778408995024e-15,0.0,96,883147326
20,1.6613978440746174e-15,2.1198973871942896e-15,0.0,1.3728492428440019e-15,0.0,97,3614359204
20,5.159234510536331e-15,1.7751638163860808e-15,0.0,1.5400798424397293e-15,0.0,98,1651780715
20,1.2004478976439606e-14,1.7621511993400398e-15,0.0,1.3065773236608868e-15,0.0,99,2512214152
21,1.6108798687759538e-15,4.973831237372853e-16,0.0,1.319485001705613e-15,0.0,0,4064674124
21,8.451123395775537e-15,1.6115793737286234e-15,0.0,1.2446758804062575e-15,0.0,1,1165648373
21,6.896561760230466e-15,1.0037260640230987e-15,0.0,1.2953448636555323e-15,0.0,2,2007973616
21,9.8715131815052e-16,7.13963490160013e-16,0.0,1.2839766479167266e-15,0.0,3,84740769
21,2.1888292917813554e-15,8.189401725496206e-16,5.551115123125783e-17,1.266153263119412e-15,0.0,4,4274537519
21,2.5582234844447766e-15,6.721255387103129e-16,0.0,1.2782640434660324e-15,0.0,5,546904211
21,5.4221337278831436e-15,2.5224702707932774e-15,1.1102230246251565e-16,1.2505419284623908e-15,0.0,6,972842923
21,1.8933820044319366e-15,2.41964949588113e-15,0.0,1.2649358077771834e-15,0.0,7,1459623214
21,3.5156763826861974e-15,4.274086234785889e-15,1.1102230246251565e-16,1.3598107734556986e-15,0.0,8,688476283
21,4.413183681581586e-15,1.1754767939196896e-15,0.0,1.1873621467522309e-15,0.0,9,2427603446
21,2.593971598539992e-15,5.872815454963107e-16,0.0,1.247457973265988e-15,0.0,10,3755767050
21,2.499231812055069e-15,6.838476040583107e-16,0.0,1.309522058799467e-15,0.0,11,3524243147
21,3.2253872899861624e-15,1.4535742081683215e-15,0.0,1.309522058799467e-15,0.0,12,19710154
21,2.5188942689837024e-15,8.023624791714243e-16,0.0,1.2728284523919721e-15,0.0,13,785258504
21,9.5012635972017e-16,1.5219417491144126e-15,0.0,1.2216395188048187e-15,0.0,14,2767571553
21,1.3718405283944528e-15,2.1054981436833793e-15,1.3877787807814457e-17,1.3028870453661398e-15,0.0,15,151684659
21,6.962383476324388e-15,1.14120099074578e-15,1.1102230246251565e-16,1.3033304304548183e-15,0.0,16,3963709789
21,2.590225465410402e-15,6.458440397424331e-16,5.551115123125783e-17,1.289365242278177e-15,0.0,17,2914147628
21,1.888334214613652e-15,1.1511843634927983e-15,0.0,1.1980799587472478e-15,0.0,18,3339672232
21,1.0998650460591578e-15,6.029594232932794e-16,1.1102230246251565e-16,1.3080505198934866e-15,0.0,19,1478813060
21,2.8928136701573134e-15,1.5186356519566974e-15,1.3877787807814457e-17,1.2332700536910843e-15,0.0,20,533218943
21,2.211029098212337e-15,7.669585301883935e-16,0.0,1.3820074984777838e-15,0.0,21,2994339366
21,2.623961947488694e-15,1.145370097646821e-15,0.0,1.225338722412823e-15,0.0,22,1574151465
21,5.695620523833649e-15,4.576538607600607e-15,0.0,1.1964713651663513e-15,0.0,23,1697795363
21,3.760404846808384e-15,1.0627590284297147e-15,1.1102230246251565e-16,1.2462222543165673e-15,0.0,24,1003969164
21,1.9066063253130373e-15,2.0023618401295524e-15,0.0,1.2828511751091367e-15,0.0,25,4137020619
21,6.374526315056376e-15,2.0480317278710486e-15,0.0,1.1595221835638718e-15,0.0,26,74475449
21,2.18327810403924e-15,6.460723784082735e-16,2.7755575615628914e-17,1.2982965328952046e-15,0.0,27,2346755611
21,5.825921632130718e-15,2.768333594357725e-15,0.0,1.216505063395608e-15,0.0,28,3567432444
21,3.091327695054978e-15,2.4690296906229972e-15,0.0,1.2673695489552188e-15,0.0,29,1519767858
21,6.218753740279306e-15,2.3911371552147103e-15,0.0,1.234182378756401e-15,0.0,30,1096824880
21,7.746634989318647e-15,1.5132155220090473e-15,0.0,1.2219547806213713e-15,0.0,31,3337815748
21,1.2166855028489679e-15,6.593410416175875e-16,0.0,1.1956863911441222e-15,0.0,32,375343580
21,1.291855565702896e-15,1.7688072898422737e-15,0.0,1.243979385004086e-15,0.0,33,552474724
21,2.2859356865582052e-15,1.3414110802612795e-15,0.0,1.1339095338133984e-15,0.0,34,1550243861
21,2.458999204028647e-15,7.755251986065491e-16,0.0,1.2462222543165673e-15,0.0,35,916844671
21,1.4020652138955533e-15,7.046789302741643e-16,0.0,1.1983210615419905e-15,0.0,36,1547976061
21,4.797751400816751e-15,2.265666145069637e-15,0.0,1.216505063395608e-15,0.0,37,203999732
21,2.8609759591460716e-15,1.222009711780354e-15,5.551115123125783e-17,1.222289657204784e-15,0.0,38,1481561716
21,1.552299567349811e-15,1.4869973648982186e-15,0.0,1.2659488504814803e-15,0.0,39,4067496864
21,2.5271630977703928e-15,5.868248672648261e-16,0.0,1.2997791147793086e-15,0.0,40,619339972
21,1.1187358718279396e-14,4.291900359530564e-15,5.551115123125783e-17,1.244830604240581e-15,0.0,41,2850946996
21,1.1288541268210428e-15,9.318846040654653e-16,0.0,1.340194861255458e-15,0.0,42,482575831
21,2.083087676473151e-15,2.5875543182850488e-15,0.0,1.2988897687191237e-15,0.0,43,3574871497
21,1.5160437782725715e-15,7.223199243755008e-16,0.0,1.25890736404084e-15,0.0,44,3453019388
21,1.9212360501348826e-15,5.502820552511824e-16,0.0,1.2650880537677182e-15,0.0,45,3493014042
21,1.3645099002451265e-15,7.548759185966171e-16,1.1102230246251565e-16,1.344642343447036e-15,0.0,46,176064895
21,2.6261162782474903e-15,7.152237152333167e-16,3.2959746043559335e-17,1.2831513977144894e-15,0.0,47,617790099
21,1.5426752675635782e-15,4.0807715783723033e-16,0.0,1.191228434442578e-15,0.0,48,1492287262
21,1.828050642729823e-15,4.256297012815442e-16,1.1102230246251565e-16,1.2625736473447065e-15,0.0,49,1628657084
21,2.3417776611652114e-15,2.1350301277127557e-15,1.1102230246251565e-16,1.278339375053655e-15,0.0,50,1418042211
21,3.4194977692638303e-15,7.57417238520704e-16,5.551115123125783e-17,1.2439068109721314e-15,0.0,51,2415652159
21,2.61691005217373e-15,2.445743282140135e-15,0.0,1.2869730969111293e-15,0.0,52,1656116893
21,2.14256426579743e-15,9.857452413153879e-16,0.0,1.1649078241711859e-15,0.0,53,2330665075
21,1.168835165880282e-15,1.3452827548687532e-15,0.0,1.240956721055184e-15,0.0,54,3605901492
21,2.595616583042695e-15,8.389951658349028e-16,5.551115123125783e-17,1.2704809665598862e-15,0.0,55,2194247385
21,2.0151612796187427e-15,2.2262965418105247e-15,0.0,1.3148059621411757e-15,0.0,56,266891527
21,3.5042501112916036e-15,1.0590969499511466e-15,0.0,1.3218911598700323e-15,0.0,57,410986418
21,1.6910214456373972e-15,1.2727908666582682e-15,0.0,1.2262028819013251e-15,0.0,58,3064162054
21,9.079977892671699e-16,1.285730665253786e-15,5.551115123125783e-17,1.253310999968575e-15,0.0,59,3618604492
21,2.6928818926471026e-15,9.273459391932407e-16,0.0,1.3025174424976872e-15,0.0,60,2011619285
21,1.2645704829886771e-15,1.3371307841664134e-15,0.0,1.2818749660365435e-15,0.0,61,3515802275
21,1.0121660080283143e-15,1.2690254582571985e-15,0.0,1.2490442700373085e-15,0.0,62,615225131
21,3.3486114789008118e-15,2.1293528139619435e-15,0.0,1.2397921957390492e-15,0.0,63,2245768220
21,2.542829717903497e-15,8.464943914141441e-16,0.0,1.2260458072985029e-15,0.0,64,1311739875
21,3.778159072786634e-15,7.914372188772658e-16,0.0,1.1693631858900542e-15,0.0,65,23656107
21,1.9355408034801634e-15,1.3335128920954565e-15,0.0,1.134249180229227e-15,0.0,66,549279532
21,3.27329774893824e-15,9.2426934342048e-16,0.0,1.2971092472944172e-15,0.0,67,3887847125
21,7.152035080321282e-15,2.0580715824764762e-15,0.0,1.2029728842382812e-15,0.0,68,3639340318
21,1.7341045266669091e-15,7.505906347185608e-16,0.0,1.3101102115615711e-15,0.0,69,2589588836
21,3.905288267139429e-15,9.434163701350963e-16,5.551115123125783e-17,1.2168216554799256e-15,0.0,70,4272774450
21,1.631526792625407e-15,6.155771724095329e-16,0.0,1.2457633749028695e-15,0.0,71,2117302513
21,3.805647046093976e-15,2.203320996679428e-15,0.0,1.2282430237695315e-15,0.0,72,3522302975
21,2.3808139989954975e-15,9.787153682339922e-16,4.163336342344337e-17,1.2187194808943674e-15,0.0,73,2056664710
21,2.670469687480776e-15,6.379612879136523e-16,0.0,1.197356359068535e-15,0.0,74,1004120392
21,2.4123141035887748e-15,1.2581472786576246e-15,0.0,1.2130170969577669e-15,0.0,75,3828847209
21,2.7997025001944357e-15,2.6834610932463553e-15,0.0,1.2806912543188463e-15,0.0,76,108753989
21,2.4605959542661007e-15,4.0246508567998685e-15,5.551115123125783e-17,1.3174399667088352e-15,0.0,77,3099412874
21,2.993655182686036e-15,9.09661084191214e-16,2.7755575615628914e-17,1.2628786905111156e-15,0.0,78,653743850
21,5.08053039553051e-15,2.0360919549486372e-15,0.0,1.2425852229989084e-15,0.0,79,1715212472
21,3.4711073408940025e-15,2.862373564595546e-15,5.551115123125783e-17,1.2434373966364663e-15,0.0,80,873823706
21,1.6922431638227431e-15,1.2096503509424282e-15,0.0,1.2434373966364663e-15,0.0,81,3584154287
21,5.063063600061526e-15,2.8262709922390104e-15,0.0,1.266153263119412e-15,0.0,82,3447988038
21,3.8574040392903865e-15,1.0470694998592305e-15,0.0,1.2640981270685e-15,0.0,83,294872602
21,7.961876544336348e-15,2.0799099495234384e-15,1.3877787807814457e-17,1.2994271547466212e-15,0.0,84,1110463109
21,2.164986221307677e-15,1.1075227848859084e-15,0.0,1.2710114229825055e-15,0.0,85,977985424
21,2.3385402318866743e-15,8.099905823254427e-16,2.7755575615628914e-17,1.2517733831462686e-15,0.0,86,3328251263
21,1.5543739906587759e-15,2.1166702671396583e-15,0.0,1.263107424540916e-15,0.0,87,2790309469
21,1.980314343635914e-15,6.006362910815128e-16,1.3877787807814457e-17,1.3119464894952357e-15,0.0,88,1454232634
21,4.838545698961729e-15,9.698479074911215e-16,2.7755575615628914e-17,1.2698412826020288e-15,0.0,89,3181484535
21,7.618478256414436e-15,1.9168555838293964e-15,2.7755575615628914e-17,1.2104740813787831e-15,0.0,90,3666183559
21,1.9924956706388822e-15,4.003648113534851e-15,1.1102230246251565e-16,1.292423707909697e-15,0.0,91,3760481733
21,3.014910450227371e-15,7.110865297954534e-16,0.0,1.2545397365381653e-15,0.0,92,4093600456
21,1.7254306063356896e-15,1.5213197792686158e-15,1.1102230246251565e-16,1.3248018562487327e-15,0.0,93,2265260981
21,2.4072857260830095e-15,2.0204838653766473e-15,0.0,1.229418488699069e-15,0.0,94,1221139588
21,2.0652601088898218e-15,1.1238613277601735e-15,0.0,1.2658490090568385e-15,0.0,95,1295381718
21,1.6738520855318914e-15,1.0613173661920092e-15,0.0,1.2022522294687668e-15,0.0,96,2103356918
21,2.5683690127284097e-15,2.816264818879948e-15,0.0,1.2338750427162833e-15,0.0,97,851785519
21,3.349836663791824e-15,6.070216453202877e-16,0.0,1.1185187043022341e-15,0.0,98,704459580
21,4.586143172065494e-15,7.291317497083943e-16,0.0,1.321016700352147e-15,0.0,99,1804034651
22,3.8230944147881865e-15,7.346105948129806e-16,0.0,1.5366791157600828e-15,0.0,0,2948930019
22,2.156024731348927e-15,1.8097910790384704e-15,0.0,1.36285246390321e-15,0.0,1,672726099
22,1.982616060837218e-15,1.1032162245827935e-15,0.0,1.2750205747584098e-15,0.0,2,1438284623
22,1.164632462403574e-15,1.8903499467483643e-15,5.721958498152797e-17,1.3506446028928519e-15,0.0,3,3500264936
22,6.3265913521155505e-15,1.242411874897163e-15,1.1102230246251565e-16,1.2705863650393206e-15,0.0,4,2099616757
22,1.1630083323567523e-14,3.902177194569216e-15,0.0,1.3002235596939149e-15,0.0,5,3808841246
22,3.0967992038965732e-15,5.336068735843884e-16,5.551115123125783e-17,1.4394985847213732e-15,0.0,6,3951042802
22,1.503282786586355e-15,7.107398865632301e-16,0.0,1.356691286863331e-15,0.0,7,3642406013
22,3.396042811589015e-15,1.052203665896913e-15,5.551115123125783e-17,1.344427481423755e-15,0.0,8,2399555126
22,2.106919898648565e-15,7.313082319804918e-16,0.0,1.4011068454311075e-15,0.0,9,4049559343
22,6.760284622401513e-15,1.935387278093143e-15,1.1102230246251565e-16,1.3799602588128117e-15,0.0,10,1841496931
22,2.9081925023624775e-15,1.4818550113018415e-15,2.7755575615628914e-17,1.313926787210276e-15,0.0,11,3310124048
22,7.283427432083246e-15,1.799611324666702e-15,1.1102230246251565e-16,1.340625907590245e-15,0.0,12,2151749019
22,1.2888942187897516e-15,8.803204022172543e-16,0.0,1.4153302565681143e-15,0.0,13,4205265876
22,1.6698718018664196e-15,1.8941206893838038e-15,5.551115123125783e-17,1.3224738116492321e-15,0.0,14,1638215911
22,4.158495375904996e-15,2.4748715235451086e-15,0.0,1.3743915342634358e-15,0.0,15,3184110695
22,3.094626303714075e-15,2.4786468876817523e-15,0.0,1.3683526928147109e-15,0.0,16,752074715
22,1.5137975906901489e-15,1.6164112476050778e-15,1.1102230246251565e-16,1.352039251090427e-15,0.0,17,256271997
22,3.562633257292826e-15,1.1868190813934545e-15,5.551115123125783e-17,1.3256738189514617e-15,0.0,18,543396191
22,5.816419309946037e-15,1.7873648542508447e-15,0.0,1.4624449402428884e-15,0.0,19,1194245077
22,2.809492444589236e-15,2.2897499953839652e-15,0.0,1.3586063663551436e-15,0.0,20,894551730
22,2.6734154736016955e-15,1.9801627009527607e-15,7.850462293418876e-17,1.3427073474666367e-15,0.0,21,1547886766
22,7.967474333871292e-15,1.5288253608533592e-15,7.850462293418876e-17,1.3651116489830014e-15,0.0,22,2655302502
22,1.659097894066563e-15,1.1092137761034405e-15,5.551115123125783e-17,1.3000939456219492e-15,0.0,23,1190482916
22,4.188463010420275e-15,9.685187969243848e-16,0.0,1.4151160928455064e-15,0.0,24,3019781296
22,4.474347032678873e-15,1.9577390229591213e-15,0.0,1.3905515683227232e-15,0.0,25,242878723
22,3.084409510265851e-15,5.708172887162414e-16,0.0,1.3592441265831078e-15,0.0,26,2845500334
22,2.1821673156812396e-15,1.3674665959671602e-15,2.7755575615628914e-17,1.3620043033829906e-15,0.0,27,2320962398
22,1.4392639472290532e-14,4.061664215273855e-15,0.0,1.3727790975182096e-15,0.0,28,4138116456
22,4.779624774032922e-15,3.625290495598754e-15,1.1102230246251565e-16,1.3783095795733154e-15,0.0,29,3613964373
22,3.121901814134822e-15,2.534720534008909e-15,2.7755575615628914e-17,1.36285246390321e-15,0.0,30,258147570
22,9.445378079356598e-16,1.865912515642802e-15,6.546139416680338e-17,1.3348671786163112e-15,0.0,31,3330285477
22,1.3976744751615304e-15,1.3520400815002379e-15,0.0,1.2785653431858247e-15,0.0,32,2578628180
22,8.548618930554044e-15,4.457403623724716e-15,1.1102230246251565e-16,1.4195593150907696e-15,0.0,33,2681967840
22,1.3787006743633076e-15,9.184254510043925e-16,0.0,1.3743915342634358e-15,0.0,34,878146606
22,3.2887515356867213e-15,7.447550183765845e-16,4.163336342344337e-17,1.2927961965210306e-15,0.0,35,1045071609
22,1.873211991825354e-15,1.4360869876743451e-15,1.1102230246251565e-16,1.3952569744849049e-15,0.0,36,4249573650
22,6.4433256830927604e-15,2.0333584908717827e-15,1.1102230246251565e-16,1.3051024644893102e-15,0.0,37,2843096745
22,3.5712931771782926e-15,6.565977551254745e-16,5.551115123125783e-17,1.3438543480794007e-15,0.0,38,4261342586
22,1.7037370455287337e-15,2.2714753996823364e-15,1.1102230246251565e-16,1.3462169504460969e-15,0.0,39,1102885950
22,2.292232721064722e-15,8.799330780393118e-16,5.551115123125783e-17,1.2539255187600815e-15,0.0,40,922447581
22,4.665381174307098e-15,1.1300022958288629e-15,0.0,1.245603935124788e-15,0.0,41,4141718069
22,1.8218409249735016e-15,7.778564715075279e-16,9.540979117872439e-18,1.3149570111349696e-15,0.0,42,2929859890
22,3.1161852746769255e-15,2.0855584527327962e-15,0.0,1.3424204441839884e-15,0.0,43,1655915700
22,1.78873940948553e-15,4.913052094027947e-16,2.7755575615628914e-17,1.3621633737078944e-15,0.0,44,3434857959
22,1.3907007920255149e-14,4.9960373541035325e-15,0.0,1.4450236142377193e-15,0.0,45,1553669718
22,1.1768486002124217e-15,1.9426258989696788e-15,1.2412670766236366e-16,1.4074156982932484e-15,0.0,46,477927879
22,8.319900921543913e-15,2.1610006224494653e-15,5.551115123125783e-17,1.316635691048572e-15,0.0,47,454366482
22,2.4062116637053564e-15,6.502914121987214e-16,0.0,1.3203604756502392e-15,0.0,48,1394466317
22,1.7835754501548534e-14,7.880769387119478e-15,0.0,1.364617771842364e-15,0.0,49,1257083370
22,1.245973981008829e-15,3.199383572094012e-16,1.1102230246251565e-16,1.3783095795733154e-15,0.0,50,772825028
22,9.86424939079152e-16,5.686389615107983e-16,2.7755575615628914e-17,1.4254318964189533e-15,0.0,51,1079314389
22,3.1564236624170807e-15,1.4294481657873476e-15,0.0,1.3713227723436618e-15,0.0,52,1483420629
22,1.0982202250265886e-15,1.5551977761913298e-15,2.7755575615628914e-17,1.3668035872266427e-15,0.0,53,1230403635
22,1.4817326543589744e-15,9.591868735321133e-16,0.0,1.3600232051658168e-15,0.0,54,2928383507
22,2.7697582830756036e-15,1.3172628280612107e-15,0.0,1.3640531218660469e-15,0.0,55,2835309289
22,4.694694958447297e-15,1.170540036690181e-15,5.551115123125783e-17,1.3710242980056706e-15,0.0,56,1779601663
22,7.235749734740328e-15,2.0692210583668405e-15,0.0,1.3994563803303695e-15,0.0,57,1654119178
22,7.07843894211924e-15,2.0524238639274987e-15,2.7755575615628914e-17,1.423268462204687e-15,0.0,58,1349563678
22,2.171939487758673e-15,4.506674866471853e-16,0.0,1.3316892628506722e-15,0.0,59,2967256720
22,7.185253117634872e-15,8.587203833929376e-16,0.0,1.34414094529914e-15,0.0,60,3029956768
22,5.374817352428357e-15,1.259692449395422e-15,0.0,1.2422751967408397e-15,0.0,61,1984048599
22,2.138645822137488e-15,2.143812091031016e-15,0.0,1.2941548701325316e-15,0.0,62,974694101
22,7.469072557800512e-15,1.6346341657943543e-15,0.0,1.2977436787536779e-15,0.0,63,629257484
22,4.786159404284493e-15,2.3517183360360317e-15,4.3885418357208765e-17,1.3798457678382832e-15,0.0,64,1281616661
22,2.023957686217283e-15,5.645143705018968e-16,0.0,1.4092618488599333e-15,0.0,65,2868124844
22,1.860510233549183e-15,2.09192511235253e-15,0.0,1.33983555004461e-15,0.0,66,1822777725
22,3.1637299169428613e-15,2.2039202333067346e-15,0.0,1.4404181091226149e-15,0.0,67,672590453
22,1.3978350884096717e-15,9.764927369927022e-16,1.1443916996305594e-16,1.3629231201214135e-15,0.0,68,3640076469
22,1.6348883081977843e-15,7.853443168164767e-16,5.991705756259507e-17,1.345501448428801e-15,0.0,69,577320843
22,1.5523064471599647e-15,7.105369550924538e-16,2.7755575615628914e-17,1.3861124458429433e-15,0.0,70,2614136165
22,2.035025373061445e-15,8.919376010565185e-16,1.5700924586837752e-16,1.317805384286303e-15,0.0,71,166639470
22,5.879378262421847e-15,1.334937104368743e-15,0.0,1.2710114229825055e-15,0.0,72,2776719063
22,1.6307176003767422e-14,7.780519353844263e-15,2.42861286636753e-17,1.3879175517213238e-15,0.0,73,2447997227
22,3.2221531999554514e-15,5.561643083846312e-16,1.8865117801247777e-17,1.354364731999107e-15,0.0,74,2920979535
22,3.2163420676401476e-15,2.10883601975181e-15,1.1443916996305594e-16,1.3238565818820348e-15,0.0,75,2177221205
22,7.734104358806281e-15,1.284609377049343e-15,1.2412670766236366e-16,1.2929637813862887e-15,0.0,76,3072956041
22,2.138923802861432e-15,5.276731018055512e-16,1.1102230246251565e-16,1.3149203947904198e-15,0.0,77,1971730526
22,1.1462061182516589e-15,4.177721785885985e-16,0.0,1.339548031682921e-15,0.0,78,332092432
22,4.165570159565362e-15,1.0252915893249519e-15,4.5102810375396984e-17,1.348164766179136e-15,0.0,79,1503948229
22,1.0881150262453782e-15,4.413435803065174e-16,0.0,1.3850004420972894e-15,0.0,80,3338734764
22,3.935025569262083e-15,6.224420387134573e-16,1.1102230246251565e-16,1.3421334795710081e-15,0.0,81,1565925963
22,4.7064086260820554e-15,1.799460022995546e-15,1.5700924586837752e-16,1.3133403436250668e-15,0.0,82,3074100154
22,3.1822626031933067e-15,1.8386480400147765e-15,0.0,1.30066785273941e-15,0.0,83,2244826544
22,2.203320306503198e-15,1.1923661702845001e-15,1.5700924586837752e-16,1.2701777491411144e-15,0.0,84,3567332951
22,1.4181385588000071e-15,2.2493442704476687e-15,5.551115123125783e-17,1.345501448428801e-15,0.0,85,1889819155
22,1.0643993715026958e-15,6.912693044287403e-16,1.1102230246251565e-16,1.4087150935148696e-15,0.0,86,1149294382
22,2.118874022325855e-15,1.7121092630687968e-15,0.0,1.3054713354908506e-15,0.0,87,2098006505
22,3.116275791132504e-15,2.0678041093068984e-15,0.0,1.398010624982574e-15,0.0,88,2265335802
22,2.64029376676803e-15,9.12744036311241e-16,0.0,1.4049503905841223e-15,0.0,89,3564877774
22,4.3372240458806275e-15,1.6273730037834381e-15,0.0,1.3207979950113334e-15,0.0,90,2036343414
22,1.1312751415385659e-14,4.183328518415157e-15,5.551115123125783e-17,1.4244857982466485e-15,0.0,91,1462919269
22,2.0436630035828568e-15,1.6332395250899581e-15,0.0,1.3786588635756718e-15,0.0,92,1312708014
22,1.0636697739040168e-14,2.1615034346943475e-15,0.0,1.3760720625467005e-15,0.0,93,1409341866
22,1.0327065333412308e-15,5.200227377751857e-16,2.6020852139652106e-18,1.3799853365199569e-15,0.0,94,3758899072
22,1.1509251495834083e-15,3.2103896081634468e-15,0.0,1.3521410045578838e-15,0.0,95,310782332
22,3.4355753621921227e-15,5.931685842793847e-16,0.0,1.3520697848899533e-15,0.0,96,878682688
22,5.384190562876956e-15,1.6021664350282915e-15,0.0,1.4060190984194997e-15,0.0,97,782967871
22,7.55939741407131e-15,1.1662904878014979e-15,0.0,1.3699000466497265e-15,0.0,98,1930877361
22,1.3369919094450486e-14,1.6496280722912064e-15,1.2412670766236366e-16,1.3761420400220208e-15,0.0,99,2818573100
23,6.404226226243886e-15,1.9802685332290956e-15,0.0,1.47261982685355e-15,0.0,0,2107190941
23,3.684387626627476e-15,1.2671455359173732e-15,0.0,1.4780984165179532e-15,0.0,1,3523430653
23,8.401110078682449e-15,2.6743744948165844e-15,1.5700924586837752e-16,1.4762731200792745e-15,0.0,2,1624533161
23,2.538703494276195e-15,4.04162601607682e-15,1.1102230246251565e-16,1.5356761432353407e-15,0.0,3,630535944
23,1.3969900412109447e-15,1.0391298919714551e-15,1.6653345369377348e-16,1.5632082117998628e-15,0.0,4,2456771110
23,8.36508528912744e-15,1.5118699476584826e-15,0.0,1.476794863555567e-15,0.0,5,1260970070
23,1.7012904363004897e-15,1.4053654473808327e-15,1.2412670766236366e-16,1.5289518522495163e-15,0.0,6,3179877324
23,3.406445588917188e-15,4.12957684280943e-15,5.551115123125783e-17,1.56049537701437e-15,0.0,7,926947766
23,1.2112204286969457e-15,2.0915573781562152e-15,1.5700924586837752e-16,1.5391836877353979e-15,0.0,8,1415282026
23,2.266261467958421e-15,8.819650844039585e-16,1.1102230246251565e-16,1.5457388812496128e-15,0.0,9,93040466
23,1.7417539142295224e-15,1.2631993283970619e-15,4.163336342344337e-17,1.5098114723953889e-15,0.0,10,2104150452
23,4.652467650860219e-15,1.2637785363792005e-15,1.3010426069826053e-17,1.520742146854684e-15,0.0,11,3245276176
23,5.0546919957027454e-15,2.0886580646643206e-15,5.551115123125783e-17,1.4244857982466485e-15,0.0,12,1735812976
23,8.284544122074908e-16,2.601245061547864e-15,8.326672684688674e-17,1.4934588941764878e-15,0.0,13,555678090
23,3.8914982039127285e-15,3.940009893453657e-15,0.0,1.4539259633693285e-15,0.0,14,2368421098
23,5.830956308297905e-15,1.6557263400981278e-15,1.249000902703301e-16,1.4452901499983994e-15,0.0,15,510326312
23,1.390804982080281e-15,1.2425126560129493e-15,0.0,1.5152231144963516e-15,0.0,16,2685337673
23,3.725564775135607e-15,6.00417003902386e-16,1.1188630228279524e-16,1.4978460787432513e-15,0.0,17,1754083306
23,3.2939886417687263e-15,6.824012220701462e-16,6.938893903907228e-17,1.6072042152946123e-15,0.0,18,4249743227
23,1.4669554506631803e-15,2.545566397090882e-15,1.5700924586837752e-16,1.5792196912512335e-15,0.0,19,1137511438
23,4.101072200350296e-15,1.9331435501668376e-15,5.551115123125783e-17,1.5509009986279648e-15,0.0,20,3128015985
23,1.7783343193222378e-15,4.414832858388067e-15,1.0007415106216802e-16,1.537931911594907e-15,0.0,21,2781271209
23,8.79546440209915e-15,1.9952882276483848e-15,0.0,1.5650551757914755e-15,0.0,22,1988067552
23,7.79712777736754e-15,2.0370502314013102e-15,5.551115123125783e-17,1.4998447663984767e-15,0.0,23,1614917683
23,6.845522804459485e-15,1.5108161985081193e-15,0.0,1.5864442162664403e-15,0.0,24,359386286
23,1.511564923194641e-15,1.1365496870210082e-15,0.0,1.5021383168150947e-15,0.0,25,4143515567
23,1.5014801263373853e-15,7.700521488688194e-16,5.551115123125783e-17,1.5098114723953889e-15,0.0,26,1276938294
23,2.110973295974642e-15,4.974367377576717e-16,5.551115123125783e-17,1.5098473484879536e-15,0.0,27,208718885
23,1.6986766189044202e-15,1.1253588727886945e-15,1.1102230246251565e-16,1.497274391524597e-15,0.0,28,3360490082
23,1.314169215036408e-14,2.1166747993361724e-15,5.900610330794223e-17,1.5189680949170423e-15,0.0,29,2643004642
23,5.607490652529757e-15,1.8989905385862465e-15,2.0816681711721685e-17,1.4595448302421962e-15,0.0,30,3912289013
23,4.452643930971859e-15,1.1629967285695261e-15,1.5700924586837752e-16,1.6328825932253363e-15,0.0,31,69208258
23,4.711075942254655e-15,2.1092987578105793e-15,1.1102230246251565e-16,1.6590777789236517e-15,0.0,32,1850565760
23,2.115750972280602e-15,2.0309218665553284e-15,1.1102230246251565e-16,1.5781827373058491e-15,0.0,33,2065218456
23,4.500840945875877e-15,8.598663181159463e-16,0.0,1.5136334635053017e-15,0.0,34,344432029
23,5.720495829412237e-15,2.0430463467319818e-15,5.551115123125783e-17,1.5354252977349354e-15,0.0,35,372011627
23,3.9746761013277145e-15,1.0011862695242294e-15,1.3877787807814457e-17,1.3999379669858416e-15,0.0,36,2309966095
23,1.4108601823531013e-15,9.37957721155731e-16,1.5700924586837752e-16,1.5528246167461474e-15,0.0,37,1061758676
23,2.358444007027301e-15,1.3335789929079356e-15,5.647850449853784e-17,1.5261150290025599e-15,0.0,38,4158712958
23,4.526183050287259e-15,1.0060597171669477e-15,0.0,1.6002238762302194e-15,0.0,39,1589644344
23,3.1756600040817296e-15,2.0553048435368484e-15,0.0,1.5260519285899303e-15,0.0,40,1110748054
23,2.7415874795699356e-15,2.1735853276623436e-15,0.0,1.6045057509747442e-15,0.0,41,3352722744
23,1.5590177933159127e-14,2.216021977410671e-15,0.0,1.5752358999046824e-15,0.0,42,1039818991
23,5.3566918556809735e-15,2.3556295271883917e-15,0.0,1.5212486388410352e-15,0.0,43,648361071
23,1.8373607792106175e-15,1.0137584341605037e-15,1.5700924586837752e-16,1.522767104005807e-15,0.0,44,2638295142
23,7.982546158208787e-15,4.037351130863635e-15,0.0,1.4603363405120021e-15,0.0,45,2599460989
23,1.2006332458405289e-15,2.244163598804458e-15,5.551115123125783e-17,1.5134425931827541e-15,0.0,46,3739387875
23,4.9442100143440645e-15,2.3070741452399236e-15,1.1102230246251565e-16,1.5041883188836845e-15,0.0,47,3033134327
23,7.583677733976633e-15,1.5827033772445194e-15,1.6653345369377348e-16,1.5133789643923629e-15,0.0,48,1638753789
23,1.0191371008240876e-14,1.6487053924235373e-15,0.0,1.552219864799134e-15,0.0,49,1950119346
23,3.0122561885812175e-15,1.096521782696114e-15,1.1102230246251565e-16,1.4741842996201517e-15,0.0,50,4080282243
23,3.1868667161160878e-15,1.8619255536663015e-15,0.0,1.5326478255740574e-15,0.0,51,74928275
23,2.2165969531671558e-15,1.5896094599926379e-15,1.1102230246251565e-16,1.4823270467583722e-15,0.0,52,2605912734
23,4.939657531993524e-15,1.995077909253307e-15,1.1102230246251565e-16,1.5242840565028428e-15,0.0,53,2287392829
23,1.847698559697719e-15,1.1526989496838085e-15,1.1102230246251565e-16,1.4293447747153169e-15,0.0,54,1225172413
23,1.0784724356167607e-14,1.570208808594477e-15,1.3877787807814457e-17,1.535362579956271e-15,0.0,55,2969183943
23,1.6052321452467954e-15,1.0998095165545154e-15,0.0,1.6031097647355054e-15,0.0,56,939021662
23,1.1999855678440629e-15,7.727973440196651e-16,0.0,1.481482286301019e-15,0.0,57,2364936579
23,1.9245783412417117e-15,1.140262347805566e-15,5.551115123125783e-17,1.4436901973123828e-15,0.0,58,2871831091
23,3.143081350045778e-15,7.695931501120321e-16,0.0,1.515731450706072e-15,0.0,59,3277286119
23,2.7467469275545044e-15,1.6245812731063726e-15,0.0,1.4799214616854385e-15,0.0,60,1811036592
23,1.1917034174451336e-14,2.133380746099219e-15,0.0,1.5398717308690244e-15,0.0,61,1791394306
23,5.055651204779067e-15,9.900913388140942e-16,5.551115123125783e-17,1.565132085325304e-15,0.0,62,3907556040
23,1.3609089217215687e-15,1.2786661915045031e-15,1.2412670766236366e-16,1.5265891845782588e-15,0.0,63,1619418572
23,1.4873529819971162e-15,8.17715315410212e-16,0.0,1.4965428862949421e-15,0.0,64,2826597554
23,2.341110114672602e-15,7.661096052206149e-16,1.1102230246251565e-16,1.64045783587762e-15,0.0,65,2807329455
23,5.263198951313303e-15,1.7326033116390622e-15,0.0,1.5055481061055297e-15,0.0,66,137019489
23,4.290208229491508e-15,1.9048139089923745e-15,6.938893903907228e-17,1.561621158870399e-15,0.0,67,110107618
23,1.4935012877090873e-15,3.5152232162080956e-16,1.2412670766236366e-16,1.4663247218518516e-15,0.0,68,355732067
23,1.857459714307739e-15,7.470455691727179e-16,1.1102230246251565e-16,1.428773058893115e-15,0.0,69,3389237584
23,1.4234703917075994e-15,1.2917395163728862e-15,1.1102230246251565e-16,1.4967437026128531e-15,0.0,70,2020818507
23,1.530590562777217e-14,2.9363544308213613e-15,1.1102230246251565e-16,1.4655364458042814e-15,0.0,71,526289048
23,3.521769070569604e-15,4.202324112394009e-15,1.2412670766236366e-16,1.5065551564613747e-15,0.0,72,1992775989
23,3.18394872209104e-15,4.0103060191574755e-15,0.0,1.4739229889206566e-15,0.0,73,2504816790
23,2.193811309487839e-15,1.7329725264821576e-15,1.3597399555105182e-16,1.647194616811486e-15,0.0,74,2497439453
23,1.4155780221334193e-15,6.423858691995046e-16,7.850462293418876e-17,1.4800231279648893e-15,0.0,75,3129076394
23,7.063867177703382e-15,2.269924723808817e-15,0.0,1.5862013993650003e-15,0.0,76,2664041711
23,2.356056316263762e-15,6.127120928992999e-16,0.0,1.487709209519727e-15,0.0,77,1853989263
23,9.887502996084998e-15,3.949274552263859e-15,0.0,1.508024561581292e-15,0.0,78,2558642324
23,7.474546505528658e-15,1.4890213095732224e-15,1.1443916996305594e-16,1.5423711185402538e-15,0.0,79,1645823164
23,4.084009325723579e-15,1.591067505111854e-15,1.1102230246251565e-16,1.4568372588298029e-15,0.0,80,3741451032
23,5.872469930198443e-15,2.070723343157738e-15,1.1102230246251565e-16,1.5240945200103061e-15,0.0,81,2834340543
23,1.6644551842026317e-15,1.9427681092572217e-15,5.594315114139762e-17,1.5441182827592574e-15,0.0,82,722272842
23,1.7785272030871202e-15,5.244149623947668e-16,0.0,1.388056308787576e-15,0.0,83,3934218705
23,1.340075079275462e-15,1.1666522499443576e-15,4.85722573273506e-17,1.4775771333359793e-15,0.0,84,561950906
23,8.18889182189566e-15,2.040941961646617e-15,0.0,1.552142315457572e-15,0.0,85,1616731475
23,2.113639263735786e-15,1.3699322204380611e-15,2.7755575615628914e-17,1.4857660994438692e-15,0.0,86,223060688
23,3.318732122359451e-15,1.3305346392329926e-15,5.551115123125783e-17,1.5079766687805945e-15,0.0,87,3774923782
23,5.162631283616602e-15,9.861013052372432e-16,1.2719202621569003e-16,1.494475097658976e-15,0.0,88,2264719846
23,1.3073021875004579e-15,1.2654741190509235e-15,1.1102230246251565e-16,1.4456898615017774e-15,0.0,89,1964744061
23,4.366438454104553e-15,1.1095006691849208e-15,0.0,1.4996360878763138e-15,0.0,90,406802088
23,1.905665455340945e-15,8.972762865087909e-16,0.0,1.5772061578687688e-15,0.0,91,2813069546
23,2.488763820726412e-15,2.2230116023991575e-15,0.0,1.436401319068611e-15,0.0,92,2561727980
23,1.4979953237888718e-15,4.45471451941838e-15,1.0385185452638061e-16,1.51566791800351e-15,0.0,93,49566982
23,4.355999082436511e-15,2.5442130577950216e-15,1.3877787807814457e-16,1.433918689684953e-15,0.0,94,4012875307
23,3.3027155100549526e-15,4.340091000021271e-15,2.7755575615628914e-17,1.4713891391247598e-15,0.0,95,3974134778
23,1.895338233657315e-15,2.415082473977604e-15,7.850462293418876e-17,1.475004677531293e-15,0.0,96,911805939
23,1.0209110722218653e-15,1.3124626551834267e-15,1.8683543625880677e-17,1.5006631480688778e-15,0.0,97,334357403
23,2.3909503551247598e-15,8.492410563593751e-16,1.5700924586837752e-16,1.4856729282810346e-15,0.0,98,863565220
23,1.75095217156866e-14,4.22015155745308e-15,0.0,1.5286999033556167e-15,0.0,99,1298788514
24,8.9353583896108e-15,1.28044686014565e-15,0.0,1.300021032027539e-15,-1.7763568394002505e-15,0,405721548
24,1.3200067081785221e-14,2.0065074854847787e-15,0.0,1.2360583420220885e-15,1.7763568394002505e-15,1,471628857
24,9.785562673394585e-16,9.760190053183066e-16,0.0,1.2548467326853124e-15,-4.440892098500626e-16,2,2032285153
24,8.916681161125257e-16,6.170935895421101e-16,0.0,1.2486924693357873e-15,-2.220446049250313e-16,3,585858529
24,4.637512549981077e-15,2.0506397998731277e-15,0.0,1.3722178058265387e-15,0.0,4,1696464444
24,1.3768416191633503e-15,1.184057743557653e-15,0.0,1.3506446028928519e-15,0.0,5,453560340
24,5.521773878532133e-15,7.787961785577471e-16,0.0,1.2965151967721702e-15,1.7763568394002505e-15,6,3195920727
24,4.305448074443902e-15,9.255558542105616e-16,0.0,1.2767753338696539e-15,8.881784197001252e-16,7,1841033972
24,2.6735640152888423e-15,1.272374438304979e-15,0.0,1.2759265582276006e-15,4.440892098500626e-16,8,2407555191
24,5.484869743513184e-15,9.132227626205354e-16,0.0,1.3081241361537746e-15,1.7763568394002505e-15,9,1151521875
24,6.55623040364008e-15,1.5435725063792952e-15,0.0,1.330753686165325e-15,4.440892098500626e-15,10,1330994620
24,4.986612822268792e-15,7.761642136844029e-16,0.0,1.280672456422863e-15,0.0,11,2157080123
24,1.8835997832740813e-15,3.340953117590738e-15,0.0,1.2676402037493299e-15,0.0,12,494504194
24,1.1868196585369479e-15,1.2971566629847895e-15,0.0,1.297740128018479e-15,-6.661338147750939e-16,13,2866466067
24,1.951297901411664e-15,1.0596533894752416e-15,0.0,1.375792117052491e-15,-8.881784197001252e-16,14,2707914322
24,5.569420966789771e-15,1.788027882244237e-15,0.0,1.31696934227038e-15,2.6645352591003757e-15,15,404415647
24,1.2654115156786575e-15,1.253867920417422e-15,0.0,1.3025174424976872e-15,-8.881784197001252e-16,16,1012614108
24,2.1889213471240062e-15,1.2108916610954972e-15,0.0,1.2450653730165124e-15,8.881784197001252e-16,17,3134485553
24,1.1814134536392458e-14,4.143286703517418e-15,0.0,1.2483839597648438e-15,-3.552713678800501e-15,18,4076347758
24,8.077182483150769e-16,2.0477145003441984e-15,0.0,1.3198430130530775e-15,0.0,19,1303419940
24,2.4034229095605786e-15,5.750497121565129e-16,0.0,1.280973189656179e-15,0.0,20,2550231198
24,5.915161846615921e-15,1.3161750677364675e-15,0.0,1.3361380303224862e-15,1.7763568394002505e-15,21,1671183923
24,5.701795141289653e-15,1.869964319252663e-15,0.0,1.246009741703154e-15,0.0,22,274773753
24,2.3624367180639357e-15,5.490064082473012e-16,0.0,1.244463103724006e-15,8.881784197001252e-16,23,2829773240
24,1.2728473661312077e-15,3.477763656540197e-16,0.0,1.2854757455060163e-15,8.881784197001252e-16,24,1006912229
24,3.4243867624318158e-15,1.075601299113926e-15,0.0,1.3089336417583914e-15,-8.881784197001252e-16,25,4076007516
24,4.259712310830902e-15,2.1415145502390705e-15,0.0,1.3839571271152536e-15,8.881784197001252e-16,26,2696397984
24,9.653855736511954e-15,4.3919471201574105e-15,0.0,1.309687503460227e-15,-2.6645352591003757e-15,27,1537966167
24,3.007328145396945e-15,4.159408231789607e-15,0.0,1.313120359757586e-15,0.0,28,2005370308
24,3.733640787551643e-15,6.954142715213968e-16,0.0,1.3142199108697421e-15,-4.440892098500626e-16,29,4017911464
24,2.6795010394424726e-15,6.841059687549132e-16,0.0,1.265392490796254e-15,0.0,30,3085200409
24,1.816533941594237e-14,2.529605155004747e-15,0.0,1.3221825178545865e-15,2.6645352591003757e-15,31,3617474685
24,1.3389728097426318e-15,5.67464084063076e-16,0.0,1.3007418868262015e-15,0.0,32,1105721405
24,1.2113289711635007e-15,7.093979803103366e-16,0.0,1.2981157274695366e-15,1.3322676295501878e-15,33,2914173581
24,3.621770383948462e-15,2.490434659432898e-15,0.0,1.3175130583323323e-15,8.881784197001252e-16,34,125323708
24,1.3251289095009067e-15,1.1176574439109513e-15,0.0,1.2701019334757148e-15,0.0,35,1184160090
24,4.984518345475426e-15,1.047589151604987e-15,0.0,1.2920511119127045e-15,8.881784197001252e-16,36,3162731370
24,1.9648345278350604e-15,2.256837240681411e-15,0.0,1.273131038501653e-15,1.7763568394002505e-15,37,3550275951
24,9.176864921569293e-15,4.019094899632472e-15,0.0,1.4362001846674193e-15,-1.7763568394002505e-15,38,1918031372
24,5.268197258368741e-15,2.0378268558286223e-15,0.0,1.1667250253135476e-15,1.3322676295501878e-15,39,3424876952
24,4.869961731103885e-15,2.2120166402426116e-15,0.0,1.338401837392911e-15,3.552713678800501e-15,40,2612435160
24,2.6798507737606516e-15,3.9389684405939275e-15,0.0,1.2530036275543957e-15,-1.7763568394002505e-15,41,878204178
24,3.0110642314964574e-15,1.1169895103458498e-15,0.0,1.3035523550088976e-15,-1.7763568394002505e-15,42,1391152309
24,1.939914202054477e-15,1.329445715313027e-15,0.0,1.300043022272406e-15,8.881784197001252e-16,43,3017665654
24,1.972697150002719e-15,9.028298293218318e-16,0.0,1.3889202642106635e-15,4.440892098500626e-16,44,1988804148
24,3.53620221299151e-15,2.592743148752563e-15,0.0,1.2220385083703438e-15,4.440892098500626e-16,45,4238090916
24,3.3238949848015296e-15,1.2894772652073863e-15,0.0,1.3986304174134479e-15,1.7763568394002505e-15,46,861323784
24,2.444431590515474e-15,1.2405104488935234e-15,0.0,1.3439260031141409e-15,0.0,47,973652645
24,1.8328041078668935e-15,2.003454665595765e-15,0.0,1.3847396870461038e-15,-4.440892098500626e-16,48,632804597
24,7.910317746803918e-15,1.3748468801720622e-15,0.0,1.2540023124349405e-15,2.220446049250313e-15,49,3778559249
24,2.1448507171182623e-15,8.475398049695538e-16,0.0,1.2743406644643015e-15,-8.881784197001252e-16,50,932713418
24,4.062234969754792e-15,1.716587549445839e-15,0.0,1.2879921706758355e-15,1.1102230246251565e-15,51,822963287
24,1.7615946073149408e-15,1.8143449531980608e-15,0.0,1.2905596522075536e-15,0.0,52,442553326
24,3.1871907824896204e-15,1.091680104053757e-15,0.0,1.3519273342985143e-15,4.440892098500626e-16,53,3427125834
24,3.106176305749037e-15,1.1674057464725011e-15,0.0,1.3039213760442198e-15,0.0,54,4052630050
24,1.4688877948159188e-15,8.631046880239864e-16,0.0,1.3146777857489322e-15,0.0,55,634965060
24,3.718329492974831e-15,4.440054812204534e-15,0.0,1.3802644315448593e-15,0.0,56,2250450570
24,1.274718437177211e-15,5.523317050980111e-16,0.0,1.2655446818474744e-15,4.440892098500626e-16,57,1359124527
24,2.8568936842928788e-15,8.239790427617977e-16,0.0,1.2902611533826501e-15,-8.881784197001252e-16,58,4028764656
24,4.550635738763391e-15,9.820879229236624e-16,0.0,1.3491688462720812e-15,-8.881784197001252e-16,59,455528606
24,3.414776614963342e-15,1.1817987495691329e-15,0.0,1.3509342146690554e-15,0.0,60,2576381143
24,2.939473445969711e-15,7.195820332739421e-16,0.0,1.317732308877464e-15,1.3322676295501878e-15,61,2152096423
24,1.563453983808393e-14,4.419386375578909e-15,0.0,1.3098896852233734e-15,-1.7763568394002505e-15,62,2497093979
24,9.55214546437195e-15,3.446371685072429e-15,0.0,1.2991796257577816e-15,-8.881784197001252e-16,63,1673477746
24,3.9040575220064e-15,2.315241783856661e-15,0.0,1.3515001707633037e-15,0.0,64,2039292277
24,1.0261056965875285e-14,2.5601791694592547e-15,0.0,1.2969793219926143e-15,-1.7763568394002505e-15,65,4077114601
24,1.1173972127611363e-14,3.152536221137011e-15,0.0,1.367085373352145e-15,1.7763568394002505e-15,66,3907640205
24,8.566193802101712e-15,2.185251929144854e-15,0.0,1.32792373918119e-15,1.7763568394002505e-15,67,1967068557
24,5.060199975951264e-15,1.6278362630485722e-15,0.0,1.29569793259168e-15,-1.5543122344752192e-15,68,4176991206
24,1.9446466502000618e-14,3.1097471898863096e-15,0.0,1.3602046309793797e-15,-5.329070518200751e-15,69,4212242995
24,3.3413494111829737e-15,1.8976067076770187e-15,0.0,1.2968865102364868e-15,8.881784197001252e-16,70,1626964125
24,7.076413198354291e-15,1.8347700395534748e-15,0.0,1.3036444036530462e-15,2.6645352591003757e-15,71,2159626077
24,1.3361830737947465e-15,1.994465075847619e-15,0.0,1.2763227237698676e-15,-4.440892098500626e-16,72,1860274179
24,1.5600054854999273e-15,8.146720230642096e-16,0.0,1.2701777491411144e-15,4.440892098500626e-16,73,2201474969
24,5.68729032072871e-15,6.944442800358888e-16,0.0,1.3124280867250886e-15,-2.220446049250313e-16,74,3999120942
24,5.942541822489409e-15,2.7399604480322006e-15,0.0,1.3019258596614503e-15,1.3322676295501878e-15,75,3992470495
24,7.232689623860246e-15,4.0038999940263234e-15,0.0,1.337407674421317e-15,-2.6645352591003757e-15,76,1227501437
24,2.2265958014066276e-15,1.5731713596382969e-15,0.0,1.3042167484290357e-15,0.0,77,421880773
24,9.869614964183189e-15,2.336749147496729e-15,0.0,1.2962180694171118e-15,-1.7763568394002505e-15,78,3991804470
24,2.021258869162951e-15,1.268983126267161e-15,0.0,1.3307669713787883e-15,8.881784197001252e-16,79,2528254486
24,2.2485469368166465e-15,7.651998767265514e-16,0.0,1.2494296912932822e-15,4.440892098500626e-16,80,4020152668
24,1.8372908313161176e-15,1.1794895062390848e-15,0.0,1.2479511948269337e-15,0.0,81,12490072
24,8.308484482965426e-15,9.786546690961896e-16,0.0,1.294433873018199e-15,1.1102230246251565e-15,82,424918643
24,2.7815359190723427e-15,2.0978538233556412e-15,0.0,1.3159772817161405e-15,-8.881784197001252e-16,83,667760491
24,6.0363334590199604e-15,1.3515711421346984e-15,0.0,1.2841453837603284e-15,1.3322676295501878e-15,84,293778093
24,1.169816020570906e-15,7.596425209182445e-16,0.0,1.279468816630226e-15,-4.440892098500626e-16,85,2907312854
24,2.858993229484709e-15,9.410327244199594e-16,0.0,1.3429404112516748e-15,-8.881784197001252e-16,86,226761618
24,8.202600334587571e-15,9.196191772806036e-15,0.0,1.3340012251170559e-15,0.0,87,1803602560
24,2.654260704003493e-15,9.020628794966343e-16,0.0,1.31519156040796e-15,8.881784197001252e-16,88,579512706
24,1.167896650691496e-14,3.998224145467256e-15,0.0,1.2977030258777233e-15,1.7763568394002505e-15,89,2360522957
24,2.8396952063960054e-15,1.4655169388087677e-15,0.0,1.3000939456219492e-15,4.440892098500626e-16,90,3567901471
24,2.71275256257408e-15,5.891525475012305e-16,0.0,1.3456546425820861e-15,0.0,91,2696822227
24,6.289379138021539e-15,4.007522115939966e-15,0.0,1.2805905061216435e-15,1.3322676295501878e-15,92,2643627846
24,8.476892005891759e-15,1.272941930611998e-15,0.0,1.315684549584454e-15,-4.440892098500626e-16,93,2571167778
24,2.3552639036593558e-15,1.4648792250681481e-15,0.0,1.2932430412362077e-15,0.0,94,1104671298
24,1.4642052676599895e-15,5.482275119727034e-16,0.0,1.3713052168280032e-15,4.440892098500626e-16,95,2360244850
24,3.4511951888379572e-15,6.684157657561508e-16,0.0,1.3277061715973293e-15,-1.7763568394002505e-15,96,3969513129
24,1.4526007183912088e-15,6.28572359826113e-16,0.0,1.3725686400321094e-15,0.0,97,928783327
24,1.366239840621005e-15,1.1552841592104113e-15,0.0,1.270673104981962e-15,0.0,98,3512685417
24,1.5601597986347298e-15,2.5506264045608215e-15,0.0,1.269742932234987e-15,-8.881784197001252e-16,99,3144061413
